{"type": "FeatureCollection", "features": [{"type": "Feature", "id": 141024, "geometry": {"type": "Point", "coordinates": [-0.216095309423784, 51.4625361227502]}, "properties": {"OBJECTID": 141024, "LOCATION": "Werter Road", "BOROUGH": null, "NB_SPACES": "2", "DAYS_OP": "Mon - Sun", "TIMES_OP": null, "STATION_NEARBY": null, "STATION_NAME": null, "RANK_TYPE": null, "ATCOCODE": null, "RANK_REFERENCE": "TR5032", "LOCATION_DETAILS": null, "AREA_CODE": "WAN", "TAXI_STATUS": "A", "START_DATE": null, "RANK_NAME": "Werter Road (Sainsbury's), Putney, Sw15", "FEATURE_TYPE_CODE": "TTTA", "FEATURE_TYPE_NAME": "TfL Apt - Taxi Rank", "ACCESSIBLE": null, "NIGHT_TUBE": null, "HIGHWAY_AUTHORITY": "WAN", "SECTOR_CODE": "All London", "RANK_LENGTH": null, "TAXI_SHELTER_PRESENT": null, "TAXI_STOP_PRESENT": null, "DATASET_LAST_UPDATED": 1788150607000, "_matched": false}}, {"type": "Feature", "id": 141025, "geometry": {"type": "Point", "coordinates": [-0.12432170355392, 51.5060396542822]}, "properties": {"OBJECTID": 141025, "LOCATION": "Whitehall Court", "BOROUGH": null, "NB_SPACES": "3", "DAYS_OP": "Mon - Sun", "TIMES_OP": null, "STATION_NEARBY": null, "STATION_NAME": null, "RANK_TYPE": null, "ATCOCODE": null, "RANK_REFERENCE": "TR5681", "LOCATION_DETAILS": null, "AREA_CODE": "WES", "TAXI_STATUS": "A", "START_DATE": null, "RANK_NAME": "Whitehall Cout (Royal Horseguards Hotel), Sw1", "FEATURE_TYPE_CODE": "TTTA", "FEATURE_TYPE_NAME": "TfL Apt - Taxi Rank", "ACCESSIBLE": null, "NIGHT_TUBE": null, "HIGHWAY_AUTHORITY": "WES", "SECTOR_CODE": "All London", "RANK_LENGTH": null, "TAXI_SHELTER_PRESENT": null, "TAXI_STOP_PRESENT": null, "DATASET_LAST_UPDATED": 1788150607000, "_matched": false}}, {"type": "Feature", "id": 141026, "geometry": {"type": "Point", "coordinates": [0.0645726407511642, 51.4909239450179]}, "properties": {"OBJECTID": 141026, "LOCATION": "Calderwood Street", "BOROUGH": null, "NB_SPACES": "6", "DAYS_OP": "Mon - Sun", "TIMES_OP": null, "STATION_NEARBY": null, "STATION_NAME": null, "RANK_TYPE": null, "ATCOCODE": null, "RANK_REFERENCE": "TR5244", "LOCATION_DETAILS": null, "AREA_CODE": "GRE", "TAXI_STATUS": "A", "START_DATE": null, "RANK_NAME": "Calderwood Street (Sainsbury's), Woolwich, Se18", "FEATURE_TYPE_CODE": "TTTA", "FEATURE_TYPE_NAME": "TfL Apt - Taxi Rank", "ACCESSIBLE": null, "NIGHT_TUBE": null, "HIGHWAY_AUTHORITY": "GRE", "SECTOR_CODE": "Sector 3", "RANK_LENGTH": null, "TAXI_SHELTER_PRESENT": null, "TAXI_STOP_PRESENT": null, "DATASET_LAST_UPDATED": 1788150607000, "_matched": false}}, {"type": "Feature", "id": 141027, "geometry": {"type": "Point", "coordinates": [-0.0754604317861372, 51.528547790737]}, "properties": {"OBJECTID": 141027, "LOCATION": "Columbia Road", "BOROUGH": null, "NB_SPACES": "2", "DAYS_OP": "Sundays", "TIMES_OP": null, "STATION_NEARBY": null, "STATION_NAME": null, "RANK_TYPE": null, "ATCOCODE": null, "RANK_REFERENCE": "TR5849", "LOCATION_DETAILS": null, "AREA_CODE": "TH", "TAXI_STATUS": "A", "START_DATE": null, "RANK_NAME": "Columbia Road (Flower Market) E2", "FEATURE_TYPE_CODE": "TTTA", "FEATURE_TYPE_NAME": "TfL Apt - Taxi Rank", "ACCESSIBLE": null, "NIGHT_TUBE": null, "HIGHWAY_AUTHORITY": "TH", "SECTOR_CODE": "All London", "RANK_LENGTH": null, "TAXI_SHELTER_PRESENT": null, "TAXI_STOP_PRESENT": null, "DATASET_LAST_UPDATED": 1788150607000, "_matched": false}}, {"type": "Feature", "id": 141028, "geometry": {"type": "Point", "coordinates": [-0.150228111799017, 51.5050302970166]}, "properties": {"OBJECTID": 141028, "LOCATION": "Old Park Lane", "BOROUGH": null, "NB_SPACES": "1", "DAYS_OP": "Mon - Sun", "TIMES_OP": null, "STATION_NEARBY": null, "STATION_NAME": null, "RANK_TYPE": null, "ATCOCODE": null, "RANK_REFERENCE": "TR5664", "LOCATION_DETAILS": null, "AREA_CODE": "WES", "TAXI_STATUS": "A", "START_DATE": null, "RANK_NAME": "Old Park Lane,(metropolitan Hotel) London, W1", "FEATURE_TYPE_CODE": "TTTA", "FEATURE_TYPE_NAME": "TfL Apt - Taxi Rank", "ACCESSIBLE": null, "NIGHT_TUBE": null, "HIGHWAY_AUTHORITY": "WES", "SECTOR_CODE": "All London", "RANK_LENGTH": null, "TAXI_SHELTER_PRESENT": null, "TAXI_STOP_PRESENT": null, "DATASET_LAST_UPDATED": 1788150607000, "_matched": false}}, {"type": "Feature", "id": 141029, "geometry": {"type": "Point", "coordinates": [-0.127967388428692, 51.5232646220454]}, "properties": {"OBJECTID": 141029, "LOCATION": "Bedford Way", "BOROUGH": null, "NB_SPACES": "2", "DAYS_OP": "Mon - Sun", "TIMES_OP": null, "STATION_NEARBY": null, "STATION_NAME": null, "RANK_TYPE": null, "ATCOCODE": null, "RANK_REFERENCE": "TR4616", "LOCATION_DETAILS": null, "AREA_CODE": "CDN", "TAXI_STATUS": "A", "START_DATE": null, "RANK_NAME": "Bedford Way (Royal National Hotel), Wc1", "FEATURE_TYPE_CODE": "TTTA", "FEATURE_TYPE_NAME": "TfL Apt - Taxi Rank", "ACCESSIBLE": null, "NIGHT_TUBE": null, "HIGHWAY_AUTHORITY": "CDN", "SECTOR_CODE": "All London", "RANK_LENGTH": null, "TAXI_SHELTER_PRESENT": null, "TAXI_STOP_PRESENT": null, "DATASET_LAST_UPDATED": 1788150607000, "_matched": false}}, {"type": "Feature", "id": 141031, "geometry": {"type": "Point", "coordinates": [-0.114663347022458, 51.3380187643449]}, "properties": {"OBJECTID": 141031, "LOCATION": "Whytecliffe Road South", "BOROUGH": null, "NB_SPACES": "6", "DAYS_OP": "Mon - Sun", "TIMES_OP": null, "STATION_NEARBY": null, "STATION_NAME": "Purley Station", "RANK_TYPE": null, "ATCOCODE": null, "RANK_REFERENCE": "TR5704", "LOCATION_DETAILS": null, "AREA_CODE": "CRO", "TAXI_STATUS": "A", "START_DATE": null, "RANK_NAME": "Whytecliffe Road South (Purley Station), Cr8", "FEATURE_TYPE_CODE": "TTTA", "FEATURE_TYPE_NAME": "TfL Apt - Taxi Rank", "ACCESSIBLE": null, "NIGHT_TUBE": null, "HIGHWAY_AUTHORITY": "CRO", "SECTOR_CODE": "Sector 5", "RANK_LENGTH": null, "TAXI_SHELTER_PRESENT": null, "TAXI_STOP_PRESENT": null, "DATASET_LAST_UPDATED": 1788150607000, "_matched": false}}, {"type": "Feature", "id": 141032, "geometry": {"type": "Point", "coordinates": [-0.120325485954848, 51.5159573859167]}, "properties": {"OBJECTID": 141032, "LOCATION": "Great Queen Street", "BOROUGH": null, "NB_SPACES": "3", "DAYS_OP": "Mon - Sun", "TIMES_OP": null, "STATION_NEARBY": null, "STATION_NAME": null, "RANK_TYPE": null, "ATCOCODE": null, "RANK_REFERENCE": "TR5365", "LOCATION_DETAILS": null, "AREA_CODE": "CDN", "TAXI_STATUS": "A", "START_DATE": null, "RANK_NAME": "Great Queen Street (Kingsway Hall Hotel), Wc2", "FEATURE_TYPE_CODE": "TTTA", "FEATURE_TYPE_NAME": "TfL Apt - Taxi Rank", "ACCESSIBLE": null, "NIGHT_TUBE": null, "HIGHWAY_AUTHORITY": "CDN", "SECTOR_CODE": "All London", "RANK_LENGTH": null, "TAXI_SHELTER_PRESENT": null, "TAXI_STOP_PRESENT": null, "DATASET_LAST_UPDATED": 1788150607000, "_matched": false}}, {"type": "Feature", "id": 141033, "geometry": {"type": "Point", "coordinates": [-0.161739710479527, 51.4993391928764]}, "properties": {"OBJECTID": 141033, "LOCATION": "Hans Crescent", "BOROUGH": null, "NB_SPACES": "8", "DAYS_OP": "Mon - Sun", "TIMES_OP": null, "STATION_NEARBY": null, "STATION_NAME": "Knightsbridge Station", "RANK_TYPE": null, "ATCOCODE": null, "RANK_REFERENCE": "TR5658", "LOCATION_DETAILS": null, "AREA_CODE": "K&C", "TAXI_STATUS": "A", "START_DATE": null, "RANK_NAME": "Hans Crescent/basil Street (Harrods) Sw1", "FEATURE_TYPE_CODE": "TTTA", "FEATURE_TYPE_NAME": "TfL Apt - Taxi Rank", "ACCESSIBLE": null, "NIGHT_TUBE": null, "HIGHWAY_AUTHORITY": "K&C", "SECTOR_CODE": "All London", "RANK_LENGTH": null, "TAXI_SHELTER_PRESENT": null, "TAXI_STOP_PRESENT": null, "DATASET_LAST_UPDATED": 1788150607000, "_matched": false}}, {"type": "Feature", "id": 141034, "geometry": {"type": "Point", "coordinates": [-0.0950732606706174, 51.5708809393333]}, "properties": {"OBJECTID": 141034, "LOCATION": "Woodberry Down", "BOROUGH": null, "NB_SPACES": "5", "DAYS_OP": "Mon - Sun", "TIMES_OP": null, "STATION_NEARBY": null, "STATION_NAME": "Manor House Station", "RANK_TYPE": null, "ATCOCODE": null, "RANK_REFERENCE": "TR5608", "LOCATION_DETAILS": null, "AREA_CODE": "HAC", "TAXI_STATUS": "A", "START_DATE": null, "RANK_NAME": "Woodberry Down (Seven Sisters Road) N4.", "FEATURE_TYPE_CODE": "TTTA", "FEATURE_TYPE_NAME": "TfL Apt - Taxi Rank", "ACCESSIBLE": null, "NIGHT_TUBE": null, "HIGHWAY_AUTHORITY": "HAC", "SECTOR_CODE": "All London", "RANK_LENGTH": null, "TAXI_SHELTER_PRESENT": null, "TAXI_STOP_PRESENT": null, "DATASET_LAST_UPDATED": 1788150607000, "_matched": true}}, {"type": "Feature", "id": 141035, "geometry": {"type": "Point", "coordinates": [-0.324923780345703, 51.4960552854263]}, "properties": {"OBJECTID": 141035, "LOCATION": "Boston Road", "BOROUGH": null, "NB_SPACES": "2", "DAYS_OP": "Fri - Sat", "TIMES_OP": null, "STATION_NEARBY": null, "STATION_NAME": "Boston Manor Station", "RANK_TYPE": null, "ATCOCODE": null, "RANK_REFERENCE": "TR5989", "LOCATION_DETAILS": null, "AREA_CODE": "EAL", "TAXI_STATUS": "A", "START_DATE": null, "RANK_NAME": "Boston Road (Boston Manor Station), W7", "FEATURE_TYPE_CODE": "TTTA", "FEATURE_TYPE_NAME": "TfL Apt - Taxi Rank", "ACCESSIBLE": null, "NIGHT_TUBE": null, "HIGHWAY_AUTHORITY": "EAL", "SECTOR_CODE": "Sector 7", "RANK_LENGTH": null, "TAXI_SHELTER_PRESENT": null, "TAXI_STOP_PRESENT": null, "DATASET_LAST_UPDATED": 1788150607000, "_matched": false}}, {"type": "Feature", "id": 141036, "geometry": {"type": "Point", "coordinates": [-0.123963320588254, 51.5224812488827]}, "properties": {"OBJECTID": 141036, "LOCATION": "Guilford Street", "BOROUGH": null, "NB_SPACES": "3", "DAYS_OP": "Mon - Sun", "TIMES_OP": null, "STATION_NEARBY": null, "STATION_NAME": null, "RANK_TYPE": null, "ATCOCODE": null, "RANK_REFERENCE": "TR4878", "LOCATION_DETAILS": null, "AREA_CODE": "CDN", "TAXI_STATUS": "A", "START_DATE": null, "RANK_NAME": "Guilford Street (President Hotel), Wc1", "FEATURE_TYPE_CODE": "TTTA", "FEATURE_TYPE_NAME": "TfL Apt - Taxi Rank", "ACCESSIBLE": null, "NIGHT_TUBE": null, "HIGHWAY_AUTHORITY": "CDN", "SECTOR_CODE": "All London", "RANK_LENGTH": null, "TAXI_SHELTER_PRESENT": null, "TAXI_STOP_PRESENT": null, "DATASET_LAST_UPDATED": 1788150607000, "_matched": true}}, {"type": "Feature", "id": 141037, "geometry": {"type": "Point", "coordinates": [-0.136363050264799, 51.5167618471714]}, "properties": {"OBJECTID": 141037, "LOCATION": "Berners Street", "BOROUGH": null, "NB_SPACES": "3", "DAYS_OP": "Mon - Sun", "TIMES_OP": null, "STATION_NEARBY": null, "STATION_NAME": null, "RANK_TYPE": null, "ATCOCODE": null, "RANK_REFERENCE": "TR5816", "LOCATION_DETAILS": null, "AREA_CODE": "WES", "TAXI_STATUS": "A", "START_DATE": null, "RANK_NAME": "Berners Street (The London Edition Hotel), W1.", "FEATURE_TYPE_CODE": "TTTA", "FEATURE_TYPE_NAME": "TfL Apt - Taxi Rank", "ACCESSIBLE": null, "NIGHT_TUBE": null, "HIGHWAY_AUTHORITY": "WES", "SECTOR_CODE": "All London", "RANK_LENGTH": null, "TAXI_SHELTER_PRESENT": null, "TAXI_STOP_PRESENT": null, "DATASET_LAST_UPDATED": 1788150607000, "_matched": false}}, {"type": "Feature", "id": 141038, "geometry": {"type": "Point", "coordinates": [-0.163322412650707, 51.4997506679166]}, "properties": {"OBJECTID": 141038, "LOCATION": "Brompton Road", "BOROUGH": null, "NB_SPACES": "7", "DAYS_OP": "Sun - Mon", "TIMES_OP": null, "STATION_NEARBY": null, "STATION_NAME": "No", "RANK_TYPE": null, "ATCOCODE": null, "RANK_REFERENCE": "TR6192", "LOCATION_DETAILS": null, "AREA_CODE": "K&C", "TAXI_STATUS": "A", "START_DATE": null, "RANK_NAME": "Harrods", "FEATURE_TYPE_CODE": "TTTA", "FEATURE_TYPE_NAME": "TfL Apt - Taxi Rank", "ACCESSIBLE": null, "NIGHT_TUBE": null, "HIGHWAY_AUTHORITY": "TFL", "SECTOR_CODE": "All London", "RANK_LENGTH": null, "TAXI_SHELTER_PRESENT": null, "TAXI_STOP_PRESENT": null, "DATASET_LAST_UPDATED": 1788150607000, "_matched": false}}, {"type": "Feature", "id": 141039, "geometry": {"type": "Point", "coordinates": [-0.017946057016699, 51.5027613297136]}, "properties": {"OBJECTID": 141039, "LOCATION": "Bank Street, Canary Wharf", "BOROUGH": null, "NB_SPACES": "10", "DAYS_OP": "Mon - Sun", "TIMES_OP": null, "STATION_NEARBY": null, "STATION_NAME": "Canary Wharf Station", "RANK_TYPE": null, "ATCOCODE": null, "RANK_REFERENCE": "TR5957", "LOCATION_DETAILS": null, "AREA_CODE": "TH", "TAXI_STATUS": "A", "START_DATE": null, "RANK_NAME": "50 Bank Street, Canary Wharf.", "FEATURE_TYPE_CODE": "TPTA", "FEATURE_TYPE_NAME": "Private - Taxi Rank", "ACCESSIBLE": null, "NIGHT_TUBE": null, "HIGHWAY_AUTHORITY": "TH", "SECTOR_CODE": "All London", "RANK_LENGTH": null, "TAXI_SHELTER_PRESENT": null, "TAXI_STOP_PRESENT": null, "DATASET_LAST_UPDATED": 1788150607000, "_matched": true}}, {"type": "Feature", "id": 141040, "geometry": {"type": "Point", "coordinates": [-0.165128099372833, 51.4920993357819]}, "properties": {"OBJECTID": 141040, "LOCATION": "Sloane Avenue", "BOROUGH": null, "NB_SPACES": "1", "DAYS_OP": "Mon - Sun", "TIMES_OP": null, "STATION_NEARBY": null, "STATION_NAME": null, "RANK_TYPE": null, "ATCOCODE": null, "RANK_REFERENCE": "TR4928", "LOCATION_DETAILS": null, "AREA_CODE": "K&C", "TAXI_STATUS": "A", "START_DATE": null, "RANK_NAME": "Sloane Avenue (Nell Gwynn House), Sw3", "FEATURE_TYPE_CODE": "TTTA", "FEATURE_TYPE_NAME": "TfL Apt - Taxi Rank", "ACCESSIBLE": null, "NIGHT_TUBE": null, "HIGHWAY_AUTHORITY": "K&C", "SECTOR_CODE": "All London", "RANK_LENGTH": null, "TAXI_SHELTER_PRESENT": null, "TAXI_STOP_PRESENT": null, "DATASET_LAST_UPDATED": 1788150607000, "_matched": false}}, {"type": "Feature", "id": 141041, "geometry": {"type": "Point", "coordinates": [0.0887820963868028, 51.3728321403955]}, "properties": {"OBJECTID": 141041, "LOCATION": "Crofton Road", "BOROUGH": null, "NB_SPACES": "15", "DAYS_OP": "Mon - Sun", "TIMES_OP": null, "STATION_NEARBY": null, "STATION_NAME": "Orpington Station", "RANK_TYPE": null, "ATCOCODE": null, "RANK_REFERENCE": "TR6156", "LOCATION_DETAILS": null, "AREA_CODE": "BRO", "TAXI_STATUS": "A", "START_DATE": null, "RANK_NAME": "Orpington Station", "FEATURE_TYPE_CODE": "TTTA", "FEATURE_TYPE_NAME": "TfL Apt - Taxi Rank", "ACCESSIBLE": null, "NIGHT_TUBE": null, "HIGHWAY_AUTHORITY": "BRO", "SECTOR_CODE": "Sector 4", "RANK_LENGTH": null, "TAXI_SHELTER_PRESENT": null, "TAXI_STOP_PRESENT": null, "DATASET_LAST_UPDATED": 1788150607000, "_matched": false}}, {"type": "Feature", "id": 141043, "geometry": {"type": "Point", "coordinates": [-0.0826643247186917, 51.5200778703135]}, "properties": {"OBJECTID": 141043, "LOCATION": "Appold Street", "BOROUGH": null, "NB_SPACES": "6", "DAYS_OP": "Mon - Sun", "TIMES_OP": null, "STATION_NEARBY": null, "STATION_NAME": null, "RANK_TYPE": null, "ATCOCODE": null, "RANK_REFERENCE": "TR5898", "LOCATION_DETAILS": null, "AREA_CODE": "CTY", "TAXI_STATUS": "A", "START_DATE": null, "RANK_NAME": "Appold Street (City Of London)", "FEATURE_TYPE_CODE": "TCTA", "FEATURE_TYPE_NAME": "COL - Taxi Rank", "ACCESSIBLE": null, "NIGHT_TUBE": null, "HIGHWAY_AUTHORITY": "CTY", "SECTOR_CODE": "All London", "RANK_LENGTH": null, "TAXI_SHELTER_PRESENT": null, "TAXI_STOP_PRESENT": null, "DATASET_LAST_UPDATED": 1788150607000, "_matched": false}}, {"type": "Feature", "id": 141044, "geometry": {"type": "Point", "coordinates": [-0.138255773529651, 51.5085187960329]}, "properties": {"OBJECTID": 141044, "LOCATION": "Piccadilly", "BOROUGH": null, "NB_SPACES": "3", "DAYS_OP": "Mon - Sun", "TIMES_OP": null, "STATION_NEARBY": null, "STATION_NAME": null, "RANK_TYPE": null, "ATCOCODE": null, "RANK_REFERENCE": "TR5715", "LOCATION_DETAILS": null, "AREA_CODE": "WES", "TAXI_STATUS": "A", "START_DATE": null, "RANK_NAME": "Piccadilly (Fortnum And Masons), W1", "FEATURE_TYPE_CODE": "TTTA", "FEATURE_TYPE_NAME": "TfL Apt - Taxi Rank", "ACCESSIBLE": null, "NIGHT_TUBE": null, "HIGHWAY_AUTHORITY": "WES", "SECTOR_CODE": "All London", "RANK_LENGTH": null, "TAXI_SHELTER_PRESENT": null, "TAXI_STOP_PRESENT": null, "DATASET_LAST_UPDATED": 1788150607000, "_matched": false}}, {"type": "Feature", "id": 141045, "geometry": {"type": "Point", "coordinates": [-0.154985370602193, 51.4992690965158]}, "properties": {"OBJECTID": 141045, "LOCATION": "Belgrave Square", "BOROUGH": null, "NB_SPACES": "2", "DAYS_OP": "Mon - Sun", "TIMES_OP": null, "STATION_NEARBY": null, "STATION_NAME": null, "RANK_TYPE": null, "ATCOCODE": null, "RANK_REFERENCE": "TR3738", "LOCATION_DETAILS": null, "AREA_CODE": "WES", "TAXI_STATUS": "A", "START_DATE": null, "RANK_NAME": "Belgrave Square (North-West Corner), Sw1", "FEATURE_TYPE_CODE": "TTTA", "FEATURE_TYPE_NAME": "TfL Apt - Taxi Rank", "ACCESSIBLE": null, "NIGHT_TUBE": null, "HIGHWAY_AUTHORITY": "WES", "SECTOR_CODE": "All London", "RANK_LENGTH": null, "TAXI_SHELTER_PRESENT": null, "TAXI_STOP_PRESENT": null, "DATASET_LAST_UPDATED": 1788150607000, "_matched": false}}, {"type": "Feature", "id": 141046, "geometry": {"type": "Point", "coordinates": [-0.0753412173682111, 51.5491477609461]}, "properties": {"OBJECTID": 141046, "LOCATION": "Kingsland High Street", "BOROUGH": null, "NB_SPACES": "2", "DAYS_OP": "Mon-Sun", "TIMES_OP": null, "STATION_NEARBY": null, "STATION_NAME": null, "RANK_TYPE": null, "ATCOCODE": null, "RANK_REFERENCE": "TR6212", "LOCATION_DETAILS": null, "AREA_CODE": "HAC", "TAXI_STATUS": "A", "START_DATE": null, "RANK_NAME": "Kingsland High Street", "FEATURE_TYPE_CODE": "TTTA", "FEATURE_TYPE_NAME": "TfL Apt - Taxi Rank", "ACCESSIBLE": null, "NIGHT_TUBE": null, "HIGHWAY_AUTHORITY": "TFL", "SECTOR_CODE": "All London", "RANK_LENGTH": null, "TAXI_SHELTER_PRESENT": null, "TAXI_STOP_PRESENT": null, "DATASET_LAST_UPDATED": 1788150607000, "_matched": false}}, {"type": "Feature", "id": 141047, "geometry": {"type": "Point", "coordinates": [-0.111893624863212, 51.525722729254]}, "properties": {"OBJECTID": 141047, "LOCATION": "Farringdon Road", "BOROUGH": null, "NB_SPACES": "5", "DAYS_OP": "Mon - Sun", "TIMES_OP": null, "STATION_NEARBY": null, "STATION_NAME": null, "RANK_TYPE": null, "ATCOCODE": null, "RANK_REFERENCE": "TR6134", "LOCATION_DETAILS": null, "AREA_CODE": "ISL", "TAXI_STATUS": "A", "START_DATE": null, "RANK_NAME": "Mount Pleasant Rest Rank(r0033)", "FEATURE_TYPE_CODE": "TTRE", "FEATURE_TYPE_NAME": "TfL Apt - Rest Rank", "ACCESSIBLE": null, "NIGHT_TUBE": null, "HIGHWAY_AUTHORITY": "TFL", "SECTOR_CODE": "All London", "RANK_LENGTH": null, "TAXI_SHELTER_PRESENT": null, "TAXI_STOP_PRESENT": null, "DATASET_LAST_UPDATED": 1788150607000, "_matched": false}}, {"type": "Feature", "id": 141048, "geometry": {"type": "Point", "coordinates": [-0.2201266459861, 51.4255122640595]}, "properties": {"OBJECTID": 141048, "LOCATION": "High Street", "BOROUGH": null, "NB_SPACES": "2", "DAYS_OP": "Mon - Sun", "TIMES_OP": null, "STATION_NEARBY": null, "STATION_NAME": null, "RANK_TYPE": null, "ATCOCODE": null, "RANK_REFERENCE": "TR5210", "LOCATION_DETAILS": null, "AREA_CODE": "MER", "TAXI_STATUS": "A", "START_DATE": null, "RANK_NAME": "High Street, Wimbledon, Sw19", "FEATURE_TYPE_CODE": "TTTA", "FEATURE_TYPE_NAME": "TfL Apt - Taxi Rank", "ACCESSIBLE": null, "NIGHT_TUBE": null, "HIGHWAY_AUTHORITY": "MER", "SECTOR_CODE": "Sector 5", "RANK_LENGTH": null, "TAXI_SHELTER_PRESENT": null, "TAXI_STOP_PRESENT": null, "DATASET_LAST_UPDATED": 1788150607000, "_matched": true}}, {"type": "Feature", "id": 141049, "geometry": {"type": "Point", "coordinates": [-0.134828464531765, 51.5211617667805]}, "properties": {"OBJECTID": 141049, "LOCATION": "Tottenham Court Road", "BOROUGH": null, "NB_SPACES": "3", "DAYS_OP": "Mon - Sun", "TIMES_OP": null, "STATION_NEARBY": null, "STATION_NAME": "Goodge Street", "RANK_TYPE": null, "ATCOCODE": null, "RANK_REFERENCE": "TR6129", "LOCATION_DETAILS": null, "AREA_CODE": "CDN", "TAXI_STATUS": "A", "START_DATE": null, "RANK_NAME": "Heals", "FEATURE_TYPE_CODE": "TTTA", "FEATURE_TYPE_NAME": "TfL Apt - Taxi Rank", "ACCESSIBLE": null, "NIGHT_TUBE": null, "HIGHWAY_AUTHORITY": "CDN", "SECTOR_CODE": "All London", "RANK_LENGTH": null, "TAXI_SHELTER_PRESENT": null, "TAXI_STOP_PRESENT": null, "DATASET_LAST_UPDATED": 1788150607000, "_matched": true}}, {"type": "Feature", "id": 141050, "geometry": {"type": "Point", "coordinates": [0.205982803126157, 51.5813893584383]}, "properties": {"OBJECTID": 141050, "LOCATION": "Station Road", "BOROUGH": null, "NB_SPACES": "2", "DAYS_OP": "Mon - Sun", "TIMES_OP": null, "STATION_NEARBY": null, "STATION_NAME": "Gidea Park Station - Crossrail", "RANK_TYPE": null, "ATCOCODE": null, "RANK_REFERENCE": "TR6083", "LOCATION_DETAILS": null, "AREA_CODE": "HAV", "TAXI_STATUS": "A", "START_DATE": null, "RANK_NAME": "Gidea Park Station", "FEATURE_TYPE_CODE": "TTTA", "FEATURE_TYPE_NAME": "TfL Apt - Taxi Rank", "ACCESSIBLE": null, "NIGHT_TUBE": null, "HIGHWAY_AUTHORITY": "HAV", "SECTOR_CODE": "Sector 2", "RANK_LENGTH": null, "TAXI_SHELTER_PRESENT": null, "TAXI_STOP_PRESENT": null, "DATASET_LAST_UPDATED": 1788150607000, "_matched": false}}, {"type": "Feature", "id": 141051, "geometry": {"type": "Point", "coordinates": [-0.175214367605827, 51.4848199188905]}, "properties": {"OBJECTID": 141051, "LOCATION": "King's Road", "BOROUGH": null, "NB_SPACES": "2", "DAYS_OP": "Mon - Sun", "TIMES_OP": null, "STATION_NEARBY": null, "STATION_NAME": null, "RANK_TYPE": null, "ATCOCODE": null, "RANK_REFERENCE": "TR5313", "LOCATION_DETAILS": null, "AREA_CODE": "K&C", "TAXI_STATUS": "A", "START_DATE": null, "RANK_NAME": "Kings Road (Bluebird), Sw3", "FEATURE_TYPE_CODE": "TTTA", "FEATURE_TYPE_NAME": "TfL Apt - Taxi Rank", "ACCESSIBLE": null, "NIGHT_TUBE": null, "HIGHWAY_AUTHORITY": "K&C", "SECTOR_CODE": "All London", "RANK_LENGTH": null, "TAXI_SHELTER_PRESENT": null, "TAXI_STOP_PRESENT": null, "DATASET_LAST_UPDATED": 1788150607000, "_matched": false}}, {"type": "Feature", "id": 141052, "geometry": {"type": "Point", "coordinates": [-0.175210607798407, 51.5188204388304]}, "properties": {"OBJECTID": 141052, "LOCATION": "North Wharf Road", "BOROUGH": null, "NB_SPACES": "4", "DAYS_OP": "Mon - Sun", "TIMES_OP": null, "STATION_NEARBY": null, "STATION_NAME": null, "RANK_TYPE": null, "ATCOCODE": null, "RANK_REFERENCE": "TR5487", "LOCATION_DETAILS": null, "AREA_CODE": "WES", "TAXI_STATUS": "A", "START_DATE": null, "RANK_NAME": "North Wharf Road, W2", "FEATURE_TYPE_CODE": "TTTA", "FEATURE_TYPE_NAME": "TfL Apt - Taxi Rank", "ACCESSIBLE": null, "NIGHT_TUBE": null, "HIGHWAY_AUTHORITY": "WES", "SECTOR_CODE": "All London", "RANK_LENGTH": null, "TAXI_SHELTER_PRESENT": null, "TAXI_STOP_PRESENT": null, "DATASET_LAST_UPDATED": 1788150607000, "_matched": false}}, {"type": "Feature", "id": 141053, "geometry": {"type": "Point", "coordinates": [-0.157896055058863, 51.4978310883546]}, "properties": {"OBJECTID": 141053, "LOCATION": "Cadogan Place", "BOROUGH": null, "NB_SPACES": "18", "DAYS_OP": "Mon - Sun", "TIMES_OP": null, "STATION_NEARBY": null, "STATION_NAME": null, "RANK_TYPE": null, "ATCOCODE": null, "RANK_REFERENCE": "TR5479", "LOCATION_DETAILS": null, "AREA_CODE": "K&C", "TAXI_STATUS": "A", "START_DATE": null, "RANK_NAME": "Cadogan Place And Pont Street, Sw1", "FEATURE_TYPE_CODE": "TTRF", "FEATURE_TYPE_NAME": "TfL Apt - Refreshment Rank", "ACCESSIBLE": null, "NIGHT_TUBE": null, "HIGHWAY_AUTHORITY": "K&C", "SECTOR_CODE": "All London", "RANK_LENGTH": null, "TAXI_SHELTER_PRESENT": null, "TAXI_STOP_PRESENT": null, "DATASET_LAST_UPDATED": 1788150607000, "_matched": false}}, {"type": "Feature", "id": 141054, "geometry": {"type": "Point", "coordinates": [-0.123224620392994, 51.4850424821861]}, "properties": {"OBJECTID": 141054, "LOCATION": "South Lambeth Place", "BOROUGH": null, "NB_SPACES": "4", "DAYS_OP": "Mon - Sun", "TIMES_OP": null, "STATION_NEARBY": null, "STATION_NAME": "Vauxhall Station", "RANK_TYPE": null, "ATCOCODE": null, "RANK_REFERENCE": "TR5533", "LOCATION_DETAILS": null, "AREA_CODE": "LAM", "TAXI_STATUS": "A", "START_DATE": null, "RANK_NAME": "South Lambeth Place, Vauxhall, Sw8", "FEATURE_TYPE_CODE": "TTTA", "FEATURE_TYPE_NAME": "TfL Apt - Taxi Rank", "ACCESSIBLE": null, "NIGHT_TUBE": null, "HIGHWAY_AUTHORITY": "TFL", "SECTOR_CODE": "All London", "RANK_LENGTH": null, "TAXI_SHELTER_PRESENT": null, "TAXI_STOP_PRESENT": "PCO5533", "DATASET_LAST_UPDATED": 1788150607000, "_matched": false}}, {"type": "Feature", "id": 141055, "geometry": {"type": "Point", "coordinates": [-0.190964468344974, 51.5133722474114]}, "properties": {"OBJECTID": 141055, "LOCATION": "Princes Square", "BOROUGH": null, "NB_SPACES": "2", "DAYS_OP": "Mon - Sun", "TIMES_OP": null, "STATION_NEARBY": null, "STATION_NAME": null, "RANK_TYPE": null, "ATCOCODE": null, "RANK_REFERENCE": "TR6142", "LOCATION_DETAILS": null, "AREA_CODE": "WES", "TAXI_STATUS": "A", "START_DATE": null, "RANK_NAME": "Princes Square", "FEATURE_TYPE_CODE": "TTTA", "FEATURE_TYPE_NAME": "TfL Apt - Taxi Rank", "ACCESSIBLE": null, "NIGHT_TUBE": null, "HIGHWAY_AUTHORITY": "WES", "SECTOR_CODE": "All London", "RANK_LENGTH": null, "TAXI_SHELTER_PRESENT": null, "TAXI_STOP_PRESENT": null, "DATASET_LAST_UPDATED": 1788150607000, "_matched": false}}, {"type": "Feature", "id": 141056, "geometry": {"type": "Point", "coordinates": [0.084476526423232, 51.4895646024599]}, "properties": {"OBJECTID": 141056, "LOCATION": "Walmer Terrace", "BOROUGH": null, "NB_SPACES": "3", "DAYS_OP": "Mon - Sun", "TIMES_OP": null, "STATION_NEARBY": null, "STATION_NAME": "Plumstead Station", "RANK_TYPE": null, "ATCOCODE": null, "RANK_REFERENCE": "TR6093", "LOCATION_DETAILS": null, "AREA_CODE": "GRE", "TAXI_STATUS": "A", "START_DATE": null, "RANK_NAME": "Plumstead Station", "FEATURE_TYPE_CODE": "TPTA", "FEATURE_TYPE_NAME": "Private - Taxi Rank", "ACCESSIBLE": null, "NIGHT_TUBE": null, "HIGHWAY_AUTHORITY": "GRE", "SECTOR_CODE": "Sector 3", "RANK_LENGTH": null, "TAXI_SHELTER_PRESENT": null, "TAXI_STOP_PRESENT": null, "DATASET_LAST_UPDATED": 1788150607000, "_matched": false}}, {"type": "Feature", "id": 141057, "geometry": {"type": "Point", "coordinates": [-0.150743092337096, 51.5054790510122]}, "properties": {"OBJECTID": 141057, "LOCATION": "Park Lane", "BOROUGH": null, "NB_SPACES": "17", "DAYS_OP": "Mon - Sun", "TIMES_OP": null, "STATION_NEARBY": null, "STATION_NAME": null, "RANK_TYPE": null, "ATCOCODE": null, "RANK_REFERENCE": "TR4762", "LOCATION_DETAILS": null, "AREA_CODE": "WES", "TAXI_STATUS": "A", "START_DATE": null, "RANK_NAME": "Park Lane/hamilton Place (London Hilton Hotel), W1", "FEATURE_TYPE_CODE": "TTTA", "FEATURE_TYPE_NAME": "TfL Apt - Taxi Rank", "ACCESSIBLE": null, "NIGHT_TUBE": null, "HIGHWAY_AUTHORITY": "WES", "SECTOR_CODE": "All London", "RANK_LENGTH": null, "TAXI_SHELTER_PRESENT": null, "TAXI_STOP_PRESENT": null, "DATASET_LAST_UPDATED": 1788150607000, "_matched": false}}, {"type": "Feature", "id": 141058, "geometry": {"type": "Point", "coordinates": [-0.022566035988494, 51.5048806561444]}, "properties": {"OBJECTID": 141058, "LOCATION": "Cabot Square, Canary Wharf", "BOROUGH": null, "NB_SPACES": "5", "DAYS_OP": "Mon - Sun", "TIMES_OP": null, "STATION_NEARBY": null, "STATION_NAME": "Canary Wharf Station", "RANK_TYPE": null, "ATCOCODE": null, "RANK_REFERENCE": "TR5954", "LOCATION_DETAILS": null, "AREA_CODE": "TH", "TAXI_STATUS": "A", "START_DATE": null, "RANK_NAME": "20 Cabot Square, Canary Wharf.", "FEATURE_TYPE_CODE": "TPTA", "FEATURE_TYPE_NAME": "Private - Taxi Rank", "ACCESSIBLE": null, "NIGHT_TUBE": null, "HIGHWAY_AUTHORITY": "TH", "SECTOR_CODE": "All London", "RANK_LENGTH": null, "TAXI_SHELTER_PRESENT": null, "TAXI_STOP_PRESENT": null, "DATASET_LAST_UPDATED": 1788150607000, "_matched": false}}, {"type": "Feature", "id": 141059, "geometry": {"type": "Point", "coordinates": [-0.107104730605196, 51.512579390354]}, "properties": {"OBJECTID": 141059, "LOCATION": "Tudor Street", "BOROUGH": null, "NB_SPACES": "3", "DAYS_OP": "Mon - Sun", "TIMES_OP": null, "STATION_NEARBY": null, "STATION_NAME": null, "RANK_TYPE": null, "ATCOCODE": null, "RANK_REFERENCE": "TR5928", "LOCATION_DETAILS": null, "AREA_CODE": "CTY", "TAXI_STATUS": "A", "START_DATE": null, "RANK_NAME": "Tudor Street (City Of London)", "FEATURE_TYPE_CODE": "TCTA", "FEATURE_TYPE_NAME": "COL - Taxi Rank", "ACCESSIBLE": null, "NIGHT_TUBE": null, "HIGHWAY_AUTHORITY": "CTY", "SECTOR_CODE": "All London", "RANK_LENGTH": null, "TAXI_SHELTER_PRESENT": null, "TAXI_STOP_PRESENT": null, "DATASET_LAST_UPDATED": 1788150607000, "_matched": false}}, {"type": "Feature", "id": 141060, "geometry": {"type": "Point", "coordinates": [-0.157836629657765, 51.499304926081]}, "properties": {"OBJECTID": 141060, "LOCATION": "Lowndes Street", "BOROUGH": null, "NB_SPACES": "2", "DAYS_OP": "Mon - Sun", "TIMES_OP": null, "STATION_NEARBY": null, "STATION_NAME": null, "RANK_TYPE": null, "ATCOCODE": null, "RANK_REFERENCE": "TR4492", "LOCATION_DETAILS": null, "AREA_CODE": "WES", "TAXI_STATUS": "A", "START_DATE": null, "RANK_NAME": "Lowndes Street (Jumeirah Lowndes Hotel), Sw1", "FEATURE_TYPE_CODE": "TTTA", "FEATURE_TYPE_NAME": "TfL Apt - Taxi Rank", "ACCESSIBLE": null, "NIGHT_TUBE": null, "HIGHWAY_AUTHORITY": "WES", "SECTOR_CODE": "All London", "RANK_LENGTH": null, "TAXI_SHELTER_PRESENT": null, "TAXI_STOP_PRESENT": null, "DATASET_LAST_UPDATED": 1788150607000, "_matched": false}}, {"type": "Feature", "id": 141061, "geometry": {"type": "Point", "coordinates": [-0.133913717203725, 51.6161163519189]}, "properties": {"OBJECTID": 141061, "LOCATION": "Bowes Road", "BOROUGH": null, "NB_SPACES": "2", "DAYS_OP": "Mon - Sun", "TIMES_OP": null, "STATION_NEARBY": null, "STATION_NAME": "Arnos Grove Station", "RANK_TYPE": null, "ATCOCODE": null, "RANK_REFERENCE": "TR5422", "LOCATION_DETAILS": null, "AREA_CODE": "ENF", "TAXI_STATUS": "A", "START_DATE": null, "RANK_NAME": "Bowes Road, Arnos Grove Station, N11", "FEATURE_TYPE_CODE": "TTTA", "FEATURE_TYPE_NAME": "TfL Apt - Taxi Rank", "ACCESSIBLE": null, "NIGHT_TUBE": null, "HIGHWAY_AUTHORITY": "ENF", "SECTOR_CODE": "Sector 1", "RANK_LENGTH": null, "TAXI_SHELTER_PRESENT": null, "TAXI_STOP_PRESENT": null, "DATASET_LAST_UPDATED": 1788150607000, "_matched": true}}, {"type": "Feature", "id": 141062, "geometry": {"type": "Point", "coordinates": [-0.170081798727986, 51.5187585217222]}, "properties": {"OBJECTID": 141062, "LOCATION": "Praed Street", "BOROUGH": null, "NB_SPACES": "3", "DAYS_OP": "Mon - Sun", "TIMES_OP": null, "STATION_NEARBY": null, "STATION_NAME": null, "RANK_TYPE": null, "ATCOCODE": null, "RANK_REFERENCE": "TR5499", "LOCATION_DETAILS": null, "AREA_CODE": "WES", "TAXI_STATUS": "A", "START_DATE": null, "RANK_NAME": "Praed Street, W2 (R0011)", "FEATURE_TYPE_CODE": "TTRE", "FEATURE_TYPE_NAME": "TfL Apt - Rest Rank", "ACCESSIBLE": null, "NIGHT_TUBE": null, "HIGHWAY_AUTHORITY": "WES", "SECTOR_CODE": "All London", "RANK_LENGTH": null, "TAXI_SHELTER_PRESENT": null, "TAXI_STOP_PRESENT": null, "DATASET_LAST_UPDATED": 1788150607000, "_matched": false}}, {"type": "Feature", "id": 141063, "geometry": {"type": "Point", "coordinates": [-0.143582596881981, 51.5132523578087]}, "properties": {"OBJECTID": 141063, "LOCATION": "St George Street", "BOROUGH": null, "NB_SPACES": "10", "DAYS_OP": "Mon - Sun", "TIMES_OP": null, "STATION_NEARBY": null, "STATION_NAME": null, "RANK_TYPE": null, "ATCOCODE": null, "RANK_REFERENCE": "TR6216", "LOCATION_DETAILS": null, "AREA_CODE": "WES", "TAXI_STATUS": "A", "START_DATE": null, "RANK_NAME": "Hanover Sq Refreshment Rank", "FEATURE_TYPE_CODE": "TTRF", "FEATURE_TYPE_NAME": "TfL Apt - Refreshment Rank", "ACCESSIBLE": null, "NIGHT_TUBE": null, "HIGHWAY_AUTHORITY": "WES", "SECTOR_CODE": "All London", "RANK_LENGTH": null, "TAXI_SHELTER_PRESENT": null, "TAXI_STOP_PRESENT": null, "DATASET_LAST_UPDATED": 1788150607000, "_matched": false}}, {"type": "Feature", "id": 141064, "geometry": {"type": "Point", "coordinates": [0.0215061370290335, 51.5964747596707]}, "properties": {"OBJECTID": 141064, "LOCATION": "High Road", "BOROUGH": null, "NB_SPACES": "2", "DAYS_OP": "Mon - Sun", "TIMES_OP": null, "STATION_NEARBY": null, "STATION_NAME": null, "RANK_TYPE": null, "ATCOCODE": null, "RANK_REFERENCE": "TR5782", "LOCATION_DETAILS": null, "AREA_CODE": "RED", "TAXI_STATUS": "A", "START_DATE": null, "RANK_NAME": "High Road, The Gallery,", "FEATURE_TYPE_CODE": "TTTA", "FEATURE_TYPE_NAME": "TfL Apt - Taxi Rank", "ACCESSIBLE": null, "NIGHT_TUBE": null, "HIGHWAY_AUTHORITY": "RED", "SECTOR_CODE": "Sector 2", "RANK_LENGTH": null, "TAXI_SHELTER_PRESENT": null, "TAXI_STOP_PRESENT": null, "DATASET_LAST_UPDATED": 1788150607000, "_matched": false}}, {"type": "Feature", "id": 141065, "geometry": {"type": "Point", "coordinates": [-0.132960101254255, 51.5097475217581]}, "properties": {"OBJECTID": 141065, "LOCATION": "Haymarket", "BOROUGH": null, "NB_SPACES": "4", "DAYS_OP": "Mon - Sun", "TIMES_OP": null, "STATION_NEARBY": null, "STATION_NAME": null, "RANK_TYPE": null, "ATCOCODE": null, "RANK_REFERENCE": "TR5856", "LOCATION_DETAILS": null, "AREA_CODE": "WES", "TAXI_STATUS": "A", "START_DATE": null, "RANK_NAME": "Haymarket (Piccadilly), Sw1", "FEATURE_TYPE_CODE": "TTTA", "FEATURE_TYPE_NAME": "TfL Apt - Taxi Rank", "ACCESSIBLE": null, "NIGHT_TUBE": null, "HIGHWAY_AUTHORITY": "WES", "SECTOR_CODE": "All London", "RANK_LENGTH": null, "TAXI_SHELTER_PRESENT": null, "TAXI_STOP_PRESENT": null, "DATASET_LAST_UPDATED": 1788150607000, "_matched": false}}, {"type": "Feature", "id": 141066, "geometry": {"type": "Point", "coordinates": [-0.182808800843577, 51.4941371721664]}, "properties": {"OBJECTID": 141066, "LOCATION": "Courtfield Road", "BOROUGH": null, "NB_SPACES": "3", "DAYS_OP": "Mon - Sun", "TIMES_OP": null, "STATION_NEARBY": null, "STATION_NAME": "Gloucester Road Station", "RANK_TYPE": null, "ATCOCODE": null, "RANK_REFERENCE": "TR5084", "LOCATION_DETAILS": null, "AREA_CODE": "K&C", "TAXI_STATUS": "A", "START_DATE": null, "RANK_NAME": "Courtfield Road (Gloucester Road Station), Sw7", "FEATURE_TYPE_CODE": "TTTA", "FEATURE_TYPE_NAME": "TfL Apt - Taxi Rank", "ACCESSIBLE": null, "NIGHT_TUBE": null, "HIGHWAY_AUTHORITY": "K&C", "SECTOR_CODE": "All London", "RANK_LENGTH": null, "TAXI_SHELTER_PRESENT": null, "TAXI_STOP_PRESENT": null, "DATASET_LAST_UPDATED": 1788150607000, "_matched": false}}, {"type": "Feature", "id": 141067, "geometry": {"type": "Point", "coordinates": [-0.104022088204943, 51.5902517443598]}, "properties": {"OBJECTID": 141067, "LOCATION": "Turnpike Lane", "BOROUGH": null, "NB_SPACES": "2", "DAYS_OP": "Mon - Sun", "TIMES_OP": null, "STATION_NEARBY": null, "STATION_NAME": "Turnpike Lane Station", "RANK_TYPE": null, "ATCOCODE": null, "RANK_REFERENCE": "TR6038", "LOCATION_DETAILS": null, "AREA_CODE": "HGY", "TAXI_STATUS": "A", "START_DATE": null, "RANK_NAME": "Turnpike Lane Station", "FEATURE_TYPE_CODE": "TTTA", "FEATURE_TYPE_NAME": "TfL Apt - Taxi Rank", "ACCESSIBLE": null, "NIGHT_TUBE": null, "HIGHWAY_AUTHORITY": "HGY", "SECTOR_CODE": "Sector 1", "RANK_LENGTH": null, "TAXI_SHELTER_PRESENT": null, "TAXI_STOP_PRESENT": null, "DATASET_LAST_UPDATED": 1788150607000, "_matched": false}}, {"type": "Feature", "id": 141068, "geometry": {"type": "Point", "coordinates": [-0.0174957422983539, 51.5035091018459]}, "properties": {"OBJECTID": 141068, "LOCATION": "Upper Bank Street, Canary Wharf", "BOROUGH": null, "NB_SPACES": "4", "DAYS_OP": "Mon - Sun", "TIMES_OP": null, "STATION_NEARBY": null, "STATION_NAME": "Canary Wharf Station", "RANK_TYPE": null, "ATCOCODE": null, "RANK_REFERENCE": "TR5963", "LOCATION_DETAILS": null, "AREA_CODE": "TH", "TAXI_STATUS": "A", "START_DATE": null, "RANK_NAME": "Upper Bank Street (Canary Wharf Station).", "FEATURE_TYPE_CODE": "TPTA", "FEATURE_TYPE_NAME": "Private - Taxi Rank", "ACCESSIBLE": null, "NIGHT_TUBE": null, "HIGHWAY_AUTHORITY": "Private", "SECTOR_CODE": "All London", "RANK_LENGTH": null, "TAXI_SHELTER_PRESENT": null, "TAXI_STOP_PRESENT": null, "DATASET_LAST_UPDATED": 1788150607000, "_matched": true}}, {"type": "Feature", "id": 141069, "geometry": {"type": "Point", "coordinates": [-0.122650709029581, 51.4720120466133]}, "properties": {"OBJECTID": 141069, "LOCATION": "Clapham Road", "BOROUGH": null, "NB_SPACES": "2", "DAYS_OP": "Mon - Sun", "TIMES_OP": null, "STATION_NEARBY": null, "STATION_NAME": "Stockwell Station", "RANK_TYPE": null, "ATCOCODE": null, "RANK_REFERENCE": "TR6014", "LOCATION_DETAILS": null, "AREA_CODE": "LAM", "TAXI_STATUS": "A", "START_DATE": null, "RANK_NAME": "Stockwell Station", "FEATURE_TYPE_CODE": "TTTA", "FEATURE_TYPE_NAME": "TfL Apt - Taxi Rank", "ACCESSIBLE": null, "NIGHT_TUBE": null, "HIGHWAY_AUTHORITY": "TFL", "SECTOR_CODE": "All London", "RANK_LENGTH": null, "TAXI_SHELTER_PRESENT": null, "TAXI_STOP_PRESENT": null, "DATASET_LAST_UPDATED": 1788150607000, "_matched": false}}, {"type": "Feature", "id": 141070, "geometry": {"type": "Point", "coordinates": [-0.125699933427182, 51.5184533877119]}, "properties": {"OBJECTID": 141070, "LOCATION": "Great Russell Street", "BOROUGH": null, "NB_SPACES": "2", "DAYS_OP": "Mon - Sun", "TIMES_OP": null, "STATION_NEARBY": null, "STATION_NAME": null, "RANK_TYPE": null, "ATCOCODE": null, "RANK_REFERENCE": "TR5233", "LOCATION_DETAILS": null, "AREA_CODE": "CDN", "TAXI_STATUS": "A", "START_DATE": null, "RANK_NAME": "Great Russell Street (British Museum), Wc1", "FEATURE_TYPE_CODE": "TTTA", "FEATURE_TYPE_NAME": "TfL Apt - Taxi Rank", "ACCESSIBLE": null, "NIGHT_TUBE": null, "HIGHWAY_AUTHORITY": "CDN", "SECTOR_CODE": "All London", "RANK_LENGTH": null, "TAXI_SHELTER_PRESENT": null, "TAXI_STOP_PRESENT": null, "DATASET_LAST_UPDATED": 1788150607000, "_matched": false}}, {"type": "Feature", "id": 141071, "geometry": {"type": "Point", "coordinates": [-0.151211086332234, 51.5167000734255]}, "properties": {"OBJECTID": 141071, "LOCATION": "Mandeville Place", "BOROUGH": null, "NB_SPACES": "3", "DAYS_OP": "Mon - Sun", "TIMES_OP": null, "STATION_NEARBY": null, "STATION_NAME": null, "RANK_TYPE": null, "ATCOCODE": null, "RANK_REFERENCE": "TR4676", "LOCATION_DETAILS": null, "AREA_CODE": "WES", "TAXI_STATUS": "A", "START_DATE": null, "RANK_NAME": "Mandeville Place (Mandeville Hotel), W1", "FEATURE_TYPE_CODE": "TTTA", "FEATURE_TYPE_NAME": "TfL Apt - Taxi Rank", "ACCESSIBLE": null, "NIGHT_TUBE": null, "HIGHWAY_AUTHORITY": "WES", "SECTOR_CODE": "All London", "RANK_LENGTH": null, "TAXI_SHELTER_PRESENT": null, "TAXI_STOP_PRESENT": null, "DATASET_LAST_UPDATED": 1788150607000, "_matched": false}}, {"type": "Feature", "id": 141072, "geometry": {"type": "Point", "coordinates": [-0.119032857097836, 51.5123486437761]}, "properties": {"OBJECTID": 141072, "LOCATION": "Aldwych", "BOROUGH": null, "NB_SPACES": "9", "DAYS_OP": "24 Hours", "TIMES_OP": null, "STATION_NEARBY": null, "STATION_NAME": "No", "RANK_TYPE": null, "ATCOCODE": null, "RANK_REFERENCE": "TR6177", "LOCATION_DETAILS": null, "AREA_CODE": "WES", "TAXI_STATUS": "A", "START_DATE": null, "RANK_NAME": "Waldorf Hotel/novello Theatre Aldwych", "FEATURE_TYPE_CODE": "TTTA", "FEATURE_TYPE_NAME": "TfL Apt - Taxi Rank", "ACCESSIBLE": null, "NIGHT_TUBE": null, "HIGHWAY_AUTHORITY": "WES", "SECTOR_CODE": "All London", "RANK_LENGTH": null, "TAXI_SHELTER_PRESENT": null, "TAXI_STOP_PRESENT": null, "DATASET_LAST_UPDATED": 1788150607000, "_matched": false}}, {"type": "Feature", "id": 141073, "geometry": {"type": "Point", "coordinates": [-0.080009563287973, 51.4196496420225]}, "properties": {"OBJECTID": 141073, "LOCATION": "Westow Hill", "BOROUGH": null, "NB_SPACES": "3", "DAYS_OP": "Mon - Sun", "TIMES_OP": null, "STATION_NEARBY": null, "STATION_NAME": null, "RANK_TYPE": null, "ATCOCODE": null, "RANK_REFERENCE": "TR6058", "LOCATION_DETAILS": null, "AREA_CODE": "CRO", "TAXI_STATUS": "A", "START_DATE": null, "RANK_NAME": "Westow Hill", "FEATURE_TYPE_CODE": "TTTA", "FEATURE_TYPE_NAME": "TfL Apt - Taxi Rank", "ACCESSIBLE": null, "NIGHT_TUBE": null, "HIGHWAY_AUTHORITY": "CRO", "SECTOR_CODE": "Sector 5", "RANK_LENGTH": null, "TAXI_SHELTER_PRESENT": null, "TAXI_STOP_PRESENT": null, "DATASET_LAST_UPDATED": 1788150607000, "_matched": false}}, {"type": "Feature", "id": 141074, "geometry": {"type": "Point", "coordinates": [-0.324382989477341, 51.5092303035165]}, "properties": {"OBJECTID": 141074, "LOCATION": "Leeland Terrace", "BOROUGH": null, "NB_SPACES": "2", "DAYS_OP": "Mon - Sun", "TIMES_OP": null, "STATION_NEARBY": null, "STATION_NAME": null, "RANK_TYPE": null, "ATCOCODE": null, "RANK_REFERENCE": "TR5550", "LOCATION_DETAILS": null, "AREA_CODE": "EAL", "TAXI_STATUS": "A", "START_DATE": null, "RANK_NAME": "Leeland Terrace (Sainsbury's), West Ealing, W13", "FEATURE_TYPE_CODE": "TTTA", "FEATURE_TYPE_NAME": "TfL Apt - Taxi Rank", "ACCESSIBLE": null, "NIGHT_TUBE": null, "HIGHWAY_AUTHORITY": "EAL", "SECTOR_CODE": "Sector 8", "RANK_LENGTH": null, "TAXI_SHELTER_PRESENT": null, "TAXI_STOP_PRESENT": null, "DATASET_LAST_UPDATED": 1788150607000, "_matched": false}}, {"type": "Feature", "id": 141075, "geometry": {"type": "Point", "coordinates": [-0.114588332924325, 51.5110902658571]}, "properties": {"OBJECTID": 141075, "LOCATION": "Temple Place", "BOROUGH": null, "NB_SPACES": "9", "DAYS_OP": "Mon-Sun", "TIMES_OP": null, "STATION_NEARBY": null, "STATION_NAME": null, "RANK_TYPE": null, "ATCOCODE": null, "RANK_REFERENCE": "TR6209", "LOCATION_DETAILS": null, "AREA_CODE": "WES", "TAXI_STATUS": "A", "START_DATE": null, "RANK_NAME": "Temple Place Refreshment Rank", "FEATURE_TYPE_CODE": "TTRF", "FEATURE_TYPE_NAME": "TfL Apt - Refreshment Rank", "ACCESSIBLE": null, "NIGHT_TUBE": null, "HIGHWAY_AUTHORITY": "WES", "SECTOR_CODE": "All London", "RANK_LENGTH": null, "TAXI_SHELTER_PRESENT": null, "TAXI_STOP_PRESENT": null, "DATASET_LAST_UPDATED": 1788150607000, "_matched": true}}, {"type": "Feature", "id": 141076, "geometry": {"type": "Point", "coordinates": [-0.279046746064157, 51.4924235789427]}, "properties": {"OBJECTID": 141076, "LOCATION": "Power Road", "BOROUGH": null, "NB_SPACES": "1", "DAYS_OP": "Mon - Sun", "TIMES_OP": null, "STATION_NEARBY": null, "STATION_NAME": null, "RANK_TYPE": null, "ATCOCODE": null, "RANK_REFERENCE": "TR6108", "LOCATION_DETAILS": null, "AREA_CODE": "HOU", "TAXI_STATUS": "A", "START_DATE": null, "RANK_NAME": "Clayton Hotel", "FEATURE_TYPE_CODE": "TTTA", "FEATURE_TYPE_NAME": "TfL Apt - Taxi Rank", "ACCESSIBLE": null, "NIGHT_TUBE": null, "HIGHWAY_AUTHORITY": "HOU", "SECTOR_CODE": "All London", "RANK_LENGTH": null, "TAXI_SHELTER_PRESENT": null, "TAXI_STOP_PRESENT": null, "DATASET_LAST_UPDATED": 1788150607000, "_matched": false}}, {"type": "Feature", "id": 141077, "geometry": {"type": "Point", "coordinates": [-0.209451055787262, 51.4211591331924]}, "properties": {"OBJECTID": 141077, "LOCATION": "Worple Road", "BOROUGH": null, "NB_SPACES": "3", "DAYS_OP": "Mon - Sun", "TIMES_OP": null, "STATION_NEARBY": null, "STATION_NAME": null, "RANK_TYPE": null, "ATCOCODE": null, "RANK_REFERENCE": "TR5382", "LOCATION_DETAILS": null, "AREA_CODE": "MER", "TAXI_STATUS": "A", "START_DATE": null, "RANK_NAME": "Worple Road (Sainsbury's), Wimbledon, Sw19", "FEATURE_TYPE_CODE": "TTTA", "FEATURE_TYPE_NAME": "TfL Apt - Taxi Rank", "ACCESSIBLE": null, "NIGHT_TUBE": null, "HIGHWAY_AUTHORITY": "MER", "SECTOR_CODE": "Sector 6", "RANK_LENGTH": null, "TAXI_SHELTER_PRESENT": null, "TAXI_STOP_PRESENT": null, "DATASET_LAST_UPDATED": 1788150607000, "_matched": false}}, {"type": "Feature", "id": 141078, "geometry": {"type": "Point", "coordinates": [-0.114237193165125, 51.5108687996336]}, "properties": {"OBJECTID": 141078, "LOCATION": "Victoria Embankment", "BOROUGH": null, "NB_SPACES": "3", "DAYS_OP": "Mon - Sun", "TIMES_OP": null, "STATION_NEARBY": null, "STATION_NAME": "Temple Station", "RANK_TYPE": null, "ATCOCODE": null, "RANK_REFERENCE": "TR5890", "LOCATION_DETAILS": null, "AREA_CODE": "WES", "TAXI_STATUS": "A", "START_DATE": null, "RANK_NAME": "Victoria Embankment (Salsa Bar), Wc2r", "FEATURE_TYPE_CODE": "TTTA", "FEATURE_TYPE_NAME": "TfL Apt - Taxi Rank", "ACCESSIBLE": null, "NIGHT_TUBE": null, "HIGHWAY_AUTHORITY": "WES", "SECTOR_CODE": "All London", "RANK_LENGTH": null, "TAXI_SHELTER_PRESENT": null, "TAXI_STOP_PRESENT": null, "DATASET_LAST_UPDATED": 1788150607000, "_matched": true}}, {"type": "Feature", "id": 141079, "geometry": {"type": "Point", "coordinates": [-0.118765543930418, 51.5118407746086]}, "properties": {"OBJECTID": 141079, "LOCATION": "Aldwych", "BOROUGH": null, "NB_SPACES": "2", "DAYS_OP": "Mon - Sun", "TIMES_OP": null, "STATION_NEARBY": null, "STATION_NAME": "No", "RANK_TYPE": null, "ATCOCODE": null, "RANK_REFERENCE": "TR6179", "LOCATION_DETAILS": null, "AREA_CODE": "WES", "TAXI_STATUS": "A", "START_DATE": null, "RANK_NAME": "Me Hotel", "FEATURE_TYPE_CODE": "TTTA", "FEATURE_TYPE_NAME": "TfL Apt - Taxi Rank", "ACCESSIBLE": null, "NIGHT_TUBE": null, "HIGHWAY_AUTHORITY": "WES", "SECTOR_CODE": "All London", "RANK_LENGTH": null, "TAXI_SHELTER_PRESENT": null, "TAXI_STOP_PRESENT": null, "DATASET_LAST_UPDATED": 1788150607000, "_matched": false}}, {"type": "Feature", "id": 141080, "geometry": {"type": "Point", "coordinates": [-0.0101158929976587, 51.4817297163015]}, "properties": {"OBJECTID": 141080, "LOCATION": "Greenwich Church Street", "BOROUGH": null, "NB_SPACES": "2", "DAYS_OP": "Mon - Sun", "TIMES_OP": null, "STATION_NEARBY": null, "STATION_NAME": "Cutty Sark (For Maritime Greenwich) Dlr Station", "RANK_TYPE": null, "ATCOCODE": null, "RANK_REFERENCE": "TR5789", "LOCATION_DETAILS": null, "AREA_CODE": "GRE", "TAXI_STATUS": "A", "START_DATE": null, "RANK_NAME": "Greenwich Church Street (Cutty Sark Dlr Station), Se10", "FEATURE_TYPE_CODE": "TTTA", "FEATURE_TYPE_NAME": "TfL Apt - Taxi Rank", "ACCESSIBLE": null, "NIGHT_TUBE": null, "HIGHWAY_AUTHORITY": "GRE", "SECTOR_CODE": "Sector 3", "RANK_LENGTH": null, "TAXI_SHELTER_PRESENT": null, "TAXI_STOP_PRESENT": null, "DATASET_LAST_UPDATED": 1788150607000, "_matched": false}}, {"type": "Feature", "id": 141081, "geometry": {"type": "Point", "coordinates": [-0.0891605205473903, 51.5277646024747]}, "properties": {"OBJECTID": 141081, "LOCATION": "Britannia Walk", "BOROUGH": null, "NB_SPACES": "2", "DAYS_OP": "Mon - Sun", "TIMES_OP": null, "STATION_NEARBY": null, "STATION_NAME": null, "RANK_TYPE": null, "ATCOCODE": null, "RANK_REFERENCE": "TR5885", "LOCATION_DETAILS": null, "AREA_CODE": "HAC", "TAXI_STATUS": "A", "START_DATE": null, "RANK_NAME": "Britannia Walk (Montcalm Hotel), N1", "FEATURE_TYPE_CODE": "TTTA", "FEATURE_TYPE_NAME": "TfL Apt - Taxi Rank", "ACCESSIBLE": null, "NIGHT_TUBE": null, "HIGHWAY_AUTHORITY": "HAC", "SECTOR_CODE": "All London", "RANK_LENGTH": null, "TAXI_SHELTER_PRESENT": null, "TAXI_STOP_PRESENT": null, "DATASET_LAST_UPDATED": 1788150607000, "_matched": false}}, {"type": "Feature", "id": 141082, "geometry": {"type": "Point", "coordinates": [-0.156896358891652, 51.515467652928]}, "properties": {"OBJECTID": 141082, "LOCATION": "Portman Square", "BOROUGH": null, "NB_SPACES": "6", "DAYS_OP": "Mon - Sun", "TIMES_OP": null, "STATION_NEARBY": null, "STATION_NAME": null, "RANK_TYPE": null, "ATCOCODE": null, "RANK_REFERENCE": "TR4977", "LOCATION_DETAILS": null, "AREA_CODE": "WES", "TAXI_STATUS": "A", "START_DATE": null, "RANK_NAME": "Portman Square (The Churchill Hyatt Regency London Hotel), W1", "FEATURE_TYPE_CODE": "TTTA", "FEATURE_TYPE_NAME": "TfL Apt - Taxi Rank", "ACCESSIBLE": null, "NIGHT_TUBE": null, "HIGHWAY_AUTHORITY": "WES", "SECTOR_CODE": "All London", "RANK_LENGTH": null, "TAXI_SHELTER_PRESENT": null, "TAXI_STOP_PRESENT": "PCO4977", "DATASET_LAST_UPDATED": 1788150607000, "_matched": false}}, {"type": "Feature", "id": 141083, "geometry": {"type": "Point", "coordinates": [-0.352031097321738, 51.5285507396203]}, "properties": {"OBJECTID": 141083, "LOCATION": "Greenford Road", "BOROUGH": null, "NB_SPACES": "2", "DAYS_OP": "Mon - Sun", "TIMES_OP": null, "STATION_NEARBY": null, "STATION_NAME": null, "RANK_TYPE": null, "ATCOCODE": null, "RANK_REFERENCE": "TR5659", "LOCATION_DETAILS": null, "AREA_CODE": "EAL", "TAXI_STATUS": "A", "START_DATE": null, "RANK_NAME": "Greenford Road (Tesco), Greenford, Ub6", "FEATURE_TYPE_CODE": "TTTA", "FEATURE_TYPE_NAME": "TfL Apt - Taxi Rank", "ACCESSIBLE": null, "NIGHT_TUBE": null, "HIGHWAY_AUTHORITY": "EAL", "SECTOR_CODE": "Sector 8", "RANK_LENGTH": null, "TAXI_SHELTER_PRESENT": null, "TAXI_STOP_PRESENT": null, "DATASET_LAST_UPDATED": 1788150607000, "_matched": false}}, {"type": "Feature", "id": 141084, "geometry": {"type": "Point", "coordinates": [-0.198044420441339, 51.5099921625789]}, "properties": {"OBJECTID": 141084, "LOCATION": "Kensington Park Road", "BOROUGH": null, "NB_SPACES": "18", "DAYS_OP": "Mon - Sun", "TIMES_OP": null, "STATION_NEARBY": null, "STATION_NAME": null, "RANK_TYPE": null, "ATCOCODE": null, "RANK_REFERENCE": "TR3995", "LOCATION_DETAILS": null, "AREA_CODE": "K&C", "TAXI_STATUS": "A", "START_DATE": null, "RANK_NAME": "Kensington Park Road, W11", "FEATURE_TYPE_CODE": "TTRF", "FEATURE_TYPE_NAME": "TfL Apt - Refreshment Rank", "ACCESSIBLE": null, "NIGHT_TUBE": null, "HIGHWAY_AUTHORITY": "K&C", "SECTOR_CODE": "All London", "RANK_LENGTH": null, "TAXI_SHELTER_PRESENT": null, "TAXI_STOP_PRESENT": null, "DATASET_LAST_UPDATED": 1788150607000, "_matched": false}}, {"type": "Feature", "id": 141085, "geometry": {"type": "Point", "coordinates": [-0.183200774708225, 51.5016699507157]}, "properties": {"OBJECTID": 141085, "LOCATION": "Kensington Road", "BOROUGH": null, "NB_SPACES": "12", "DAYS_OP": "Mon - Sun", "TIMES_OP": null, "STATION_NEARBY": null, "STATION_NAME": null, "RANK_TYPE": null, "ATCOCODE": null, "RANK_REFERENCE": "TR5149", "LOCATION_DETAILS": null, "AREA_CODE": "K&C", "TAXI_STATUS": "A", "START_DATE": null, "RANK_NAME": "Kensington Road (Broad Walk), W2", "FEATURE_TYPE_CODE": "TTRF", "FEATURE_TYPE_NAME": "TfL Apt - Refreshment Rank", "ACCESSIBLE": null, "NIGHT_TUBE": null, "HIGHWAY_AUTHORITY": "K&C", "SECTOR_CODE": "All London", "RANK_LENGTH": null, "TAXI_SHELTER_PRESENT": null, "TAXI_STOP_PRESENT": null, "DATASET_LAST_UPDATED": 1788150607000, "_matched": false}}, {"type": "Feature", "id": 141086, "geometry": {"type": "Point", "coordinates": [-0.101357751222374, 51.3778845801425]}, "properties": {"OBJECTID": 141086, "LOCATION": "Poplar Walk", "BOROUGH": null, "NB_SPACES": "2", "DAYS_OP": "Mon - Sun", "TIMES_OP": null, "STATION_NEARBY": null, "STATION_NAME": null, "RANK_TYPE": null, "ATCOCODE": null, "RANK_REFERENCE": "TR5872", "LOCATION_DETAILS": null, "AREA_CODE": "CRO", "TAXI_STATUS": "A", "START_DATE": null, "RANK_NAME": "Poplar Walk, Croydon", "FEATURE_TYPE_CODE": "TTTA", "FEATURE_TYPE_NAME": "TfL Apt - Taxi Rank", "ACCESSIBLE": null, "NIGHT_TUBE": null, "HIGHWAY_AUTHORITY": "CRO", "SECTOR_CODE": "Sector 5", "RANK_LENGTH": null, "TAXI_SHELTER_PRESENT": null, "TAXI_STOP_PRESENT": null, "DATASET_LAST_UPDATED": 1788150607000, "_matched": false}}, {"type": "Feature", "id": 141087, "geometry": {"type": "Point", "coordinates": [-0.104266635596306, 51.506652421572]}, "properties": {"OBJECTID": 141087, "LOCATION": "Blackfriars Road", "BOROUGH": null, "NB_SPACES": "1", "DAYS_OP": "Mon - Sun", "TIMES_OP": null, "STATION_NEARBY": null, "STATION_NAME": null, "RANK_TYPE": null, "ATCOCODE": null, "RANK_REFERENCE": "TR5822", "LOCATION_DETAILS": null, "AREA_CODE": "SWK", "TAXI_STATUS": "A", "START_DATE": null, "RANK_NAME": "240 Blackfrars Road, Se1", "FEATURE_TYPE_CODE": "TTTA", "FEATURE_TYPE_NAME": "TfL Apt - Taxi Rank", "ACCESSIBLE": null, "NIGHT_TUBE": null, "HIGHWAY_AUTHORITY": "TFL", "SECTOR_CODE": "All London", "RANK_LENGTH": null, "TAXI_SHELTER_PRESENT": null, "TAXI_STOP_PRESENT": null, "DATASET_LAST_UPDATED": 1788150607000, "_matched": false}}, {"type": "Feature", "id": 141088, "geometry": {"type": "Point", "coordinates": [-0.0963208192365458, 51.5271886012244]}, "properties": {"OBJECTID": 141088, "LOCATION": "Lever Street", "BOROUGH": null, "NB_SPACES": "3", "DAYS_OP": "Mon - Sun", "TIMES_OP": null, "STATION_NEARBY": null, "STATION_NAME": null, "RANK_TYPE": null, "ATCOCODE": null, "RANK_REFERENCE": "TR5044", "LOCATION_DETAILS": null, "AREA_CODE": "ISL", "TAXI_STATUS": "A", "START_DATE": null, "RANK_NAME": "Lever Street (The Thistle City Barbican Hotel), Ec1", "FEATURE_TYPE_CODE": "TTTA", "FEATURE_TYPE_NAME": "TfL Apt - Taxi Rank", "ACCESSIBLE": null, "NIGHT_TUBE": null, "HIGHWAY_AUTHORITY": "ISL", "SECTOR_CODE": "All London", "RANK_LENGTH": null, "TAXI_SHELTER_PRESENT": null, "TAXI_STOP_PRESENT": null, "DATASET_LAST_UPDATED": 1788150607000, "_matched": false}}, {"type": "Feature", "id": 141089, "geometry": {"type": "Point", "coordinates": [-0.142612333038638, 51.5076976117455]}, "properties": {"OBJECTID": 141089, "LOCATION": "Berkeley Street", "BOROUGH": null, "NB_SPACES": "1", "DAYS_OP": "Mon - Sun", "TIMES_OP": null, "STATION_NEARBY": null, "STATION_NAME": null, "RANK_TYPE": null, "ATCOCODE": null, "RANK_REFERENCE": "TR6055", "LOCATION_DETAILS": null, "AREA_CODE": "WES", "TAXI_STATUS": "A", "START_DATE": null, "RANK_NAME": "Berkeley Street (Holiday Inn Hotel)", "FEATURE_TYPE_CODE": "TTTA", "FEATURE_TYPE_NAME": "TfL Apt - Taxi Rank", "ACCESSIBLE": null, "NIGHT_TUBE": null, "HIGHWAY_AUTHORITY": "WES", "SECTOR_CODE": "All London", "RANK_LENGTH": null, "TAXI_SHELTER_PRESENT": null, "TAXI_STOP_PRESENT": null, "DATASET_LAST_UPDATED": 1788150607000, "_matched": false}}, {"type": "Feature", "id": 141090, "geometry": {"type": "Point", "coordinates": [0.0756275248427859, 51.5595233331117]}, "properties": {"OBJECTID": 141090, "LOCATION": "High Road", "BOROUGH": null, "NB_SPACES": "2", "DAYS_OP": "Mon - Sun", "TIMES_OP": null, "STATION_NEARBY": null, "STATION_NAME": null, "RANK_TYPE": null, "ATCOCODE": null, "RANK_REFERENCE": "TR5575", "LOCATION_DETAILS": null, "AREA_CODE": "RED", "TAXI_STATUS": "A", "START_DATE": null, "RANK_NAME": "High Road (Clements Road), Ilford, Ig1", "FEATURE_TYPE_CODE": "TTTA", "FEATURE_TYPE_NAME": "TfL Apt - Taxi Rank", "ACCESSIBLE": null, "NIGHT_TUBE": null, "HIGHWAY_AUTHORITY": "RED", "SECTOR_CODE": "Sector 2", "RANK_LENGTH": null, "TAXI_SHELTER_PRESENT": null, "TAXI_STOP_PRESENT": null, "DATASET_LAST_UPDATED": 1788150607000, "_matched": false}}, {"type": "Feature", "id": 141091, "geometry": {"type": "Point", "coordinates": [-0.128535630277237, 51.5108100637167]}, "properties": {"OBJECTID": 141091, "LOCATION": "Charing Cross Road", "BOROUGH": null, "NB_SPACES": "10", "DAYS_OP": "Mon - Sun", "TIMES_OP": null, "STATION_NEARBY": null, "STATION_NAME": "Leicester Square Station", "RANK_TYPE": null, "ATCOCODE": null, "RANK_REFERENCE": "TR5758", "LOCATION_DETAILS": null, "AREA_CODE": "WES", "TAXI_STATUS": "A", "START_DATE": null, "RANK_NAME": "Charing Cross Road, Wc2 (R0016)", "FEATURE_TYPE_CODE": "TTTA", "FEATURE_TYPE_NAME": "TfL Apt - Taxi Rank", "ACCESSIBLE": null, "NIGHT_TUBE": null, "HIGHWAY_AUTHORITY": "WES", "SECTOR_CODE": "All London", "RANK_LENGTH": null, "TAXI_SHELTER_PRESENT": null, "TAXI_STOP_PRESENT": null, "DATASET_LAST_UPDATED": 1788150607000, "_matched": false}}, {"type": "Feature", "id": 141092, "geometry": {"type": "Point", "coordinates": [-0.438220360012436, 51.4811179373189]}, "properties": {"OBJECTID": 141092, "LOCATION": "Bath Road", "BOROUGH": null, "NB_SPACES": "2", "DAYS_OP": "Mon - Sun", "TIMES_OP": null, "STATION_NEARBY": null, "STATION_NAME": null, "RANK_TYPE": null, "ATCOCODE": null, "RANK_REFERENCE": "TR5937", "LOCATION_DETAILS": null, "AREA_CODE": "HIL", "TAXI_STATUS": "A", "START_DATE": null, "RANK_NAME": "Marriott Hotel (Heathrow, Bath Road)\r\n", "FEATURE_TYPE_CODE": "TPTA", "FEATURE_TYPE_NAME": "Private - Taxi Rank", "ACCESSIBLE": null, "NIGHT_TUBE": null, "HIGHWAY_AUTHORITY": "HIL", "SECTOR_CODE": "Sector 8", "RANK_LENGTH": null, "TAXI_SHELTER_PRESENT": null, "TAXI_STOP_PRESENT": null, "DATASET_LAST_UPDATED": 1788150607000, "_matched": false}}, {"type": "Feature", "id": 141094, "geometry": {"type": "Point", "coordinates": [-0.183230141009942, 51.4936850835359]}, "properties": {"OBJECTID": 141094, "LOCATION": "Gloucester Road", "BOROUGH": null, "NB_SPACES": "3", "DAYS_OP": "Mon - Sun", "TIMES_OP": null, "STATION_NEARBY": null, "STATION_NAME": null, "RANK_TYPE": null, "ATCOCODE": null, "RANK_REFERENCE": "TR5938", "LOCATION_DETAILS": null, "AREA_CODE": "K&C", "TAXI_STATUS": "A", "START_DATE": null, "RANK_NAME": "Gloucester Road (Millennium Hotel)", "FEATURE_TYPE_CODE": "TPTA", "FEATURE_TYPE_NAME": "Private - Taxi Rank", "ACCESSIBLE": null, "NIGHT_TUBE": null, "HIGHWAY_AUTHORITY": "K&C", "SECTOR_CODE": "All London", "RANK_LENGTH": null, "TAXI_SHELTER_PRESENT": null, "TAXI_STOP_PRESENT": null, "DATASET_LAST_UPDATED": 1788150607000, "_matched": false}}, {"type": "Feature", "id": 141096, "geometry": {"type": "Point", "coordinates": [-0.44655641747673, 51.4595663345524]}, "properties": {"OBJECTID": 141096, "LOCATION": "Heathrow Terminal 4", "BOROUGH": null, "NB_SPACES": "8", "DAYS_OP": "Mon - Sun", "TIMES_OP": null, "STATION_NEARBY": null, "STATION_NAME": "Heathrow Terminal 4 Station", "RANK_TYPE": null, "ATCOCODE": null, "RANK_REFERENCE": "TR5935", "LOCATION_DETAILS": null, "AREA_CODE": "HIL", "TAXI_STATUS": "A", "START_DATE": null, "RANK_NAME": "Heathrow Airport (Terminal 4).", "FEATURE_TYPE_CODE": "TPTA", "FEATURE_TYPE_NAME": "Private - Taxi Rank", "ACCESSIBLE": null, "NIGHT_TUBE": null, "HIGHWAY_AUTHORITY": "BAA", "SECTOR_CODE": "All London", "RANK_LENGTH": null, "TAXI_SHELTER_PRESENT": null, "TAXI_STOP_PRESENT": null, "DATASET_LAST_UPDATED": 1788150607000, "_matched": false}}, {"type": "Feature", "id": 141097, "geometry": {"type": "Point", "coordinates": [-0.131541518906492, 51.5106061980116]}, "properties": {"OBJECTID": 141097, "LOCATION": "Wardour Street", "BOROUGH": null, "NB_SPACES": "4", "DAYS_OP": "Mon - Sun", "TIMES_OP": null, "STATION_NEARBY": null, "STATION_NAME": null, "RANK_TYPE": null, "ATCOCODE": null, "RANK_REFERENCE": "TR6068", "LOCATION_DETAILS": null, "AREA_CODE": "WES", "TAXI_STATUS": "A", "START_DATE": null, "RANK_NAME": "Wardour St W Hotel", "FEATURE_TYPE_CODE": "TTTA", "FEATURE_TYPE_NAME": "TfL Apt - Taxi Rank", "ACCESSIBLE": null, "NIGHT_TUBE": null, "HIGHWAY_AUTHORITY": "WES", "SECTOR_CODE": "All London", "RANK_LENGTH": null, "TAXI_SHELTER_PRESENT": null, "TAXI_STOP_PRESENT": null, "DATASET_LAST_UPDATED": 1788150607000, "_matched": false}}, {"type": "Feature", "id": 141098, "geometry": {"type": "Point", "coordinates": [-0.132441575539712, 51.5093885579513]}, "properties": {"OBJECTID": 141098, "LOCATION": "Haymarket", "BOROUGH": null, "NB_SPACES": "9", "DAYS_OP": null, "TIMES_OP": null, "STATION_NEARBY": null, "STATION_NAME": null, "RANK_TYPE": null, "ATCOCODE": null, "RANK_REFERENCE": "TR5604", "LOCATION_DETAILS": null, "AREA_CODE": "WES", "TAXI_STATUS": "A", "START_DATE": null, "RANK_NAME": "Haymarket (Tiger Tiger Club), Sw1", "FEATURE_TYPE_CODE": "TTTA", "FEATURE_TYPE_NAME": "TfL Apt - Taxi Rank", "ACCESSIBLE": null, "NIGHT_TUBE": null, "HIGHWAY_AUTHORITY": "WES", "SECTOR_CODE": "All London", "RANK_LENGTH": null, "TAXI_SHELTER_PRESENT": null, "TAXI_STOP_PRESENT": null, "DATASET_LAST_UPDATED": 1788150607000, "_matched": false}}, {"type": "Feature", "id": 141099, "geometry": {"type": "Point", "coordinates": [-0.219358554463971, 51.5044366359622]}, "properties": {"OBJECTID": 141099, "LOCATION": "Uxbridge Road", "BOROUGH": null, "NB_SPACES": "3", "DAYS_OP": "Mon - Sun", "TIMES_OP": null, "STATION_NEARBY": null, "STATION_NAME": "Shepherds Bush Station", "RANK_TYPE": null, "ATCOCODE": null, "RANK_REFERENCE": "TR5552", "LOCATION_DETAILS": null, "AREA_CODE": "H&F", "TAXI_STATUS": "A", "START_DATE": null, "RANK_NAME": "Uxbridge Road, Shepherds Bush, W7", "FEATURE_TYPE_CODE": "TTTA", "FEATURE_TYPE_NAME": "TfL Apt - Taxi Rank", "ACCESSIBLE": null, "NIGHT_TUBE": null, "HIGHWAY_AUTHORITY": "H&F", "SECTOR_CODE": "All London", "RANK_LENGTH": null, "TAXI_SHELTER_PRESENT": null, "TAXI_STOP_PRESENT": "PCO5552", "DATASET_LAST_UPDATED": 1788150607000, "_matched": true}}, {"type": "Feature", "id": 141101, "geometry": {"type": "Point", "coordinates": [-0.122733221521827, 51.5071742759764]}, "properties": {"OBJECTID": 141101, "LOCATION": "Embankment Place", "BOROUGH": null, "NB_SPACES": "13", "DAYS_OP": "mon - sun", "TIMES_OP": null, "STATION_NEARBY": null, "STATION_NAME": "Embankment Station", "RANK_TYPE": null, "ATCOCODE": null, "RANK_REFERENCE": "TR6232", "LOCATION_DETAILS": null, "AREA_CODE": "WES", "TAXI_STATUS": "A", "START_DATE": null, "RANK_NAME": "Embankment Station Refreshment Rank", "FEATURE_TYPE_CODE": "TTRF", "FEATURE_TYPE_NAME": "TfL Apt - Refreshment Rank", "ACCESSIBLE": null, "NIGHT_TUBE": null, "HIGHWAY_AUTHORITY": "WES", "SECTOR_CODE": "All London", "RANK_LENGTH": null, "TAXI_SHELTER_PRESENT": null, "TAXI_STOP_PRESENT": null, "DATASET_LAST_UPDATED": 1788150607000, "_matched": false}}, {"type": "Feature", "id": 141102, "geometry": {"type": "Point", "coordinates": [-0.114968947608246, 51.3393186431312]}, "properties": {"OBJECTID": 141102, "LOCATION": "Woburn Avenue", "BOROUGH": null, "NB_SPACES": "2", "DAYS_OP": "Mon - Sun", "TIMES_OP": null, "STATION_NEARBY": null, "STATION_NAME": null, "RANK_TYPE": null, "ATCOCODE": null, "RANK_REFERENCE": "TR5011", "LOCATION_DETAILS": null, "AREA_CODE": "CRO", "TAXI_STATUS": "A", "START_DATE": null, "RANK_NAME": "Woburn Avenue, Purley (Sainsbury's), Cr8", "FEATURE_TYPE_CODE": "TTTA", "FEATURE_TYPE_NAME": "TfL Apt - Taxi Rank", "ACCESSIBLE": null, "NIGHT_TUBE": null, "HIGHWAY_AUTHORITY": "CRO", "SECTOR_CODE": "Sector 5", "RANK_LENGTH": null, "TAXI_SHELTER_PRESENT": null, "TAXI_STOP_PRESENT": null, "DATASET_LAST_UPDATED": 1788150607000, "_matched": false}}, {"type": "Feature", "id": 141103, "geometry": {"type": "Point", "coordinates": [-0.0012831635601809, 51.5029011748855]}, "properties": {"OBJECTID": 141103, "LOCATION": "Intercontinental Hotel Service Road", "BOROUGH": null, "NB_SPACES": "3", "DAYS_OP": "Mon - Sun", "TIMES_OP": null, "STATION_NEARBY": null, "STATION_NAME": null, "RANK_TYPE": null, "ATCOCODE": null, "RANK_REFERENCE": "TR6025", "LOCATION_DETAILS": null, "AREA_CODE": "GRE", "TAXI_STATUS": "A", "START_DATE": null, "RANK_NAME": "O2 Intercontinental Hotel", "FEATURE_TYPE_CODE": "TPTA", "FEATURE_TYPE_NAME": "Private - Taxi Rank", "ACCESSIBLE": null, "NIGHT_TUBE": null, "HIGHWAY_AUTHORITY": "Private", "SECTOR_CODE": "Sector 3", "RANK_LENGTH": null, "TAXI_SHELTER_PRESENT": null, "TAXI_STOP_PRESENT": "PCO6025", "DATASET_LAST_UPDATED": 1788150607000, "_matched": false}}, {"type": "Feature", "id": 141104, "geometry": {"type": "Point", "coordinates": [-0.0253045962189453, 51.4094780818405]}, "properties": {"OBJECTID": 141104, "LOCATION": "High Street", "BOROUGH": null, "NB_SPACES": "2", "DAYS_OP": "Mon - Sun", "TIMES_OP": null, "STATION_NEARBY": null, "STATION_NAME": null, "RANK_TYPE": null, "ATCOCODE": null, "RANK_REFERENCE": "TR6027", "LOCATION_DETAILS": null, "AREA_CODE": "BRO", "TAXI_STATUS": "A", "START_DATE": null, "RANK_NAME": "M&s Foodhall, High Street Beckenham", "FEATURE_TYPE_CODE": "TTTA", "FEATURE_TYPE_NAME": "TfL Apt - Taxi Rank", "ACCESSIBLE": null, "NIGHT_TUBE": null, "HIGHWAY_AUTHORITY": "BRO", "SECTOR_CODE": "Sector 4", "RANK_LENGTH": null, "TAXI_SHELTER_PRESENT": null, "TAXI_STOP_PRESENT": null, "DATASET_LAST_UPDATED": 1788150607000, "_matched": false}}, {"type": "Feature", "id": 141105, "geometry": {"type": "Point", "coordinates": [-0.0239991504710617, 51.5483481883717]}, "properties": {"OBJECTID": 141105, "LOCATION": "Lesney Avenue", "BOROUGH": null, "NB_SPACES": "2", "DAYS_OP": "Mon - Sun", "TIMES_OP": null, "STATION_NEARBY": null, "STATION_NAME": null, "RANK_TYPE": null, "ATCOCODE": null, "RANK_REFERENCE": "TR5977", "LOCATION_DETAILS": null, "AREA_CODE": "HAC", "TAXI_STATUS": "A", "START_DATE": null, "RANK_NAME": "Lesney Avenue (Here East/bt Sports), E20", "FEATURE_TYPE_CODE": "TTTA", "FEATURE_TYPE_NAME": "TfL Apt - Taxi Rank", "ACCESSIBLE": null, "NIGHT_TUBE": null, "HIGHWAY_AUTHORITY": "HAC", "SECTOR_CODE": "All London", "RANK_LENGTH": null, "TAXI_SHELTER_PRESENT": null, "TAXI_STOP_PRESENT": null, "DATASET_LAST_UPDATED": 1788150607000, "_matched": false}}, {"type": "Feature", "id": 141106, "geometry": {"type": "Point", "coordinates": [-0.183262759815237, 51.4932269720909]}, "properties": {"OBJECTID": 141106, "LOCATION": "Harrington Gardens", "BOROUGH": null, "NB_SPACES": "5", "DAYS_OP": "Mon - Sun", "TIMES_OP": null, "STATION_NEARBY": null, "STATION_NAME": null, "RANK_TYPE": null, "ATCOCODE": null, "RANK_REFERENCE": "TR4580", "LOCATION_DETAILS": null, "AREA_CODE": "K&C", "TAXI_STATUS": "A", "START_DATE": null, "RANK_NAME": "Harrington Gardens (Millenum Gloucester London Hotel), Sw1", "FEATURE_TYPE_CODE": "TTTA", "FEATURE_TYPE_NAME": "TfL Apt - Taxi Rank", "ACCESSIBLE": null, "NIGHT_TUBE": null, "HIGHWAY_AUTHORITY": "K&C", "SECTOR_CODE": "All London", "RANK_LENGTH": null, "TAXI_SHELTER_PRESENT": null, "TAXI_STOP_PRESENT": null, "DATASET_LAST_UPDATED": 1788150607000, "_matched": false}}, {"type": "Feature", "id": 141107, "geometry": {"type": "Point", "coordinates": [-0.366352105944198, 51.4683588559339]}, "properties": {"OBJECTID": 141107, "LOCATION": "Lampton Road", "BOROUGH": null, "NB_SPACES": "2", "DAYS_OP": "Mon - Sun", "TIMES_OP": null, "STATION_NEARBY": null, "STATION_NAME": null, "RANK_TYPE": null, "ATCOCODE": null, "RANK_REFERENCE": "TR5597", "LOCATION_DETAILS": null, "AREA_CODE": "HOU", "TAXI_STATUS": "A", "START_DATE": null, "RANK_NAME": "Lampton Road, Hounslow, Tw3", "FEATURE_TYPE_CODE": "TTTA", "FEATURE_TYPE_NAME": "TfL Apt - Taxi Rank", "ACCESSIBLE": null, "NIGHT_TUBE": null, "HIGHWAY_AUTHORITY": "HOU", "SECTOR_CODE": "Sector 7", "RANK_LENGTH": null, "TAXI_SHELTER_PRESENT": "0118/T001", "TAXI_STOP_PRESENT": null, "DATASET_LAST_UPDATED": 1788150607000, "_matched": false}}, {"type": "Feature", "id": 141108, "geometry": {"type": "Point", "coordinates": [-0.213688575388061, 51.5053575683928]}, "properties": {"OBJECTID": 141108, "LOCATION": "Holland Park Avenue", "BOROUGH": null, "NB_SPACES": "6", "DAYS_OP": "Mon - Sun", "TIMES_OP": null, "STATION_NEARBY": null, "STATION_NAME": null, "RANK_TYPE": null, "ATCOCODE": null, "RANK_REFERENCE": "TR5299", "LOCATION_DETAILS": null, "AREA_CODE": "K&C", "TAXI_STATUS": "A", "START_DATE": null, "RANK_NAME": "Holland Park Avenue (London Kensington Hilton), W14", "FEATURE_TYPE_CODE": "TTTA", "FEATURE_TYPE_NAME": "TfL Apt - Taxi Rank", "ACCESSIBLE": null, "NIGHT_TUBE": null, "HIGHWAY_AUTHORITY": "K&C", "SECTOR_CODE": "All London", "RANK_LENGTH": null, "TAXI_SHELTER_PRESENT": null, "TAXI_STOP_PRESENT": null, "DATASET_LAST_UPDATED": 1788150607000, "_matched": false}}, {"type": "Feature", "id": 141109, "geometry": {"type": "Point", "coordinates": [-0.176903733055353, 51.4955472674992]}, "properties": {"OBJECTID": 141109, "LOCATION": "Portobello Road", "BOROUGH": null, "NB_SPACES": "3", "DAYS_OP": "Mon - Sun", "TIMES_OP": null, "STATION_NEARBY": null, "STATION_NAME": null, "RANK_TYPE": null, "ATCOCODE": null, "RANK_REFERENCE": "TR5790", "LOCATION_DETAILS": null, "AREA_CODE": "K&C", "TAXI_STATUS": "A", "START_DATE": null, "RANK_NAME": "Portobello Road (Electric Diner), W11", "FEATURE_TYPE_CODE": "TTTA", "FEATURE_TYPE_NAME": "TfL Apt - Taxi Rank", "ACCESSIBLE": null, "NIGHT_TUBE": null, "HIGHWAY_AUTHORITY": "K&C", "SECTOR_CODE": "All London", "RANK_LENGTH": null, "TAXI_SHELTER_PRESENT": null, "TAXI_STOP_PRESENT": null, "DATASET_LAST_UPDATED": 1788150607000, "_matched": false}}, {"type": "Feature", "id": 141110, "geometry": {"type": "Point", "coordinates": [-0.158592775545296, 51.4984175505393]}, "properties": {"OBJECTID": 141110, "LOCATION": "Cadogan Place", "BOROUGH": null, "NB_SPACES": "5", "DAYS_OP": "Mon - Sun", "TIMES_OP": null, "STATION_NEARBY": null, "STATION_NAME": null, "RANK_TYPE": null, "ATCOCODE": null, "RANK_REFERENCE": "TR5152", "LOCATION_DETAILS": null, "AREA_CODE": "K&C", "TAXI_STATUS": "A", "START_DATE": null, "RANK_NAME": "Cadogan Place (Jumeirah Carlton Tower), Sw1", "FEATURE_TYPE_CODE": "TTTA", "FEATURE_TYPE_NAME": "TfL Apt - Taxi Rank", "ACCESSIBLE": null, "NIGHT_TUBE": null, "HIGHWAY_AUTHORITY": "K&C", "SECTOR_CODE": "All London", "RANK_LENGTH": null, "TAXI_SHELTER_PRESENT": null, "TAXI_STOP_PRESENT": null, "DATASET_LAST_UPDATED": 1788150607000, "_matched": false}}, {"type": "Feature", "id": 141111, "geometry": {"type": "Point", "coordinates": [-0.111793297491314, 51.515253809656]}, "properties": {"OBJECTID": 141111, "LOCATION": "Carey Street", "BOROUGH": null, "NB_SPACES": "4", "DAYS_OP": "Mon - Sun", "TIMES_OP": null, "STATION_NEARBY": null, "STATION_NAME": null, "RANK_TYPE": null, "ATCOCODE": null, "RANK_REFERENCE": "TR3528", "LOCATION_DETAILS": null, "AREA_CODE": "CDN", "TAXI_STATUS": "A", "START_DATE": null, "RANK_NAME": "Carey Street (Chancery Lane), Wc2", "FEATURE_TYPE_CODE": "TTTA", "FEATURE_TYPE_NAME": "TfL Apt - Taxi Rank", "ACCESSIBLE": null, "NIGHT_TUBE": null, "HIGHWAY_AUTHORITY": "CDN", "SECTOR_CODE": "All London", "RANK_LENGTH": null, "TAXI_SHELTER_PRESENT": null, "TAXI_STOP_PRESENT": null, "DATASET_LAST_UPDATED": 1788150607000, "_matched": false}}, {"type": "Feature", "id": 141112, "geometry": {"type": "Point", "coordinates": [-0.173936523034174, 51.5344564663066]}, "properties": {"OBJECTID": 141112, "LOCATION": "Acacia Road", "BOROUGH": null, "NB_SPACES": "7", "DAYS_OP": "Mon - Sun", "TIMES_OP": null, "STATION_NEARBY": null, "STATION_NAME": "St. John's Wood Station", "RANK_TYPE": null, "ATCOCODE": null, "RANK_REFERENCE": "TR4489", "LOCATION_DETAILS": null, "AREA_CODE": "WES", "TAXI_STATUS": "A", "START_DATE": null, "RANK_NAME": "Acacia Road (Wellington Road, St Johns Wood Station), Nw8", "FEATURE_TYPE_CODE": "TTTA", "FEATURE_TYPE_NAME": "TfL Apt - Taxi Rank", "ACCESSIBLE": null, "NIGHT_TUBE": null, "HIGHWAY_AUTHORITY": "WES", "SECTOR_CODE": "All London", "RANK_LENGTH": null, "TAXI_SHELTER_PRESENT": null, "TAXI_STOP_PRESENT": null, "DATASET_LAST_UPDATED": 1788150600000, "_matched": false}}, {"type": "Feature", "id": 141113, "geometry": {"type": "Point", "coordinates": [0.0183229861956648, 51.5311621336645]}, "properties": {"OBJECTID": 141113, "LOCATION": "Plaistow Road", "BOROUGH": null, "NB_SPACES": "7", "DAYS_OP": "Mon - Sun", "TIMES_OP": null, "STATION_NEARBY": null, "STATION_NAME": "Plaistow Station", "RANK_TYPE": null, "ATCOCODE": null, "RANK_REFERENCE": "TR5505", "LOCATION_DETAILS": null, "AREA_CODE": "NEW", "TAXI_STATUS": "A", "START_DATE": null, "RANK_NAME": "Plaistow Road (Plaistow Station), Plaistow, E13", "FEATURE_TYPE_CODE": "TTTA", "FEATURE_TYPE_NAME": "TfL Apt - Taxi Rank", "ACCESSIBLE": null, "NIGHT_TUBE": null, "HIGHWAY_AUTHORITY": "NEW", "SECTOR_CODE": "Sector 2", "RANK_LENGTH": null, "TAXI_SHELTER_PRESENT": null, "TAXI_STOP_PRESENT": null, "DATASET_LAST_UPDATED": 1788150607000, "_matched": false}}, {"type": "Feature", "id": 141114, "geometry": {"type": "Point", "coordinates": [-0.138702564244226, 51.4618275886662]}, "properties": {"OBJECTID": 141114, "LOCATION": "The Pavement", "BOROUGH": null, "NB_SPACES": "11", "DAYS_OP": "Mon - Sun", "TIMES_OP": null, "STATION_NEARBY": null, "STATION_NAME": "Clapham Common Station", "RANK_TYPE": null, "ATCOCODE": null, "RANK_REFERENCE": "TR5793", "LOCATION_DETAILS": null, "AREA_CODE": "LAM", "TAXI_STATUS": "A", "START_DATE": null, "RANK_NAME": "The Pavement, Clapham Common, Sw4", "FEATURE_TYPE_CODE": "TTTA", "FEATURE_TYPE_NAME": "TfL Apt - Taxi Rank", "ACCESSIBLE": null, "NIGHT_TUBE": null, "HIGHWAY_AUTHORITY": "TFL", "SECTOR_CODE": "All London", "RANK_LENGTH": null, "TAXI_SHELTER_PRESENT": "0122/T001", "TAXI_STOP_PRESENT": null, "DATASET_LAST_UPDATED": 1788150607000, "_matched": false}}, {"type": "Feature", "id": 141115, "geometry": {"type": "Point", "coordinates": [-0.0606224965077827, 51.5889760584645]}, "properties": {"OBJECTID": 141115, "LOCATION": "Tottenham Hale Bus Station", "BOROUGH": null, "NB_SPACES": "18", "DAYS_OP": "Mon - Sun", "TIMES_OP": null, "STATION_NEARBY": null, "STATION_NAME": "Tottenham Hale", "RANK_TYPE": null, "ATCOCODE": null, "RANK_REFERENCE": "TR6063", "LOCATION_DETAILS": null, "AREA_CODE": "HGY", "TAXI_STATUS": "A", "START_DATE": null, "RANK_NAME": "Tottenham Hale Station", "FEATURE_TYPE_CODE": "TTTA", "FEATURE_TYPE_NAME": "TfL Apt - Taxi Rank", "ACCESSIBLE": null, "NIGHT_TUBE": null, "HIGHWAY_AUTHORITY": "HGY", "SECTOR_CODE": "Sector 1", "RANK_LENGTH": null, "TAXI_SHELTER_PRESENT": null, "TAXI_STOP_PRESENT": null, "DATASET_LAST_UPDATED": 1788150607000, "_matched": true}}, {"type": "Feature", "id": 141116, "geometry": {"type": "Point", "coordinates": [-0.100969735280584, 51.5072735256982]}, "properties": {"OBJECTID": 141116, "LOCATION": "Holland Street", "BOROUGH": null, "NB_SPACES": "7", "DAYS_OP": "Mon - Sun", "TIMES_OP": null, "STATION_NEARBY": null, "STATION_NAME": null, "RANK_TYPE": null, "ATCOCODE": null, "RANK_REFERENCE": "TR5996", "LOCATION_DETAILS": null, "AREA_CODE": "SWK", "TAXI_STATUS": "A", "START_DATE": null, "RANK_NAME": "Holland Street (Tate Modern), Se1", "FEATURE_TYPE_CODE": "TTTA", "FEATURE_TYPE_NAME": "TfL Apt - Taxi Rank", "ACCESSIBLE": null, "NIGHT_TUBE": null, "HIGHWAY_AUTHORITY": "SWK", "SECTOR_CODE": "All London", "RANK_LENGTH": null, "TAXI_SHELTER_PRESENT": null, "TAXI_STOP_PRESENT": null, "DATASET_LAST_UPDATED": 1788150607000, "_matched": true}}, {"type": "Feature", "id": 141117, "geometry": {"type": "Point", "coordinates": [-0.117089342590685, 51.5039094332782]}, "properties": {"OBJECTID": 141117, "LOCATION": "Belvedere Road", "BOROUGH": null, "NB_SPACES": "2", "DAYS_OP": "Mon - Sun", "TIMES_OP": null, "STATION_NEARBY": null, "STATION_NAME": null, "RANK_TYPE": null, "ATCOCODE": null, "RANK_REFERENCE": "TR6174", "LOCATION_DETAILS": null, "AREA_CODE": "LAM", "TAXI_STATUS": "A", "START_DATE": null, "RANK_NAME": "Belvedere Road / Jubilee Gardens", "FEATURE_TYPE_CODE": "TTTA", "FEATURE_TYPE_NAME": "TfL Apt - Taxi Rank", "ACCESSIBLE": null, "NIGHT_TUBE": null, "HIGHWAY_AUTHORITY": "LAM", "SECTOR_CODE": "All London", "RANK_LENGTH": null, "TAXI_SHELTER_PRESENT": null, "TAXI_STOP_PRESENT": null, "DATASET_LAST_UPDATED": 1788150607000, "_matched": false}}, {"type": "Feature", "id": 141118, "geometry": {"type": "Point", "coordinates": [-0.104490591504449, 51.5203516918312]}, "properties": {"OBJECTID": 141118, "LOCATION": "Turnmill Street", "BOROUGH": null, "NB_SPACES": "2", "DAYS_OP": "Mon - Sun", "TIMES_OP": null, "STATION_NEARBY": null, "STATION_NAME": "Farringdon Station", "RANK_TYPE": null, "ATCOCODE": null, "RANK_REFERENCE": "TR6187", "LOCATION_DETAILS": null, "AREA_CODE": "ISL", "TAXI_STATUS": "A", "START_DATE": null, "RANK_NAME": "Farringdon Station (West)", "FEATURE_TYPE_CODE": "TTTA", "FEATURE_TYPE_NAME": "TfL Apt - Taxi Rank", "ACCESSIBLE": null, "NIGHT_TUBE": null, "HIGHWAY_AUTHORITY": "ISL", "SECTOR_CODE": "All London", "RANK_LENGTH": null, "TAXI_SHELTER_PRESENT": null, "TAXI_STOP_PRESENT": null, "DATASET_LAST_UPDATED": 1788150607000, "_matched": false}}, {"type": "Feature", "id": 141119, "geometry": {"type": "Point", "coordinates": [0.182357812066683, 51.5742412015384]}, "properties": {"OBJECTID": 141119, "LOCATION": "Atlanta Boulevard", "BOROUGH": null, "NB_SPACES": "3", "DAYS_OP": "Mon - Sun", "TIMES_OP": null, "STATION_NEARBY": null, "STATION_NAME": null, "RANK_TYPE": null, "ATCOCODE": null, "RANK_REFERENCE": "TR5716", "LOCATION_DETAILS": null, "AREA_CODE": "HAV", "TAXI_STATUS": "A", "START_DATE": null, "RANK_NAME": "Atlanta Boulevard, Rm1", "FEATURE_TYPE_CODE": "TTTA", "FEATURE_TYPE_NAME": "TfL Apt - Taxi Rank", "ACCESSIBLE": null, "NIGHT_TUBE": null, "HIGHWAY_AUTHORITY": "HAV", "SECTOR_CODE": "Sector 2", "RANK_LENGTH": null, "TAXI_SHELTER_PRESENT": null, "TAXI_STOP_PRESENT": null, "DATASET_LAST_UPDATED": 1788150607000, "_matched": false}}, {"type": "Feature", "id": 141120, "geometry": {"type": "Point", "coordinates": [-0.0829257709928454, 51.5135085760932]}, "properties": {"OBJECTID": 141120, "LOCATION": "Leadenhall Street", "BOROUGH": null, "NB_SPACES": "2", "DAYS_OP": "Mon - Sun", "TIMES_OP": null, "STATION_NEARBY": null, "STATION_NAME": null, "RANK_TYPE": null, "ATCOCODE": null, "RANK_REFERENCE": "TR5910", "LOCATION_DETAILS": null, "AREA_CODE": "CTY", "TAXI_STATUS": "A", "START_DATE": null, "RANK_NAME": "Leadenhall Street (City Of London)", "FEATURE_TYPE_CODE": "TCTA", "FEATURE_TYPE_NAME": "COL - Taxi Rank", "ACCESSIBLE": null, "NIGHT_TUBE": null, "HIGHWAY_AUTHORITY": "CTY", "SECTOR_CODE": "All London", "RANK_LENGTH": null, "TAXI_SHELTER_PRESENT": null, "TAXI_STOP_PRESENT": null, "DATASET_LAST_UPDATED": 1788150607000, "_matched": false}}, {"type": "Feature", "id": 141121, "geometry": {"type": "Point", "coordinates": [-0.213447658248716, 51.4901476721769]}, "properties": {"OBJECTID": 141121, "LOCATION": "Margravine Gardens", "BOROUGH": null, "NB_SPACES": "4", "DAYS_OP": "Fri - Sat", "TIMES_OP": null, "STATION_NEARBY": null, "STATION_NAME": "Barons Court Station", "RANK_TYPE": null, "ATCOCODE": null, "RANK_REFERENCE": "TR5988", "LOCATION_DETAILS": null, "AREA_CODE": "H&F", "TAXI_STATUS": "A", "START_DATE": null, "RANK_NAME": "Barons Court Station", "FEATURE_TYPE_CODE": "TTTA", "FEATURE_TYPE_NAME": "TfL Apt - Taxi Rank", "ACCESSIBLE": null, "NIGHT_TUBE": null, "HIGHWAY_AUTHORITY": "H&F", "SECTOR_CODE": "All London", "RANK_LENGTH": null, "TAXI_SHELTER_PRESENT": null, "TAXI_STOP_PRESENT": null, "DATASET_LAST_UPDATED": 1788150607000, "_matched": false}}, {"type": "Feature", "id": 141122, "geometry": {"type": "Point", "coordinates": [-0.1515749875016, 51.5144756710618]}, "properties": {"OBJECTID": 141122, "LOCATION": "Duke Street St James's", "BOROUGH": null, "NB_SPACES": "2", "DAYS_OP": "Mon - Sun", "TIMES_OP": null, "STATION_NEARBY": null, "STATION_NAME": null, "RANK_TYPE": null, "ATCOCODE": null, "RANK_REFERENCE": "TR5565", "LOCATION_DETAILS": null, "AREA_CODE": "WES", "TAXI_STATUS": "A", "START_DATE": null, "RANK_NAME": "Duke Street (Selfridges), W1", "FEATURE_TYPE_CODE": "TTTA", "FEATURE_TYPE_NAME": "TfL Apt - Taxi Rank", "ACCESSIBLE": null, "NIGHT_TUBE": null, "HIGHWAY_AUTHORITY": "WES", "SECTOR_CODE": "All London", "RANK_LENGTH": null, "TAXI_SHELTER_PRESENT": null, "TAXI_STOP_PRESENT": null, "DATASET_LAST_UPDATED": 1788150607000, "_matched": false}}, {"type": "Feature", "id": 141123, "geometry": {"type": "Point", "coordinates": [-0.156071607322758, 51.4973437983944]}, "properties": {"OBJECTID": 141123, "LOCATION": "Chesham Place", "BOROUGH": null, "NB_SPACES": "2", "DAYS_OP": "Mon - Sun", "TIMES_OP": null, "STATION_NEARBY": null, "STATION_NAME": null, "RANK_TYPE": null, "ATCOCODE": null, "RANK_REFERENCE": "TR5616", "LOCATION_DETAILS": null, "AREA_CODE": "K&C", "TAXI_STATUS": "A", "START_DATE": null, "RANK_NAME": "Chesham Place Sw1", "FEATURE_TYPE_CODE": "TTTA", "FEATURE_TYPE_NAME": "TfL Apt - Taxi Rank", "ACCESSIBLE": null, "NIGHT_TUBE": null, "HIGHWAY_AUTHORITY": "K&C", "SECTOR_CODE": "All London", "RANK_LENGTH": null, "TAXI_SHELTER_PRESENT": null, "TAXI_STOP_PRESENT": null, "DATASET_LAST_UPDATED": 1788150607000, "_matched": false}}, {"type": "Feature", "id": 141124, "geometry": {"type": "Point", "coordinates": [-0.0278449149063259, 51.5067680777357]}, "properties": {"OBJECTID": 141124, "LOCATION": "Westferry Road", "BOROUGH": null, "NB_SPACES": "3", "DAYS_OP": "Mon - Sun", "TIMES_OP": null, "STATION_NEARBY": null, "STATION_NAME": null, "RANK_TYPE": null, "ATCOCODE": null, "RANK_REFERENCE": "TR5960", "LOCATION_DETAILS": null, "AREA_CODE": "TH", "TAXI_STATUS": "A", "START_DATE": null, "RANK_NAME": "Westferry Circus (Canary Riverside Plaza Hotel) - Formally Four Seasons", "FEATURE_TYPE_CODE": "TPTA", "FEATURE_TYPE_NAME": "Private - Taxi Rank", "ACCESSIBLE": null, "NIGHT_TUBE": null, "HIGHWAY_AUTHORITY": "Private", "SECTOR_CODE": "All London", "RANK_LENGTH": null, "TAXI_SHELTER_PRESENT": null, "TAXI_STOP_PRESENT": null, "DATASET_LAST_UPDATED": 1788150607000, "_matched": false}}, {"type": "Feature", "id": 141125, "geometry": {"type": "Point", "coordinates": [-0.130273683531331, 51.5123575200326]}, "properties": {"OBJECTID": 141125, "LOCATION": "Gerrard Place", "BOROUGH": null, "NB_SPACES": "2", "DAYS_OP": "Mon - Sun", "TIMES_OP": null, "STATION_NEARBY": null, "STATION_NAME": null, "RANK_TYPE": null, "ATCOCODE": null, "RANK_REFERENCE": "TR6138", "LOCATION_DETAILS": null, "AREA_CODE": "WES", "TAXI_STATUS": "A", "START_DATE": null, "RANK_NAME": null, "FEATURE_TYPE_CODE": "TTTA", "FEATURE_TYPE_NAME": "TfL Apt - Taxi Rank", "ACCESSIBLE": null, "NIGHT_TUBE": null, "HIGHWAY_AUTHORITY": "WES", "SECTOR_CODE": "All London", "RANK_LENGTH": null, "TAXI_SHELTER_PRESENT": null, "TAXI_STOP_PRESENT": null, "DATASET_LAST_UPDATED": 1788150607000, "_matched": false}}, {"type": "Feature", "id": 141126, "geometry": {"type": "Point", "coordinates": [-0.11465657146639, 51.3581264756722]}, "properties": {"OBJECTID": 141126, "LOCATION": "Waddon Way", "BOROUGH": null, "NB_SPACES": "3", "DAYS_OP": "Mon - Sun", "TIMES_OP": null, "STATION_NEARBY": null, "STATION_NAME": null, "RANK_TYPE": null, "ATCOCODE": null, "RANK_REFERENCE": "TR5320", "LOCATION_DETAILS": null, "AREA_CODE": "CRO", "TAXI_STATUS": "A", "START_DATE": null, "RANK_NAME": "Waddon Way (Hilton), Waddon, Cr0", "FEATURE_TYPE_CODE": "TTTA", "FEATURE_TYPE_NAME": "TfL Apt - Taxi Rank", "ACCESSIBLE": null, "NIGHT_TUBE": null, "HIGHWAY_AUTHORITY": "CRO", "SECTOR_CODE": "Sector 5", "RANK_LENGTH": null, "TAXI_SHELTER_PRESENT": null, "TAXI_STOP_PRESENT": null, "DATASET_LAST_UPDATED": 1788150607000, "_matched": false}}, {"type": "Feature", "id": 141127, "geometry": {"type": "Point", "coordinates": [-0.145077890399407, 51.5062438756033]}, "properties": {"OBJECTID": 141127, "LOCATION": "Half Moon Street", "BOROUGH": null, "NB_SPACES": "2", "DAYS_OP": "Mon - Sun", "TIMES_OP": null, "STATION_NEARBY": null, "STATION_NAME": null, "RANK_TYPE": null, "ATCOCODE": null, "RANK_REFERENCE": "TR6135", "LOCATION_DETAILS": null, "AREA_CODE": "WES", "TAXI_STATUS": "A", "START_DATE": null, "RANK_NAME": "Flemings Hotel", "FEATURE_TYPE_CODE": "TTTA", "FEATURE_TYPE_NAME": "TfL Apt - Taxi Rank", "ACCESSIBLE": null, "NIGHT_TUBE": null, "HIGHWAY_AUTHORITY": "WES", "SECTOR_CODE": "All London", "RANK_LENGTH": null, "TAXI_SHELTER_PRESENT": null, "TAXI_STOP_PRESENT": null, "DATASET_LAST_UPDATED": 1788150607000, "_matched": false}}, {"type": "Feature", "id": 141129, "geometry": {"type": "Point", "coordinates": [-0.107127088069765, 51.5342877213526]}, "properties": {"OBJECTID": 141129, "LOCATION": "Liverpool Road", "BOROUGH": null, "NB_SPACES": "4", "DAYS_OP": "Mon - Sun", "TIMES_OP": null, "STATION_NEARBY": null, "STATION_NAME": null, "RANK_TYPE": null, "ATCOCODE": null, "RANK_REFERENCE": "TR5720", "LOCATION_DETAILS": null, "AREA_CODE": "ISL", "TAXI_STATUS": "A", "START_DATE": null, "RANK_NAME": "Liverpool Road (Sainsbury's) N1", "FEATURE_TYPE_CODE": "TTTA", "FEATURE_TYPE_NAME": "TfL Apt - Taxi Rank", "ACCESSIBLE": null, "NIGHT_TUBE": null, "HIGHWAY_AUTHORITY": "ISL", "SECTOR_CODE": "All London", "RANK_LENGTH": null, "TAXI_SHELTER_PRESENT": null, "TAXI_STOP_PRESENT": null, "DATASET_LAST_UPDATED": 1788150607000, "_matched": false}}, {"type": "Feature", "id": 141130, "geometry": {"type": "Point", "coordinates": [-0.116575816587745, 51.5205553633284]}, "properties": {"OBJECTID": 141130, "LOCATION": "Bedford Row", "BOROUGH": null, "NB_SPACES": "3", "DAYS_OP": "Mon - Sun", "TIMES_OP": null, "STATION_NEARBY": null, "STATION_NAME": null, "RANK_TYPE": null, "ATCOCODE": null, "RANK_REFERENCE": "TR4204", "LOCATION_DETAILS": null, "AREA_CODE": "CDN", "TAXI_STATUS": "A", "START_DATE": null, "RANK_NAME": "Redford Row (R0021)", "FEATURE_TYPE_CODE": "TTRE", "FEATURE_TYPE_NAME": "TfL Apt - Rest Rank", "ACCESSIBLE": null, "NIGHT_TUBE": null, "HIGHWAY_AUTHORITY": "CDN", "SECTOR_CODE": "All London", "RANK_LENGTH": null, "TAXI_SHELTER_PRESENT": null, "TAXI_STOP_PRESENT": null, "DATASET_LAST_UPDATED": 1788150607000, "_matched": false}}, {"type": "Feature", "id": 141131, "geometry": {"type": "Point", "coordinates": [0.0907717764784696, 51.5955939340212]}, "properties": {"OBJECTID": 141131, "LOCATION": "Fairlop Station Forecourt", "BOROUGH": null, "NB_SPACES": "2", "DAYS_OP": "Mon - Sun", "TIMES_OP": null, "STATION_NEARBY": null, "STATION_NAME": "Fairlop Station", "RANK_TYPE": null, "ATCOCODE": null, "RANK_REFERENCE": "TR5824", "LOCATION_DETAILS": null, "AREA_CODE": "RED", "TAXI_STATUS": "A", "START_DATE": null, "RANK_NAME": "Fairlop Station Fourecourt, Ig6", "FEATURE_TYPE_CODE": "TTTA", "FEATURE_TYPE_NAME": "TfL Apt - Taxi Rank", "ACCESSIBLE": null, "NIGHT_TUBE": null, "HIGHWAY_AUTHORITY": "RED", "SECTOR_CODE": "Sector 2", "RANK_LENGTH": null, "TAXI_SHELTER_PRESENT": null, "TAXI_STOP_PRESENT": null, "DATASET_LAST_UPDATED": 1788150607000, "_matched": false}}, {"type": "Feature", "id": 141132, "geometry": {"type": "Point", "coordinates": [-0.314976419579024, 51.4997615104856]}, "properties": {"OBJECTID": 141132, "LOCATION": "Northfield Avenue", "BOROUGH": null, "NB_SPACES": "3", "DAYS_OP": "Fri - Sat", "TIMES_OP": null, "STATION_NEARBY": null, "STATION_NAME": "Northfields Station", "RANK_TYPE": null, "ATCOCODE": null, "RANK_REFERENCE": "TR5990", "LOCATION_DETAILS": null, "AREA_CODE": "EAL", "TAXI_STATUS": "A", "START_DATE": null, "RANK_NAME": "Northfield Avenue (Northfields Station), W13", "FEATURE_TYPE_CODE": "TTTA", "FEATURE_TYPE_NAME": "TfL Apt - Taxi Rank", "ACCESSIBLE": null, "NIGHT_TUBE": null, "HIGHWAY_AUTHORITY": "EAL", "SECTOR_CODE": "Sector 8", "RANK_LENGTH": null, "TAXI_SHELTER_PRESENT": null, "TAXI_STOP_PRESENT": null, "DATASET_LAST_UPDATED": 1788150607000, "_matched": false}}, {"type": "Feature", "id": 141133, "geometry": {"type": "Point", "coordinates": [-0.0753603462746151, 51.5288698807957]}, "properties": {"OBJECTID": 141133, "LOCATION": "Hackney Road", "BOROUGH": null, "NB_SPACES": "4", "DAYS_OP": "Mon - Sun", "TIMES_OP": null, "STATION_NEARBY": null, "STATION_NAME": null, "RANK_TYPE": null, "ATCOCODE": null, "RANK_REFERENCE": "TR6001", "LOCATION_DETAILS": null, "AREA_CODE": "HAC", "TAXI_STATUS": "A", "START_DATE": null, "RANK_NAME": "Hackney Road (Ye Olde Axe), E2", "FEATURE_TYPE_CODE": "TTTA", "FEATURE_TYPE_NAME": "TfL Apt - Taxi Rank", "ACCESSIBLE": null, "NIGHT_TUBE": null, "HIGHWAY_AUTHORITY": "HAC", "SECTOR_CODE": "All London", "RANK_LENGTH": null, "TAXI_SHELTER_PRESENT": null, "TAXI_STOP_PRESENT": null, "DATASET_LAST_UPDATED": 1788150607000, "_matched": false}}, {"type": "Feature", "id": 141135, "geometry": {"type": "Point", "coordinates": [-0.106524368930519, 51.508154680415]}, "properties": {"OBJECTID": 141135, "LOCATION": "Upper Ground", "BOROUGH": null, "NB_SPACES": "3", "DAYS_OP": "Mon - Sun", "TIMES_OP": null, "STATION_NEARBY": null, "STATION_NAME": null, "RANK_TYPE": null, "ATCOCODE": null, "RANK_REFERENCE": "TR5814", "LOCATION_DETAILS": null, "AREA_CODE": "SWK", "TAXI_STATUS": "A", "START_DATE": null, "RANK_NAME": "Upper Ground (Mondrian Hotel) Se1", "FEATURE_TYPE_CODE": "TTTA", "FEATURE_TYPE_NAME": "TfL Apt - Taxi Rank", "ACCESSIBLE": null, "NIGHT_TUBE": null, "HIGHWAY_AUTHORITY": "SWK", "SECTOR_CODE": "All London", "RANK_LENGTH": null, "TAXI_SHELTER_PRESENT": null, "TAXI_STOP_PRESENT": null, "DATASET_LAST_UPDATED": 1788150607000, "_matched": false}}, {"type": "Feature", "id": 141136, "geometry": {"type": "Point", "coordinates": [-0.306370548241165, 51.4590639677801]}, "properties": {"OBJECTID": 141136, "LOCATION": "Whittaker Avenue", "BOROUGH": null, "NB_SPACES": "3", "DAYS_OP": "Mon - Sun", "TIMES_OP": null, "STATION_NEARBY": null, "STATION_NAME": null, "RANK_TYPE": null, "ATCOCODE": null, "RANK_REFERENCE": "TR5748", "LOCATION_DETAILS": null, "AREA_CODE": "RIC", "TAXI_STATUS": "A", "START_DATE": null, "RANK_NAME": "Whittaker Avenue (All Bar One), Richmond, Tw9", "FEATURE_TYPE_CODE": "TTTA", "FEATURE_TYPE_NAME": "TfL Apt - Taxi Rank", "ACCESSIBLE": null, "NIGHT_TUBE": null, "HIGHWAY_AUTHORITY": "RIC", "SECTOR_CODE": "Sector 7", "RANK_LENGTH": null, "TAXI_SHELTER_PRESENT": null, "TAXI_STOP_PRESENT": null, "DATASET_LAST_UPDATED": 1788150607000, "_matched": false}}, {"type": "Feature", "id": 141137, "geometry": {"type": "Point", "coordinates": [-0.0160684515050835, 51.5731597830109]}, "properties": {"OBJECTID": 141137, "LOCATION": "Lea Bridge Road", "BOROUGH": null, "NB_SPACES": "2", "DAYS_OP": "Mon - Sun", "TIMES_OP": null, "STATION_NEARBY": null, "STATION_NAME": null, "RANK_TYPE": null, "ATCOCODE": null, "RANK_REFERENCE": "TR5792", "LOCATION_DETAILS": null, "AREA_CODE": "WF", "TAXI_STATUS": "A", "START_DATE": null, "RANK_NAME": "Lea Bridge Road (Ibis Styles Hotel), E10.", "FEATURE_TYPE_CODE": "TTTA", "FEATURE_TYPE_NAME": "TfL Apt - Taxi Rank", "ACCESSIBLE": null, "NIGHT_TUBE": null, "HIGHWAY_AUTHORITY": "WF", "SECTOR_CODE": "Sector 1", "RANK_LENGTH": null, "TAXI_SHELTER_PRESENT": null, "TAXI_STOP_PRESENT": null, "DATASET_LAST_UPDATED": 1788150607000, "_matched": false}}, {"type": "Feature", "id": 141139, "geometry": {"type": "Point", "coordinates": [-0.255370570039073, 51.4952840417999]}, "properties": {"OBJECTID": 141139, "LOCATION": "Turnham Green Terrace", "BOROUGH": null, "NB_SPACES": "4", "DAYS_OP": "Mon - Sun", "TIMES_OP": null, "STATION_NEARBY": null, "STATION_NAME": "Turnham Green Station", "RANK_TYPE": null, "ATCOCODE": null, "RANK_REFERENCE": "TR5494", "LOCATION_DETAILS": null, "AREA_CODE": "HOU", "TAXI_STATUS": "A", "START_DATE": null, "RANK_NAME": "Turnham Green Terrace (Turnham Green Station), Turnham Green, W4", "FEATURE_TYPE_CODE": "TTTA", "FEATURE_TYPE_NAME": "TfL Apt - Taxi Rank", "ACCESSIBLE": null, "NIGHT_TUBE": null, "HIGHWAY_AUTHORITY": "HOU", "SECTOR_CODE": "All London", "RANK_LENGTH": null, "TAXI_SHELTER_PRESENT": null, "TAXI_STOP_PRESENT": "PCO5494", "DATASET_LAST_UPDATED": 1788150607000, "_matched": true}}, {"type": "Feature", "id": 141140, "geometry": {"type": "Point", "coordinates": [-0.14957241705944, 51.5044983880218]}, "properties": {"OBJECTID": 141140, "LOCATION": "Old Park Lane", "BOROUGH": null, "NB_SPACES": "2", "DAYS_OP": "Mon - Sun", "TIMES_OP": null, "STATION_NEARBY": null, "STATION_NAME": null, "RANK_TYPE": null, "ATCOCODE": null, "RANK_REFERENCE": "TR6089", "LOCATION_DETAILS": null, "AREA_CODE": "WES", "TAXI_STATUS": "A", "START_DATE": null, "RANK_NAME": "Playboy Club", "FEATURE_TYPE_CODE": "TTTA", "FEATURE_TYPE_NAME": "TfL Apt - Taxi Rank", "ACCESSIBLE": null, "NIGHT_TUBE": null, "HIGHWAY_AUTHORITY": "WES", "SECTOR_CODE": "All London", "RANK_LENGTH": null, "TAXI_SHELTER_PRESENT": null, "TAXI_STOP_PRESENT": null, "DATASET_LAST_UPDATED": 1788150607000, "_matched": false}}, {"type": "Feature", "id": 141141, "geometry": {"type": "Point", "coordinates": [-0.102244420997353, 51.5906456573859]}, "properties": {"OBJECTID": 141141, "LOCATION": "Langham Road", "BOROUGH": null, "NB_SPACES": "3", "DAYS_OP": "Mon - Sun", "TIMES_OP": null, "STATION_NEARBY": null, "STATION_NAME": "Turnpike Lane Station", "RANK_TYPE": null, "ATCOCODE": null, "RANK_REFERENCE": "TR5874", "LOCATION_DETAILS": null, "AREA_CODE": "HGY", "TAXI_STATUS": "A", "START_DATE": null, "RANK_NAME": "Langham Road (Turnpike Lane Station), N15", "FEATURE_TYPE_CODE": "TTTA", "FEATURE_TYPE_NAME": "TfL Apt - Taxi Rank", "ACCESSIBLE": null, "NIGHT_TUBE": null, "HIGHWAY_AUTHORITY": "HGY", "SECTOR_CODE": "Sector 9", "RANK_LENGTH": null, "TAXI_SHELTER_PRESENT": null, "TAXI_STOP_PRESENT": null, "DATASET_LAST_UPDATED": 1788150607000, "_matched": true}}, {"type": "Feature", "id": 141142, "geometry": {"type": "Point", "coordinates": [-0.126492811096815, 51.4906971079881]}, "properties": {"OBJECTID": 141142, "LOCATION": "Millbank", "BOROUGH": null, "NB_SPACES": "2", "DAYS_OP": "Mon - Sun", "TIMES_OP": null, "STATION_NEARBY": null, "STATION_NAME": null, "RANK_TYPE": null, "ATCOCODE": null, "RANK_REFERENCE": "TR4364", "LOCATION_DETAILS": null, "AREA_CODE": "WES", "TAXI_STATUS": "A", "START_DATE": null, "RANK_NAME": "Millbank (Tate Gallery), Sw1", "FEATURE_TYPE_CODE": "TTTA", "FEATURE_TYPE_NAME": "TfL Apt - Taxi Rank", "ACCESSIBLE": null, "NIGHT_TUBE": null, "HIGHWAY_AUTHORITY": "WES", "SECTOR_CODE": "All London", "RANK_LENGTH": null, "TAXI_SHELTER_PRESENT": null, "TAXI_STOP_PRESENT": null, "DATASET_LAST_UPDATED": 1788150607000, "_matched": true}}, {"type": "Feature", "id": 141143, "geometry": {"type": "Point", "coordinates": [-0.0140794253846974, 51.5333608504481]}, "properties": {"OBJECTID": 141143, "LOCATION": "Barbers Road", "BOROUGH": null, "NB_SPACES": "12", "DAYS_OP": "Mon - Sun", "TIMES_OP": null, "STATION_NEARBY": null, "STATION_NAME": "Pudding Mill Lane Dlr", "RANK_TYPE": null, "ATCOCODE": null, "RANK_REFERENCE": "TR6211", "LOCATION_DETAILS": null, "AREA_CODE": "NEW", "TAXI_STATUS": "A", "START_DATE": null, "RANK_NAME": "Barber Street (Abba Arena/pudding Mill Lane Dlr), E15.", "FEATURE_TYPE_CODE": "TTTA", "FEATURE_TYPE_NAME": "TfL Apt - Taxi Rank", "ACCESSIBLE": null, "NIGHT_TUBE": null, "HIGHWAY_AUTHORITY": "NEW", "SECTOR_CODE": "Sector 1", "RANK_LENGTH": null, "TAXI_SHELTER_PRESENT": null, "TAXI_STOP_PRESENT": null, "DATASET_LAST_UPDATED": 1788150607000, "_matched": false}}, {"type": "Feature", "id": 141144, "geometry": {"type": "Point", "coordinates": [-0.0100501113215964, 51.4819174466775]}, "properties": {"OBJECTID": 141144, "LOCATION": "Greenwich Church Street", "BOROUGH": null, "NB_SPACES": "2", "DAYS_OP": "7 days", "TIMES_OP": null, "STATION_NEARBY": null, "STATION_NAME": null, "RANK_TYPE": null, "ATCOCODE": null, "RANK_REFERENCE": "TR6194", "LOCATION_DETAILS": null, "AREA_CODE": "GRE", "TAXI_STATUS": "A", "START_DATE": null, "RANK_NAME": "Cutty Sark", "FEATURE_TYPE_CODE": "TTTA", "FEATURE_TYPE_NAME": "TfL Apt - Taxi Rank", "ACCESSIBLE": null, "NIGHT_TUBE": null, "HIGHWAY_AUTHORITY": "GRE", "SECTOR_CODE": "Sector 3", "RANK_LENGTH": null, "TAXI_SHELTER_PRESENT": null, "TAXI_STOP_PRESENT": null, "DATASET_LAST_UPDATED": 1788150607000, "_matched": false}}, {"type": "Feature", "id": 141145, "geometry": {"type": "Point", "coordinates": [-0.132510275507451, 51.5094705845534]}, "properties": {"OBJECTID": 141145, "LOCATION": "Haymarket", "BOROUGH": null, "NB_SPACES": "4", "DAYS_OP": "Mon - Sun", "TIMES_OP": null, "STATION_NEARBY": null, "STATION_NAME": null, "RANK_TYPE": null, "ATCOCODE": null, "RANK_REFERENCE": "TR5853", "LOCATION_DETAILS": null, "AREA_CODE": "WES", "TAXI_STATUS": "A", "START_DATE": null, "RANK_NAME": "Haymarket (Tiger Tiger), W1", "FEATURE_TYPE_CODE": "TTTA", "FEATURE_TYPE_NAME": "TfL Apt - Taxi Rank", "ACCESSIBLE": null, "NIGHT_TUBE": null, "HIGHWAY_AUTHORITY": "WES", "SECTOR_CODE": "All London", "RANK_LENGTH": null, "TAXI_SHELTER_PRESENT": null, "TAXI_STOP_PRESENT": null, "DATASET_LAST_UPDATED": 1788150607000, "_matched": false}}, {"type": "Feature", "id": 141146, "geometry": {"type": "Point", "coordinates": [-0.148545835433585, 51.4996082443543]}, "properties": {"OBJECTID": 141146, "LOCATION": "Grosvenor Place", "BOROUGH": null, "NB_SPACES": "1", "DAYS_OP": "Mon - Sun", "TIMES_OP": null, "STATION_NEARBY": null, "STATION_NAME": null, "RANK_TYPE": null, "ATCOCODE": null, "RANK_REFERENCE": "TR6160", "LOCATION_DETAILS": null, "AREA_CODE": "WES", "TAXI_STATUS": "A", "START_DATE": null, "RANK_NAME": "Cleveland Clinic", "FEATURE_TYPE_CODE": "TTTA", "FEATURE_TYPE_NAME": "TfL Apt - Taxi Rank", "ACCESSIBLE": null, "NIGHT_TUBE": null, "HIGHWAY_AUTHORITY": "TFL", "SECTOR_CODE": "All London", "RANK_LENGTH": null, "TAXI_SHELTER_PRESENT": null, "TAXI_STOP_PRESENT": null, "DATASET_LAST_UPDATED": 1788150607000, "_matched": false}}, {"type": "Feature", "id": 141147, "geometry": {"type": "Point", "coordinates": [-0.147568260270347, 51.5045296972939]}, "properties": {"OBJECTID": 141147, "LOCATION": "Down Street", "BOROUGH": null, "NB_SPACES": "4", "DAYS_OP": "Mon - Sun", "TIMES_OP": null, "STATION_NEARBY": null, "STATION_NAME": null, "RANK_TYPE": null, "ATCOCODE": null, "RANK_REFERENCE": "TR4706", "LOCATION_DETAILS": null, "AREA_CODE": "WES", "TAXI_STATUS": "A", "START_DATE": null, "RANK_NAME": "Down Street (Athenaeum Hotel), W1", "FEATURE_TYPE_CODE": "TTTA", "FEATURE_TYPE_NAME": "TfL Apt - Taxi Rank", "ACCESSIBLE": null, "NIGHT_TUBE": null, "HIGHWAY_AUTHORITY": "WES", "SECTOR_CODE": "All London", "RANK_LENGTH": null, "TAXI_SHELTER_PRESENT": null, "TAXI_STOP_PRESENT": null, "DATASET_LAST_UPDATED": 1788150607000, "_matched": false}}, {"type": "Feature", "id": 141148, "geometry": {"type": "Point", "coordinates": [-0.160018493758743, 51.5020099513544]}, "properties": {"OBJECTID": 141148, "LOCATION": "Knightsbridge", "BOROUGH": null, "NB_SPACES": "2", "DAYS_OP": "Mon - Sun", "TIMES_OP": null, "STATION_NEARBY": null, "STATION_NAME": "Knightsbridge Station", "RANK_TYPE": null, "ATCOCODE": null, "RANK_REFERENCE": "TR5637", "LOCATION_DETAILS": null, "AREA_CODE": "WES", "TAXI_STATUS": "A", "START_DATE": null, "RANK_NAME": "Knightsbridge (Mandarin Oriental Hotel, Se1", "FEATURE_TYPE_CODE": "TTTA", "FEATURE_TYPE_NAME": "TfL Apt - Taxi Rank", "ACCESSIBLE": null, "NIGHT_TUBE": null, "HIGHWAY_AUTHORITY": "TFL", "SECTOR_CODE": "All London", "RANK_LENGTH": null, "TAXI_SHELTER_PRESENT": null, "TAXI_STOP_PRESENT": null, "DATASET_LAST_UPDATED": 1788150607000, "_matched": false}}, {"type": "Feature", "id": 141150, "geometry": {"type": "Point", "coordinates": [0.0155298127163911, 51.4022000867194]}, "properties": {"OBJECTID": 141150, "LOCATION": "High Street", "BOROUGH": null, "NB_SPACES": "5", "DAYS_OP": "Mon - Sun", "TIMES_OP": null, "STATION_NEARBY": null, "STATION_NAME": null, "RANK_TYPE": null, "ATCOCODE": null, "RANK_REFERENCE": "TR5529", "LOCATION_DETAILS": null, "AREA_CODE": "BRO", "TAXI_STATUS": "A", "START_DATE": null, "RANK_NAME": "High Street (Tk Maxx), Bromley, Br1", "FEATURE_TYPE_CODE": "TTTA", "FEATURE_TYPE_NAME": "TfL Apt - Taxi Rank", "ACCESSIBLE": null, "NIGHT_TUBE": null, "HIGHWAY_AUTHORITY": "BRO", "SECTOR_CODE": "Sector 4", "RANK_LENGTH": null, "TAXI_SHELTER_PRESENT": null, "TAXI_STOP_PRESENT": "PCO5529", "DATASET_LAST_UPDATED": 1788150607000, "_matched": false}}, {"type": "Feature", "id": 141151, "geometry": {"type": "Point", "coordinates": [-0.125156447778063, 51.5243168127202]}, "properties": {"OBJECTID": 141151, "LOCATION": "Coram Street", "BOROUGH": null, "NB_SPACES": "4", "DAYS_OP": "Mon - Sun", "TIMES_OP": null, "STATION_NEARBY": null, "STATION_NAME": null, "RANK_TYPE": null, "ATCOCODE": null, "RANK_REFERENCE": "TR5545", "LOCATION_DETAILS": null, "AREA_CODE": "CDN", "TAXI_STATUS": "A", "START_DATE": null, "RANK_NAME": "Coram Street(holiday Inn Hotel),  Wc1", "FEATURE_TYPE_CODE": "TTTA", "FEATURE_TYPE_NAME": "TfL Apt - Taxi Rank", "ACCESSIBLE": null, "NIGHT_TUBE": null, "HIGHWAY_AUTHORITY": "CDN", "SECTOR_CODE": "All London", "RANK_LENGTH": null, "TAXI_SHELTER_PRESENT": null, "TAXI_STOP_PRESENT": null, "DATASET_LAST_UPDATED": 1788150607000, "_matched": false}}, {"type": "Feature", "id": 141152, "geometry": {"type": "Point", "coordinates": [-0.145716762642859, 51.5132231699501]}, "properties": {"OBJECTID": 141152, "LOCATION": "Brook Street", "BOROUGH": null, "NB_SPACES": "4", "DAYS_OP": "Mon - Sun", "TIMES_OP": null, "STATION_NEARBY": null, "STATION_NAME": null, "RANK_TYPE": null, "ATCOCODE": null, "RANK_REFERENCE": "TR6042", "LOCATION_DETAILS": null, "AREA_CODE": "WES", "TAXI_STATUS": "A", "START_DATE": null, "RANK_NAME": "Fenwicks", "FEATURE_TYPE_CODE": "TTTA", "FEATURE_TYPE_NAME": "TfL Apt - Taxi Rank", "ACCESSIBLE": null, "NIGHT_TUBE": null, "HIGHWAY_AUTHORITY": "WES", "SECTOR_CODE": "All London", "RANK_LENGTH": null, "TAXI_SHELTER_PRESENT": null, "TAXI_STOP_PRESENT": null, "DATASET_LAST_UPDATED": 1788150607000, "_matched": false}}, {"type": "Feature", "id": 141153, "geometry": {"type": "Point", "coordinates": [-0.185031898802017, 51.493659027495]}, "properties": {"OBJECTID": 141153, "LOCATION": "Courtfield Road", "BOROUGH": null, "NB_SPACES": "2", "DAYS_OP": "Mon - Sun", "TIMES_OP": null, "STATION_NEARBY": null, "STATION_NAME": null, "RANK_TYPE": null, "ATCOCODE": null, "RANK_REFERENCE": "TR5719", "LOCATION_DETAILS": null, "AREA_CODE": "K&C", "TAXI_STATUS": "A", "START_DATE": null, "RANK_NAME": "Courtfield Road (Holiday Inn Hotel) Sw7", "FEATURE_TYPE_CODE": "TTTA", "FEATURE_TYPE_NAME": "TfL Apt - Taxi Rank", "ACCESSIBLE": null, "NIGHT_TUBE": null, "HIGHWAY_AUTHORITY": "K&C", "SECTOR_CODE": "All London", "RANK_LENGTH": null, "TAXI_SHELTER_PRESENT": null, "TAXI_STOP_PRESENT": null, "DATASET_LAST_UPDATED": 1788150607000, "_matched": false}}, {"type": "Feature", "id": 141154, "geometry": {"type": "Point", "coordinates": [-0.127615633231707, 51.5220000564239]}, "properties": {"OBJECTID": 141154, "LOCATION": "Russell Square", "BOROUGH": null, "NB_SPACES": "11", "DAYS_OP": "Mon - Sun", "TIMES_OP": null, "STATION_NEARBY": null, "STATION_NAME": null, "RANK_TYPE": null, "ATCOCODE": null, "RANK_REFERENCE": "TR5701", "LOCATION_DETAILS": null, "AREA_CODE": "CDN", "TAXI_STATUS": "A", "START_DATE": null, "RANK_NAME": "Russell Square (North West Arm, South East Side) Wc1", "FEATURE_TYPE_CODE": "TTRF", "FEATURE_TYPE_NAME": "TfL Apt - Refreshment Rank", "ACCESSIBLE": null, "NIGHT_TUBE": null, "HIGHWAY_AUTHORITY": "CDN", "SECTOR_CODE": "All London", "RANK_LENGTH": null, "TAXI_SHELTER_PRESENT": null, "TAXI_STOP_PRESENT": null, "DATASET_LAST_UPDATED": 1788150607000, "_matched": true}}, {"type": "Feature", "id": 141155, "geometry": {"type": "Point", "coordinates": [0.175963200794444, 51.4816973272375]}, "properties": {"OBJECTID": 141155, "LOCATION": "Stonewood Road", "BOROUGH": null, "NB_SPACES": "2", "DAYS_OP": "Mon - Sun", "TIMES_OP": null, "STATION_NEARBY": null, "STATION_NAME": "Erith Station", "RANK_TYPE": null, "ATCOCODE": null, "RANK_REFERENCE": "TR6059", "LOCATION_DETAILS": null, "AREA_CODE": "BEX", "TAXI_STATUS": "A", "START_DATE": null, "RANK_NAME": "Erith Station", "FEATURE_TYPE_CODE": "TTTA", "FEATURE_TYPE_NAME": "TfL Apt - Taxi Rank", "ACCESSIBLE": null, "NIGHT_TUBE": null, "HIGHWAY_AUTHORITY": "BEX", "SECTOR_CODE": "Sector 3", "RANK_LENGTH": null, "TAXI_SHELTER_PRESENT": null, "TAXI_STOP_PRESENT": null, "DATASET_LAST_UPDATED": 1788150607000, "_matched": false}}, {"type": "Feature", "id": 141156, "geometry": {"type": "Point", "coordinates": [-0.182598545586769, 51.4849345948053]}, "properties": {"OBJECTID": 141156, "LOCATION": "Fulham Road", "BOROUGH": null, "NB_SPACES": "2", "DAYS_OP": "Mon - Sun", "TIMES_OP": null, "STATION_NEARBY": null, "STATION_NAME": null, "RANK_TYPE": null, "ATCOCODE": null, "RANK_REFERENCE": "TR6170", "LOCATION_DETAILS": null, "AREA_CODE": "K&C", "TAXI_STATUS": "A", "START_DATE": null, "RANK_NAME": "Chelsea & Westminster Hospital", "FEATURE_TYPE_CODE": "TTTA", "FEATURE_TYPE_NAME": "TfL Apt - Taxi Rank", "ACCESSIBLE": null, "NIGHT_TUBE": null, "HIGHWAY_AUTHORITY": "K&C", "SECTOR_CODE": "All London", "RANK_LENGTH": null, "TAXI_SHELTER_PRESENT": null, "TAXI_STOP_PRESENT": null, "DATASET_LAST_UPDATED": 1788150607000, "_matched": false}}, {"type": "Feature", "id": 141157, "geometry": {"type": "Point", "coordinates": [-0.0932082607496392, 51.473650184993]}, "properties": {"OBJECTID": 141157, "LOCATION": "Denmark Hill", "BOROUGH": null, "NB_SPACES": "3", "DAYS_OP": "Mon-Sun", "TIMES_OP": null, "STATION_NEARBY": null, "STATION_NAME": null, "RANK_TYPE": null, "ATCOCODE": null, "RANK_REFERENCE": "TR6198", "LOCATION_DETAILS": null, "AREA_CODE": "SWK", "TAXI_STATUS": "A", "START_DATE": null, "RANK_NAME": "Denmark Hill Westside", "FEATURE_TYPE_CODE": "TTTA", "FEATURE_TYPE_NAME": "TfL Apt - Taxi Rank", "ACCESSIBLE": null, "NIGHT_TUBE": null, "HIGHWAY_AUTHORITY": "TFL", "SECTOR_CODE": "All London", "RANK_LENGTH": null, "TAXI_SHELTER_PRESENT": null, "TAXI_STOP_PRESENT": null, "DATASET_LAST_UPDATED": 1788150607000, "_matched": false}}, {"type": "Feature", "id": 141158, "geometry": {"type": "Point", "coordinates": [-0.290677267154999, 51.4776393429355]}, "properties": {"OBJECTID": 141158, "LOCATION": "Kew Road", "BOROUGH": null, "NB_SPACES": "10", "DAYS_OP": "Only in operation during events", "TIMES_OP": null, "STATION_NEARBY": null, "STATION_NAME": null, "RANK_TYPE": null, "ATCOCODE": null, "RANK_REFERENCE": "TR5887", "LOCATION_DETAILS": null, "AREA_CODE": "RIC", "TAXI_STATUS": "A", "START_DATE": null, "RANK_NAME": "Kew Road (Kew Gardens), Tw9", "FEATURE_TYPE_CODE": "TTTA", "FEATURE_TYPE_NAME": "TfL Apt - Taxi Rank", "ACCESSIBLE": null, "NIGHT_TUBE": null, "HIGHWAY_AUTHORITY": "RIC", "SECTOR_CODE": "Sector 7", "RANK_LENGTH": null, "TAXI_SHELTER_PRESENT": null, "TAXI_STOP_PRESENT": null, "DATASET_LAST_UPDATED": 1788150607000, "_matched": false}}, {"type": "Feature", "id": 141159, "geometry": {"type": "Point", "coordinates": [-0.163930839455656, 51.5222503949866]}, "properties": {"OBJECTID": 141159, "LOCATION": "Harewood Avenue", "BOROUGH": null, "NB_SPACES": "10", "DAYS_OP": "Mon - Sun", "TIMES_OP": null, "STATION_NEARBY": null, "STATION_NAME": "London Marylebone Station", "RANK_TYPE": null, "ATCOCODE": null, "RANK_REFERENCE": "TR5823", "LOCATION_DETAILS": null, "AREA_CODE": "WES", "TAXI_STATUS": "A", "START_DATE": null, "RANK_NAME": "Harewood Avenue (Feeder Rank To Marylebone Station), Nw1", "FEATURE_TYPE_CODE": "TTTF", "FEATURE_TYPE_NAME": "Taxi Rank Feeder", "ACCESSIBLE": null, "NIGHT_TUBE": null, "HIGHWAY_AUTHORITY": "WES", "SECTOR_CODE": "All London", "RANK_LENGTH": null, "TAXI_SHELTER_PRESENT": null, "TAXI_STOP_PRESENT": null, "DATASET_LAST_UPDATED": 1788150607000, "_matched": false}}, {"type": "Feature", "id": 141160, "geometry": {"type": "Point", "coordinates": [-0.0777138448194083, 51.5263905562009]}, "properties": {"OBJECTID": 141160, "LOCATION": "Calvert Avenue", "BOROUGH": null, "NB_SPACES": "3", "DAYS_OP": "Mon - Sun", "TIMES_OP": null, "STATION_NEARBY": null, "STATION_NAME": null, "RANK_TYPE": null, "ATCOCODE": null, "RANK_REFERENCE": "TR5585", "LOCATION_DETAILS": null, "AREA_CODE": "HAC", "TAXI_STATUS": "A", "START_DATE": null, "RANK_NAME": "Calvert Avenue (Shoreditch High Street), Ec1", "FEATURE_TYPE_CODE": "TTTA", "FEATURE_TYPE_NAME": "TfL Apt - Taxi Rank", "ACCESSIBLE": null, "NIGHT_TUBE": null, "HIGHWAY_AUTHORITY": "HAC", "SECTOR_CODE": "All London", "RANK_LENGTH": null, "TAXI_SHELTER_PRESENT": null, "TAXI_STOP_PRESENT": null, "DATASET_LAST_UPDATED": 1788150607000, "_matched": false}}, {"type": "Feature", "id": 141161, "geometry": {"type": "Point", "coordinates": [-0.103711844506677, 51.5463814465765]}, "properties": {"OBJECTID": 141161, "LOCATION": "Holloway Road", "BOROUGH": null, "NB_SPACES": "2", "DAYS_OP": "Mon - Sun", "TIMES_OP": null, "STATION_NEARBY": null, "STATION_NAME": "Highbury & Islington", "RANK_TYPE": null, "ATCOCODE": null, "RANK_REFERENCE": "TR6080", "LOCATION_DETAILS": null, "AREA_CODE": "ISL", "TAXI_STATUS": "A", "START_DATE": null, "RANK_NAME": "Highbury & Islington Station", "FEATURE_TYPE_CODE": "TTTA", "FEATURE_TYPE_NAME": "TfL Apt - Taxi Rank", "ACCESSIBLE": null, "NIGHT_TUBE": null, "HIGHWAY_AUTHORITY": "ISL", "SECTOR_CODE": "All London", "RANK_LENGTH": null, "TAXI_SHELTER_PRESENT": null, "TAXI_STOP_PRESENT": null, "DATASET_LAST_UPDATED": 1788150607000, "_matched": false}}, {"type": "Feature", "id": 141162, "geometry": {"type": "Point", "coordinates": [-0.151806287798242, 51.519443169661]}, "properties": {"OBJECTID": 141162, "LOCATION": "Marylebone High Street", "BOROUGH": null, "NB_SPACES": "2", "DAYS_OP": "Mon - Sun", "TIMES_OP": null, "STATION_NEARBY": null, "STATION_NAME": null, "RANK_TYPE": null, "ATCOCODE": null, "RANK_REFERENCE": "TR5440", "LOCATION_DETAILS": null, "AREA_CODE": "WES", "TAXI_STATUS": "A", "START_DATE": null, "RANK_NAME": "Marylebone High Street (Waitrose), W1", "FEATURE_TYPE_CODE": "TTTA", "FEATURE_TYPE_NAME": "TfL Apt - Taxi Rank", "ACCESSIBLE": null, "NIGHT_TUBE": null, "HIGHWAY_AUTHORITY": "WES", "SECTOR_CODE": "All London", "RANK_LENGTH": null, "TAXI_SHELTER_PRESENT": null, "TAXI_STOP_PRESENT": null, "DATASET_LAST_UPDATED": 1788150607000, "_matched": false}}, {"type": "Feature", "id": 141163, "geometry": {"type": "Point", "coordinates": [-0.0132325704247385, 51.4779516769741]}, "properties": {"OBJECTID": 141163, "LOCATION": "Greenwich High Road", "BOROUGH": null, "NB_SPACES": "2", "DAYS_OP": "Mon - Sun", "TIMES_OP": null, "STATION_NEARBY": null, "STATION_NAME": "Greenwich Station", "RANK_TYPE": null, "ATCOCODE": null, "RANK_REFERENCE": "TR6097", "LOCATION_DETAILS": null, "AREA_CODE": "GRE", "TAXI_STATUS": "A", "START_DATE": null, "RANK_NAME": "Greenwich Station, Se10", "FEATURE_TYPE_CODE": "TPTA", "FEATURE_TYPE_NAME": "Private - Taxi Rank", "ACCESSIBLE": null, "NIGHT_TUBE": null, "HIGHWAY_AUTHORITY": "Private", "SECTOR_CODE": "Sector 3", "RANK_LENGTH": null, "TAXI_SHELTER_PRESENT": null, "TAXI_STOP_PRESENT": null, "DATASET_LAST_UPDATED": 1788150607000, "_matched": true}}, {"type": "Feature", "id": 141164, "geometry": {"type": "Point", "coordinates": [0.160822416814702, 51.5988213790719]}, "properties": {"OBJECTID": 141164, "LOCATION": "Collier Row Road", "BOROUGH": null, "NB_SPACES": "2", "DAYS_OP": "Mon - Sun", "TIMES_OP": null, "STATION_NEARBY": null, "STATION_NAME": null, "RANK_TYPE": null, "ATCOCODE": null, "RANK_REFERENCE": "TR5858", "LOCATION_DETAILS": null, "AREA_CODE": "HAV", "TAXI_STATUS": "A", "START_DATE": null, "RANK_NAME": "Collier Row Road, Rm5", "FEATURE_TYPE_CODE": "TTTA", "FEATURE_TYPE_NAME": "TfL Apt - Taxi Rank", "ACCESSIBLE": null, "NIGHT_TUBE": null, "HIGHWAY_AUTHORITY": "HAV", "SECTOR_CODE": "Sector 2", "RANK_LENGTH": null, "TAXI_SHELTER_PRESENT": null, "TAXI_STOP_PRESENT": null, "DATASET_LAST_UPDATED": 1788150607000, "_matched": false}}, {"type": "Feature", "id": 141165, "geometry": {"type": "Point", "coordinates": [-0.204192213313051, 51.5467755007403]}, "properties": {"OBJECTID": 141165, "LOCATION": "Christchurch Avenue - Nw6", "BOROUGH": null, "NB_SPACES": "4", "DAYS_OP": "Mon - Sun", "TIMES_OP": null, "STATION_NEARBY": null, "STATION_NAME": "Kilburn Station", "RANK_TYPE": null, "ATCOCODE": null, "RANK_REFERENCE": "TR6183", "LOCATION_DETAILS": null, "AREA_CODE": "BRE", "TAXI_STATUS": "A", "START_DATE": null, "RANK_NAME": "Kilburn Station", "FEATURE_TYPE_CODE": "TTTA", "FEATURE_TYPE_NAME": "TfL Apt - Taxi Rank", "ACCESSIBLE": null, "NIGHT_TUBE": null, "HIGHWAY_AUTHORITY": "BRE", "SECTOR_CODE": "Sector 9", "RANK_LENGTH": null, "TAXI_SHELTER_PRESENT": null, "TAXI_STOP_PRESENT": null, "DATASET_LAST_UPDATED": 1788150607000, "_matched": false}}, {"type": "Feature", "id": 141166, "geometry": {"type": "Point", "coordinates": [-0.157085581165993, 51.5222059936589]}, "properties": {"OBJECTID": 141166, "LOCATION": "Marylebone Road", "BOROUGH": null, "NB_SPACES": "12", "DAYS_OP": "Mon - Sun", "TIMES_OP": null, "STATION_NEARBY": null, "STATION_NAME": "Baker Street Station", "RANK_TYPE": null, "ATCOCODE": null, "RANK_REFERENCE": "TR4404", "LOCATION_DETAILS": null, "AREA_CODE": "WES", "TAXI_STATUS": "A", "START_DATE": null, "RANK_NAME": "Marylebone Road (Baker Street), Nwi (R0008)", "FEATURE_TYPE_CODE": "TTRE", "FEATURE_TYPE_NAME": "TfL Apt - Rest Rank", "ACCESSIBLE": null, "NIGHT_TUBE": null, "HIGHWAY_AUTHORITY": "WES", "SECTOR_CODE": "All London", "RANK_LENGTH": null, "TAXI_SHELTER_PRESENT": null, "TAXI_STOP_PRESENT": null, "DATASET_LAST_UPDATED": 1788150607000, "_matched": false}}, {"type": "Feature", "id": 141167, "geometry": {"type": "Point", "coordinates": [0.00764386335848542, 51.5682871404948]}, "properties": {"OBJECTID": 141167, "LOCATION": "Grove Green Road", "BOROUGH": null, "NB_SPACES": "2", "DAYS_OP": "Mon - Sun", "TIMES_OP": null, "STATION_NEARBY": null, "STATION_NAME": "Leytonstone Station", "RANK_TYPE": null, "ATCOCODE": null, "RANK_REFERENCE": "TR5439", "LOCATION_DETAILS": null, "AREA_CODE": "WF", "TAXI_STATUS": "A", "START_DATE": null, "RANK_NAME": "Leytonstone Station (Grove Green Road), E11", "FEATURE_TYPE_CODE": "TTTA", "FEATURE_TYPE_NAME": "TfL Apt - Taxi Rank", "ACCESSIBLE": null, "NIGHT_TUBE": null, "HIGHWAY_AUTHORITY": "WF", "SECTOR_CODE": "Sector 1", "RANK_LENGTH": null, "TAXI_SHELTER_PRESENT": null, "TAXI_STOP_PRESENT": null, "DATASET_LAST_UPDATED": 1788150607000, "_matched": false}}, {"type": "Feature", "id": 141168, "geometry": {"type": "Point", "coordinates": [-0.149940426138811, 51.5043063586361]}, "properties": {"OBJECTID": 141168, "LOCATION": "Hamilton Place", "BOROUGH": null, "NB_SPACES": "1", "DAYS_OP": "Mon - Sun", "TIMES_OP": null, "STATION_NEARBY": null, "STATION_NAME": null, "RANK_TYPE": null, "ATCOCODE": null, "RANK_REFERENCE": "TR5968", "LOCATION_DETAILS": null, "AREA_CODE": "WES", "TAXI_STATUS": "A", "START_DATE": null, "RANK_NAME": "Hamilton Place (Four Seasons Hotel Forecourt)", "FEATURE_TYPE_CODE": "TPTA", "FEATURE_TYPE_NAME": "Private - Taxi Rank", "ACCESSIBLE": null, "NIGHT_TUBE": null, "HIGHWAY_AUTHORITY": "WES", "SECTOR_CODE": "All London", "RANK_LENGTH": null, "TAXI_SHELTER_PRESENT": null, "TAXI_STOP_PRESENT": null, "DATASET_LAST_UPDATED": 1788150607000, "_matched": false}}, {"type": "Feature", "id": 141169, "geometry": {"type": "Point", "coordinates": [-0.0240647409707438, 51.5055443957095]}, "properties": {"OBJECTID": 141169, "LOCATION": "West India Avenue", "BOROUGH": null, "NB_SPACES": "4", "DAYS_OP": "Mon - Sun", "TIMES_OP": null, "STATION_NEARBY": null, "STATION_NAME": null, "RANK_TYPE": null, "ATCOCODE": null, "RANK_REFERENCE": "TR5964", "LOCATION_DETAILS": null, "AREA_CODE": "TH", "TAXI_STATUS": "A", "START_DATE": null, "RANK_NAME": "West India Avenue, Canary Wharf", "FEATURE_TYPE_CODE": "TPTA", "FEATURE_TYPE_NAME": "Private - Taxi Rank", "ACCESSIBLE": null, "NIGHT_TUBE": null, "HIGHWAY_AUTHORITY": "TH", "SECTOR_CODE": "All London", "RANK_LENGTH": null, "TAXI_SHELTER_PRESENT": null, "TAXI_STOP_PRESENT": null, "DATASET_LAST_UPDATED": 1788150607000, "_matched": false}}, {"type": "Feature", "id": 141170, "geometry": {"type": "Point", "coordinates": [-0.189825330134708, 51.4944794908938]}, "properties": {"OBJECTID": 141170, "LOCATION": "Cromwell Road", "BOROUGH": null, "NB_SPACES": "2", "DAYS_OP": "Mon - Sun", "TIMES_OP": null, "STATION_NEARBY": null, "STATION_NAME": null, "RANK_TYPE": null, "ATCOCODE": null, "RANK_REFERENCE": "TR5939", "LOCATION_DETAILS": null, "AREA_CODE": "K&C", "TAXI_STATUS": "A", "START_DATE": null, "RANK_NAME": "Cromwell Road (London Marriott Hotel, Kensington)", "FEATURE_TYPE_CODE": "TPTA", "FEATURE_TYPE_NAME": "Private - Taxi Rank", "ACCESSIBLE": null, "NIGHT_TUBE": null, "HIGHWAY_AUTHORITY": "K&C", "SECTOR_CODE": "All London", "RANK_LENGTH": null, "TAXI_SHELTER_PRESENT": null, "TAXI_STOP_PRESENT": null, "DATASET_LAST_UPDATED": 1788150607000, "_matched": false}}, {"type": "Feature", "id": 141171, "geometry": {"type": "Point", "coordinates": [-0.304437657627837, 51.3927167100553]}, "properties": {"OBJECTID": 141171, "LOCATION": "Station Approach (Surbiton Station)", "BOROUGH": null, "NB_SPACES": "5", "DAYS_OP": "Mon - Sun", "TIMES_OP": null, "STATION_NEARBY": null, "STATION_NAME": "Surbiton Station", "RANK_TYPE": null, "ATCOCODE": null, "RANK_REFERENCE": "TR5947", "LOCATION_DETAILS": null, "AREA_CODE": "KIN", "TAXI_STATUS": "A", "START_DATE": null, "RANK_NAME": "Station Approach (Surbiton Parade, Surbiton Station)", "FEATURE_TYPE_CODE": "TPTA", "FEATURE_TYPE_NAME": "Private - Taxi Rank", "ACCESSIBLE": null, "NIGHT_TUBE": null, "HIGHWAY_AUTHORITY": "Private", "SECTOR_CODE": "Sector 7", "RANK_LENGTH": null, "TAXI_SHELTER_PRESENT": null, "TAXI_STOP_PRESENT": null, "DATASET_LAST_UPDATED": 1788150607000, "_matched": true}}, {"type": "Feature", "id": 141172, "geometry": {"type": "Point", "coordinates": [-0.0324862343184748, 51.532825729236]}, "properties": {"OBJECTID": 141172, "LOCATION": "St Stephens Road", "BOROUGH": null, "NB_SPACES": "1", "DAYS_OP": "Mon - Sun", "TIMES_OP": null, "STATION_NEARBY": null, "STATION_NAME": null, "RANK_TYPE": null, "ATCOCODE": null, "RANK_REFERENCE": "TR5557", "LOCATION_DETAILS": null, "AREA_CODE": "TH", "TAXI_STATUS": "A", "START_DATE": null, "RANK_NAME": "St. Stephens Road (Roman Road Market), E3", "FEATURE_TYPE_CODE": "TTTA", "FEATURE_TYPE_NAME": "TfL Apt - Taxi Rank", "ACCESSIBLE": null, "NIGHT_TUBE": null, "HIGHWAY_AUTHORITY": "TH", "SECTOR_CODE": "All London", "RANK_LENGTH": null, "TAXI_SHELTER_PRESENT": null, "TAXI_STOP_PRESENT": null, "DATASET_LAST_UPDATED": 1788150607000, "_matched": false}}, {"type": "Feature", "id": 141173, "geometry": {"type": "Point", "coordinates": [-0.302701771706245, 51.4097143575351]}, "properties": {"OBJECTID": 141173, "LOCATION": "Eden Street", "BOROUGH": null, "NB_SPACES": "4", "DAYS_OP": "Mon - Sun", "TIMES_OP": null, "STATION_NEARBY": null, "STATION_NAME": null, "RANK_TYPE": null, "ATCOCODE": null, "RANK_REFERENCE": "TR5427", "LOCATION_DETAILS": null, "AREA_CODE": "KIN", "TAXI_STATUS": "A", "START_DATE": null, "RANK_NAME": "Eden Street (Primark), Kingston", "FEATURE_TYPE_CODE": "TTTA", "FEATURE_TYPE_NAME": "TfL Apt - Taxi Rank", "ACCESSIBLE": null, "NIGHT_TUBE": null, "HIGHWAY_AUTHORITY": "KIN", "SECTOR_CODE": "Sector 7", "RANK_LENGTH": null, "TAXI_SHELTER_PRESENT": null, "TAXI_STOP_PRESENT": "PCO5427", "DATASET_LAST_UPDATED": 1788150607000, "_matched": false}}, {"type": "Feature", "id": 141174, "geometry": {"type": "Point", "coordinates": [-0.0193150747362336, 51.5027574820055]}, "properties": {"OBJECTID": 141174, "LOCATION": "Bank Street, Canary Wharf", "BOROUGH": null, "NB_SPACES": "1", "DAYS_OP": "Mon - Sun", "TIMES_OP": null, "STATION_NEARBY": null, "STATION_NAME": "Canary Wharf Station", "RANK_TYPE": null, "ATCOCODE": null, "RANK_REFERENCE": "TR5955", "LOCATION_DETAILS": null, "AREA_CODE": "TH", "TAXI_STATUS": "A", "START_DATE": null, "RANK_NAME": "40 Bank Street, Canary Wharf.", "FEATURE_TYPE_CODE": "TPTA", "FEATURE_TYPE_NAME": "Private - Taxi Rank", "ACCESSIBLE": null, "NIGHT_TUBE": null, "HIGHWAY_AUTHORITY": "TH", "SECTOR_CODE": "All London", "RANK_LENGTH": null, "TAXI_SHELTER_PRESENT": null, "TAXI_STOP_PRESENT": null, "DATASET_LAST_UPDATED": 1788150607000, "_matched": true}}, {"type": "Feature", "id": 141175, "geometry": {"type": "Point", "coordinates": [-0.179960737637847, 51.5468157507256]}, "properties": {"OBJECTID": 141175, "LOCATION": "Canfield Gardens", "BOROUGH": null, "NB_SPACES": "1", "DAYS_OP": "Mon - Sun", "TIMES_OP": null, "STATION_NEARBY": null, "STATION_NAME": "Finchley Road Station", "RANK_TYPE": null, "ATCOCODE": null, "RANK_REFERENCE": "TR5535", "LOCATION_DETAILS": null, "AREA_CODE": "CDN", "TAXI_STATUS": "A", "START_DATE": null, "RANK_NAME": null, "FEATURE_TYPE_CODE": "TTTA", "FEATURE_TYPE_NAME": "TfL Apt - Taxi Rank", "ACCESSIBLE": null, "NIGHT_TUBE": null, "HIGHWAY_AUTHORITY": "CDN", "SECTOR_CODE": "All London", "RANK_LENGTH": null, "TAXI_SHELTER_PRESENT": null, "TAXI_STOP_PRESENT": "PCO5535", "DATASET_LAST_UPDATED": 1788150607000, "_matched": false}}, {"type": "Feature", "id": 141176, "geometry": {"type": "Point", "coordinates": [0.121054055577664, 51.4905633170322]}, "properties": {"OBJECTID": 141176, "LOCATION": "Wilton Road", "BOROUGH": null, "NB_SPACES": "3", "DAYS_OP": "Mon - Sun", "TIMES_OP": null, "STATION_NEARBY": null, "STATION_NAME": "Abbey Wood Station", "RANK_TYPE": null, "ATCOCODE": null, "RANK_REFERENCE": "TR6119", "LOCATION_DETAILS": null, "AREA_CODE": "GRE", "TAXI_STATUS": "A", "START_DATE": null, "RANK_NAME": "Wilton Road, Abbey Wood Station", "FEATURE_TYPE_CODE": "TTTA", "FEATURE_TYPE_NAME": "TfL Apt - Taxi Rank", "ACCESSIBLE": null, "NIGHT_TUBE": null, "HIGHWAY_AUTHORITY": "GRE", "SECTOR_CODE": "Sector 3", "RANK_LENGTH": null, "TAXI_SHELTER_PRESENT": null, "TAXI_STOP_PRESENT": null, "DATASET_LAST_UPDATED": 1788150607000, "_matched": false}}, {"type": "Feature", "id": 141177, "geometry": {"type": "Point", "coordinates": [-0.13540945610728, 51.4628004151978]}, "properties": {"OBJECTID": 141177, "LOCATION": "Clapham High Street", "BOROUGH": null, "NB_SPACES": "9", "DAYS_OP": "Mon - Sun", "TIMES_OP": null, "STATION_NEARBY": null, "STATION_NAME": null, "RANK_TYPE": null, "ATCOCODE": null, "RANK_REFERENCE": "TR5787", "LOCATION_DETAILS": null, "AREA_CODE": "LAM", "TAXI_STATUS": "A", "START_DATE": null, "RANK_NAME": "Clapham High Street, Sw4", "FEATURE_TYPE_CODE": "TTTA", "FEATURE_TYPE_NAME": "TfL Apt - Taxi Rank", "ACCESSIBLE": null, "NIGHT_TUBE": null, "HIGHWAY_AUTHORITY": "LAM", "SECTOR_CODE": "Island", "RANK_LENGTH": null, "TAXI_SHELTER_PRESENT": null, "TAXI_STOP_PRESENT": null, "DATASET_LAST_UPDATED": 1788150607000, "_matched": false}}, {"type": "Feature", "id": 141178, "geometry": {"type": "Point", "coordinates": [-0.173960707878778, 51.4974528499133]}, "properties": {"OBJECTID": 141178, "LOCATION": "Exhibition Road", "BOROUGH": null, "NB_SPACES": "3", "DAYS_OP": "Mon - Sun", "TIMES_OP": null, "STATION_NEARBY": null, "STATION_NAME": null, "RANK_TYPE": null, "ATCOCODE": null, "RANK_REFERENCE": "TR5805", "LOCATION_DETAILS": null, "AREA_CODE": "K&C", "TAXI_STATUS": "A", "START_DATE": null, "RANK_NAME": "Exhibition Road (Science Museum), Sw7", "FEATURE_TYPE_CODE": "TTTA", "FEATURE_TYPE_NAME": "TfL Apt - Taxi Rank", "ACCESSIBLE": null, "NIGHT_TUBE": null, "HIGHWAY_AUTHORITY": "K&C", "SECTOR_CODE": "All London", "RANK_LENGTH": null, "TAXI_SHELTER_PRESENT": null, "TAXI_STOP_PRESENT": null, "DATASET_LAST_UPDATED": 1788150607000, "_matched": false}}, {"type": "Feature", "id": 141179, "geometry": {"type": "Point", "coordinates": [-0.371163017632861, 51.575361579979]}, "properties": {"OBJECTID": 141179, "LOCATION": "Alexandra Avenue", "BOROUGH": null, "NB_SPACES": "2", "DAYS_OP": "Mon - Sun", "TIMES_OP": null, "STATION_NEARBY": null, "STATION_NAME": "Rayners Lane", "RANK_TYPE": null, "ATCOCODE": null, "RANK_REFERENCE": "TR6139", "LOCATION_DETAILS": null, "AREA_CODE": "HRW", "TAXI_STATUS": "A", "START_DATE": null, "RANK_NAME": "Rayners Lane Station", "FEATURE_TYPE_CODE": "TTTA", "FEATURE_TYPE_NAME": "TfL Apt - Taxi Rank", "ACCESSIBLE": null, "NIGHT_TUBE": null, "HIGHWAY_AUTHORITY": "HRW", "SECTOR_CODE": "Sector 9", "RANK_LENGTH": null, "TAXI_SHELTER_PRESENT": null, "TAXI_STOP_PRESENT": null, "DATASET_LAST_UPDATED": 1788150607000, "_matched": false}}, {"type": "Feature", "id": 141180, "geometry": {"type": "Point", "coordinates": [-0.145410963600081, 51.5101069289096]}, "properties": {"OBJECTID": 141180, "LOCATION": "Bruton Street", "BOROUGH": null, "NB_SPACES": "2", "DAYS_OP": "Mon - Sun", "TIMES_OP": null, "STATION_NEARBY": null, "STATION_NAME": null, "RANK_TYPE": null, "ATCOCODE": null, "RANK_REFERENCE": "TR6088", "LOCATION_DETAILS": null, "AREA_CODE": "WES", "TAXI_STATUS": "A", "START_DATE": null, "RANK_NAME": "Sexy Fish", "FEATURE_TYPE_CODE": "TTTA", "FEATURE_TYPE_NAME": "TfL Apt - Taxi Rank", "ACCESSIBLE": null, "NIGHT_TUBE": null, "HIGHWAY_AUTHORITY": "WES", "SECTOR_CODE": "All London", "RANK_LENGTH": null, "TAXI_SHELTER_PRESENT": null, "TAXI_STOP_PRESENT": null, "DATASET_LAST_UPDATED": 1788150607000, "_matched": false}}, {"type": "Feature", "id": 141182, "geometry": {"type": "Point", "coordinates": [0.216947920463496, 51.5629001710708]}, "properties": {"OBJECTID": 141182, "LOCATION": "High Street", "BOROUGH": null, "NB_SPACES": "22", "DAYS_OP": "Mon - Sun", "TIMES_OP": null, "STATION_NEARBY": null, "STATION_NAME": null, "RANK_TYPE": null, "ATCOCODE": null, "RANK_REFERENCE": "TR5852", "LOCATION_DETAILS": null, "AREA_CODE": "HAV", "TAXI_STATUS": "A", "START_DATE": null, "RANK_NAME": "\r\nGeorge Billet Roundabout", "FEATURE_TYPE_CODE": "TTTA", "FEATURE_TYPE_NAME": "TfL Apt - Taxi Rank", "ACCESSIBLE": null, "NIGHT_TUBE": null, "HIGHWAY_AUTHORITY": "HAV", "SECTOR_CODE": "Sector 2", "RANK_LENGTH": null, "TAXI_SHELTER_PRESENT": null, "TAXI_STOP_PRESENT": null, "DATASET_LAST_UPDATED": 1788150607000, "_matched": false}}, {"type": "Feature", "id": 141183, "geometry": {"type": "Point", "coordinates": [-0.112768525750298, 51.4982825833545]}, "properties": {"OBJECTID": 141183, "LOCATION": "Hercules Road", "BOROUGH": null, "NB_SPACES": "2", "DAYS_OP": "Mon - Sun", "TIMES_OP": null, "STATION_NEARBY": null, "STATION_NAME": "Lambeth North", "RANK_TYPE": null, "ATCOCODE": null, "RANK_REFERENCE": "TR6175", "LOCATION_DETAILS": null, "AREA_CODE": "LAM", "TAXI_STATUS": "A", "START_DATE": null, "RANK_NAME": "Park Plaza London Waterloo", "FEATURE_TYPE_CODE": "TTTA", "FEATURE_TYPE_NAME": "TfL Apt - Taxi Rank", "ACCESSIBLE": null, "NIGHT_TUBE": null, "HIGHWAY_AUTHORITY": "LAM", "SECTOR_CODE": "All London", "RANK_LENGTH": null, "TAXI_SHELTER_PRESENT": null, "TAXI_STOP_PRESENT": null, "DATASET_LAST_UPDATED": 1788150607000, "_matched": false}}, {"type": "Feature", "id": 141184, "geometry": {"type": "Point", "coordinates": [-0.0808717251699296, 51.5147159593163]}, "properties": {"OBJECTID": 141184, "LOCATION": "St Mary Axe", "BOROUGH": null, "NB_SPACES": "2", "DAYS_OP": "Mon - Sun", "TIMES_OP": null, "STATION_NEARBY": null, "STATION_NAME": null, "RANK_TYPE": null, "ATCOCODE": null, "RANK_REFERENCE": "TR5925", "LOCATION_DETAILS": null, "AREA_CODE": "CTY", "TAXI_STATUS": "A", "START_DATE": null, "RANK_NAME": "St Mary Axe (City Of London)", "FEATURE_TYPE_CODE": "TCTA", "FEATURE_TYPE_NAME": "COL - Taxi Rank", "ACCESSIBLE": null, "NIGHT_TUBE": null, "HIGHWAY_AUTHORITY": "CTY", "SECTOR_CODE": "All London", "RANK_LENGTH": null, "TAXI_SHELTER_PRESENT": null, "TAXI_STOP_PRESENT": null, "DATASET_LAST_UPDATED": 1788150607000, "_matched": false}}, {"type": "Feature", "id": 141185, "geometry": {"type": "Point", "coordinates": [0.136836893427408, 51.4577853983699]}, "properties": {"OBJECTID": 141185, "LOCATION": "Broadway", "BOROUGH": null, "NB_SPACES": "4", "DAYS_OP": "Mon - Sun", "TIMES_OP": null, "STATION_NEARBY": null, "STATION_NAME": null, "RANK_TYPE": null, "ATCOCODE": null, "RANK_REFERENCE": "TR6227", "LOCATION_DETAILS": null, "AREA_CODE": "BEX", "TAXI_STATUS": "A", "START_DATE": null, "RANK_NAME": "Broadway/lion Road", "FEATURE_TYPE_CODE": "TTTA", "FEATURE_TYPE_NAME": "TfL Apt - Taxi Rank", "ACCESSIBLE": null, "NIGHT_TUBE": null, "HIGHWAY_AUTHORITY": "BEX", "SECTOR_CODE": "Sector 3", "RANK_LENGTH": null, "TAXI_SHELTER_PRESENT": null, "TAXI_STOP_PRESENT": null, "DATASET_LAST_UPDATED": 1788150607000, "_matched": false}}, {"type": "Feature", "id": 141186, "geometry": {"type": "Point", "coordinates": [-0.139010869007111, 51.5073167902515]}, "properties": {"OBJECTID": 141186, "LOCATION": "Bury Street", "BOROUGH": null, "NB_SPACES": "4", "DAYS_OP": "Mon - Sun", "TIMES_OP": null, "STATION_NEARBY": null, "STATION_NAME": null, "RANK_TYPE": null, "ATCOCODE": null, "RANK_REFERENCE": "TR5594", "LOCATION_DETAILS": null, "AREA_CODE": "WES", "TAXI_STATUS": "A", "START_DATE": null, "RANK_NAME": "Bury Street (Quaglino's), Sw1", "FEATURE_TYPE_CODE": "TTTA", "FEATURE_TYPE_NAME": "TfL Apt - Taxi Rank", "ACCESSIBLE": null, "NIGHT_TUBE": null, "HIGHWAY_AUTHORITY": "WES", "SECTOR_CODE": "All London", "RANK_LENGTH": null, "TAXI_SHELTER_PRESENT": null, "TAXI_STOP_PRESENT": null, "DATASET_LAST_UPDATED": 1788150607000, "_matched": false}}, {"type": "Feature", "id": 141187, "geometry": {"type": "Point", "coordinates": [-0.124375759611337, 51.5131446176292]}, "properties": {"OBJECTID": 141187, "LOCATION": "Long Acre", "BOROUGH": null, "NB_SPACES": "2", "DAYS_OP": "Mon-Sat", "TIMES_OP": null, "STATION_NEARBY": null, "STATION_NAME": "Covent Garden", "RANK_TYPE": null, "ATCOCODE": null, "RANK_REFERENCE": "TR6220", "LOCATION_DETAILS": null, "AREA_CODE": "WES", "TAXI_STATUS": "A", "START_DATE": null, "RANK_NAME": "Covent Garden Station", "FEATURE_TYPE_CODE": "TTTA", "FEATURE_TYPE_NAME": "TfL Apt - Taxi Rank", "ACCESSIBLE": null, "NIGHT_TUBE": null, "HIGHWAY_AUTHORITY": "WES", "SECTOR_CODE": "All London", "RANK_LENGTH": null, "TAXI_SHELTER_PRESENT": null, "TAXI_STOP_PRESENT": null, "DATASET_LAST_UPDATED": 1788150607000, "_matched": false}}, {"type": "Feature", "id": 141188, "geometry": {"type": "Point", "coordinates": [-0.0749351061526658, 51.5105809995184]}, "properties": {"OBJECTID": 141188, "LOCATION": "Minories", "BOROUGH": null, "NB_SPACES": "3", "DAYS_OP": "Mon - Sun", "TIMES_OP": null, "STATION_NEARBY": null, "STATION_NAME": null, "RANK_TYPE": null, "ATCOCODE": null, "RANK_REFERENCE": "TR5917", "LOCATION_DETAILS": null, "AREA_CODE": "CTY", "TAXI_STATUS": "A", "START_DATE": null, "RANK_NAME": "Minories (City Of London)", "FEATURE_TYPE_CODE": "TCTA", "FEATURE_TYPE_NAME": "COL - Taxi Rank", "ACCESSIBLE": null, "NIGHT_TUBE": null, "HIGHWAY_AUTHORITY": "CTY", "SECTOR_CODE": "All London", "RANK_LENGTH": null, "TAXI_SHELTER_PRESENT": null, "TAXI_STOP_PRESENT": null, "DATASET_LAST_UPDATED": 1788150607000, "_matched": true}}, {"type": "Feature", "id": 141189, "geometry": {"type": "Point", "coordinates": [-0.078109867607084, 51.5108219110574]}, "properties": {"OBJECTID": 141189, "LOCATION": "Pepys Street", "BOROUGH": null, "NB_SPACES": "2", "DAYS_OP": "Mon - Sun", "TIMES_OP": null, "STATION_NEARBY": null, "STATION_NAME": null, "RANK_TYPE": null, "ATCOCODE": null, "RANK_REFERENCE": "TR5941", "LOCATION_DETAILS": null, "AREA_CODE": "CTY", "TAXI_STATUS": "A", "START_DATE": null, "RANK_NAME": "Pepys Street (Double Tree, Hilton Hotel, Tower Of London), Ec3n", "FEATURE_TYPE_CODE": "TPTA", "FEATURE_TYPE_NAME": "Private - Taxi Rank", "ACCESSIBLE": null, "NIGHT_TUBE": null, "HIGHWAY_AUTHORITY": "Private", "SECTOR_CODE": "All London", "RANK_LENGTH": null, "TAXI_SHELTER_PRESENT": null, "TAXI_STOP_PRESENT": null, "DATASET_LAST_UPDATED": 1788150607000, "_matched": false}}, {"type": "Feature", "id": 141190, "geometry": {"type": "Point", "coordinates": [-0.177904587552157, 51.4176604237552]}, "properties": {"OBJECTID": 141190, "LOCATION": "Christchurch Road", "BOROUGH": null, "NB_SPACES": "2", "DAYS_OP": "Mon - Sun", "TIMES_OP": null, "STATION_NEARBY": null, "STATION_NAME": "Colliers Wood Station", "RANK_TYPE": null, "ATCOCODE": null, "RANK_REFERENCE": "TR6112", "LOCATION_DETAILS": null, "AREA_CODE": "MER", "TAXI_STATUS": "A", "START_DATE": null, "RANK_NAME": "Colliers Wood Station", "FEATURE_TYPE_CODE": "TTTA", "FEATURE_TYPE_NAME": "TfL Apt - Taxi Rank", "ACCESSIBLE": null, "NIGHT_TUBE": null, "HIGHWAY_AUTHORITY": "TFL", "SECTOR_CODE": "Sector 6", "RANK_LENGTH": null, "TAXI_SHELTER_PRESENT": null, "TAXI_STOP_PRESENT": null, "DATASET_LAST_UPDATED": 1788150607000, "_matched": false}}, {"type": "Feature", "id": 141191, "geometry": {"type": "Point", "coordinates": [-0.0207097569601159, 51.5034914497543]}, "properties": {"OBJECTID": 141191, "LOCATION": "Bank Street, Canary Wharf", "BOROUGH": null, "NB_SPACES": "9", "DAYS_OP": "Mon - Sun", "TIMES_OP": null, "STATION_NEARBY": null, "STATION_NAME": "Canary Wharf Station", "RANK_TYPE": null, "ATCOCODE": null, "RANK_REFERENCE": "TR5959", "LOCATION_DETAILS": null, "AREA_CODE": "TH", "TAXI_STATUS": "A", "START_DATE": null, "RANK_NAME": "Bank Street (Jp Morgan/heron Quays Dlr Station), Canary Wharf", "FEATURE_TYPE_CODE": "TPTA", "FEATURE_TYPE_NAME": "Private - Taxi Rank", "ACCESSIBLE": null, "NIGHT_TUBE": null, "HIGHWAY_AUTHORITY": "TH", "SECTOR_CODE": "All London", "RANK_LENGTH": null, "TAXI_SHELTER_PRESENT": null, "TAXI_STOP_PRESENT": null, "DATASET_LAST_UPDATED": 1788150607000, "_matched": true}}, {"type": "Feature", "id": 141192, "geometry": {"type": "Point", "coordinates": [-0.411161406364429, 51.5606052691174]}, "properties": {"OBJECTID": 141192, "LOCATION": "Ruislip Gardens Station Service Road", "BOROUGH": null, "NB_SPACES": "2", "DAYS_OP": "Mon - Sun", "TIMES_OP": null, "STATION_NEARBY": null, "STATION_NAME": "Ruslip Gardens Station", "RANK_TYPE": null, "ATCOCODE": null, "RANK_REFERENCE": "TR5949", "LOCATION_DETAILS": null, "AREA_CODE": "HIL", "TAXI_STATUS": "A", "START_DATE": null, "RANK_NAME": "Ruislip Gardens Station Service Road (Ruislip Gardens Station), Ha4.", "FEATURE_TYPE_CODE": "TTTA", "FEATURE_TYPE_NAME": "TfL Apt - Taxi Rank", "ACCESSIBLE": null, "NIGHT_TUBE": null, "HIGHWAY_AUTHORITY": "HIL", "SECTOR_CODE": "Sector 8", "RANK_LENGTH": null, "TAXI_SHELTER_PRESENT": null, "TAXI_STOP_PRESENT": null, "DATASET_LAST_UPDATED": 1788150607000, "_matched": false}}, {"type": "Feature", "id": 141193, "geometry": {"type": "Point", "coordinates": [0.0248461336028243, 51.5491699349218]}, "properties": {"OBJECTID": 141193, "LOCATION": "Woodgrange Road", "BOROUGH": null, "NB_SPACES": "2", "DAYS_OP": "Mon - Sun", "TIMES_OP": null, "STATION_NEARBY": null, "STATION_NAME": "Forest Gate Station", "RANK_TYPE": null, "ATCOCODE": null, "RANK_REFERENCE": "TR6153", "LOCATION_DETAILS": null, "AREA_CODE": "NEW", "TAXI_STATUS": "A", "START_DATE": null, "RANK_NAME": "Forest Gate Station", "FEATURE_TYPE_CODE": "TTTA", "FEATURE_TYPE_NAME": "TfL Apt - Taxi Rank", "ACCESSIBLE": null, "NIGHT_TUBE": null, "HIGHWAY_AUTHORITY": "NEW", "SECTOR_CODE": "Sector 2", "RANK_LENGTH": null, "TAXI_SHELTER_PRESENT": null, "TAXI_STOP_PRESENT": null, "DATASET_LAST_UPDATED": 1788150607000, "_matched": false}}, {"type": "Feature", "id": 141194, "geometry": {"type": "Point", "coordinates": [-0.126511294531645, 51.4958681196579]}, "properties": {"OBJECTID": 141194, "LOCATION": "Smith Square", "BOROUGH": null, "NB_SPACES": "1", "DAYS_OP": "Mon - Sun", "TIMES_OP": null, "STATION_NEARBY": null, "STATION_NAME": null, "RANK_TYPE": null, "ATCOCODE": null, "RANK_REFERENCE": "TR4898", "LOCATION_DETAILS": null, "AREA_CODE": "WES", "TAXI_STATUS": "A", "START_DATE": null, "RANK_NAME": "Smith Square (East Side), Sw1", "FEATURE_TYPE_CODE": "TTTA", "FEATURE_TYPE_NAME": "TfL Apt - Taxi Rank", "ACCESSIBLE": null, "NIGHT_TUBE": null, "HIGHWAY_AUTHORITY": "WES", "SECTOR_CODE": "All London", "RANK_LENGTH": null, "TAXI_SHELTER_PRESENT": null, "TAXI_STOP_PRESENT": null, "DATASET_LAST_UPDATED": 1788150607000, "_matched": false}}, {"type": "Feature", "id": 141195, "geometry": {"type": "Point", "coordinates": [-0.187397076485461, 51.5121121827506]}, "properties": {"OBJECTID": 141195, "LOCATION": "Inverness Place", "BOROUGH": null, "NB_SPACES": "3", "DAYS_OP": "Mon - Sun", "TIMES_OP": null, "STATION_NEARBY": null, "STATION_NAME": "Queensway", "RANK_TYPE": null, "ATCOCODE": null, "RANK_REFERENCE": "TR5859", "LOCATION_DETAILS": null, "AREA_CODE": "WES", "TAXI_STATUS": "A", "START_DATE": null, "RANK_NAME": "Inverness Place, W2", "FEATURE_TYPE_CODE": "TTTA", "FEATURE_TYPE_NAME": "TfL Apt - Taxi Rank", "ACCESSIBLE": null, "NIGHT_TUBE": null, "HIGHWAY_AUTHORITY": "WES", "SECTOR_CODE": "All London", "RANK_LENGTH": null, "TAXI_SHELTER_PRESENT": null, "TAXI_STOP_PRESENT": null, "DATASET_LAST_UPDATED": 1788150607000, "_matched": false}}, {"type": "Feature", "id": 141196, "geometry": {"type": "Point", "coordinates": [-0.144953494263108, 51.5078875374352]}, "properties": {"OBJECTID": 141196, "LOCATION": "Curzon Street", "BOROUGH": null, "NB_SPACES": "2", "DAYS_OP": "Mon - Sun", "TIMES_OP": null, "STATION_NEARBY": null, "STATION_NAME": null, "RANK_TYPE": null, "ATCOCODE": null, "RANK_REFERENCE": "TR4949", "LOCATION_DETAILS": null, "AREA_CODE": "WES", "TAXI_STATUS": "A", "START_DATE": null, "RANK_NAME": "Curzon Street (Bolton Street R0018), W1 (R0018)", "FEATURE_TYPE_CODE": "TTRE", "FEATURE_TYPE_NAME": "TfL Apt - Rest Rank", "ACCESSIBLE": null, "NIGHT_TUBE": null, "HIGHWAY_AUTHORITY": "WES", "SECTOR_CODE": "All London", "RANK_LENGTH": null, "TAXI_SHELTER_PRESENT": null, "TAXI_STOP_PRESENT": null, "DATASET_LAST_UPDATED": 1788150607000, "_matched": false}}, {"type": "Feature", "id": 141197, "geometry": {"type": "Point", "coordinates": [-0.100334938098061, 51.3734345781328]}, "properties": {"OBJECTID": 141197, "LOCATION": "High Street", "BOROUGH": null, "NB_SPACES": "2", "DAYS_OP": "Mon - Sun", "TIMES_OP": null, "STATION_NEARBY": null, "STATION_NAME": null, "RANK_TYPE": null, "ATCOCODE": null, "RANK_REFERENCE": "TR6074", "LOCATION_DETAILS": null, "AREA_CODE": "CRO", "TAXI_STATUS": "A", "START_DATE": null, "RANK_NAME": "Croydon High Street", "FEATURE_TYPE_CODE": "TTTA", "FEATURE_TYPE_NAME": "TfL Apt - Taxi Rank", "ACCESSIBLE": null, "NIGHT_TUBE": null, "HIGHWAY_AUTHORITY": "CRO", "SECTOR_CODE": "Sector 5", "RANK_LENGTH": null, "TAXI_SHELTER_PRESENT": null, "TAXI_STOP_PRESENT": null, "DATASET_LAST_UPDATED": 1788150607000, "_matched": false}}, {"type": "Feature", "id": 141198, "geometry": {"type": "Point", "coordinates": [-0.137811789777973, 51.5080980917063]}, "properties": {"OBJECTID": 141198, "LOCATION": "Jermyn Street", "BOROUGH": null, "NB_SPACES": "5", "DAYS_OP": "Mon - Sun", "TIMES_OP": null, "STATION_NEARBY": null, "STATION_NAME": null, "RANK_TYPE": null, "ATCOCODE": null, "RANK_REFERENCE": "TR5363", "LOCATION_DETAILS": null, "AREA_CODE": "WES", "TAXI_STATUS": "A", "START_DATE": null, "RANK_NAME": "Jermyn Street (Tramps Nightclub), Sw1", "FEATURE_TYPE_CODE": "TTTA", "FEATURE_TYPE_NAME": "TfL Apt - Taxi Rank", "ACCESSIBLE": null, "NIGHT_TUBE": null, "HIGHWAY_AUTHORITY": "WES", "SECTOR_CODE": "All London", "RANK_LENGTH": null, "TAXI_SHELTER_PRESENT": null, "TAXI_STOP_PRESENT": null, "DATASET_LAST_UPDATED": 1788150607000, "_matched": false}}, {"type": "Feature", "id": 141199, "geometry": {"type": "Point", "coordinates": [-0.180280119306709, 51.501202023462]}, "properties": {"OBJECTID": 141199, "LOCATION": "Queen's Gate", "BOROUGH": null, "NB_SPACES": "1", "DAYS_OP": "Mon - Sun", "TIMES_OP": null, "STATION_NEARBY": null, "STATION_NAME": null, "RANK_TYPE": null, "ATCOCODE": null, "RANK_REFERENCE": "TR4435", "LOCATION_DETAILS": null, "AREA_CODE": "K&C", "TAXI_STATUS": "A", "START_DATE": null, "RANK_NAME": "Queens Gate (Kensington Road), Sw7", "FEATURE_TYPE_CODE": "TTTA", "FEATURE_TYPE_NAME": "TfL Apt - Taxi Rank", "ACCESSIBLE": null, "NIGHT_TUBE": null, "HIGHWAY_AUTHORITY": "K&C", "SECTOR_CODE": "All London", "RANK_LENGTH": null, "TAXI_SHELTER_PRESENT": null, "TAXI_STOP_PRESENT": null, "DATASET_LAST_UPDATED": 1788150607000, "_matched": false}}, {"type": "Feature", "id": 141200, "geometry": {"type": "Point", "coordinates": [-0.121662177937763, 51.4915190874344]}, "properties": {"OBJECTID": 141200, "LOCATION": "Albert Embankment", "BOROUGH": null, "NB_SPACES": "2", "DAYS_OP": "Mon - Sun", "TIMES_OP": null, "STATION_NEARBY": null, "STATION_NAME": null, "RANK_TYPE": null, "ATCOCODE": null, "RANK_REFERENCE": "TR5581", "LOCATION_DETAILS": null, "AREA_CODE": "LAM", "TAXI_STATUS": "A", "START_DATE": null, "RANK_NAME": "Albert Embankment (Park Plaza Riverbank Hotel), Se1", "FEATURE_TYPE_CODE": "TTTA", "FEATURE_TYPE_NAME": "TfL Apt - Taxi Rank", "ACCESSIBLE": null, "NIGHT_TUBE": null, "HIGHWAY_AUTHORITY": "LAM", "SECTOR_CODE": "All London", "RANK_LENGTH": null, "TAXI_SHELTER_PRESENT": null, "TAXI_STOP_PRESENT": null, "DATASET_LAST_UPDATED": 1788150600000, "_matched": false}}, {"type": "Feature", "id": 141201, "geometry": {"type": "Point", "coordinates": [-0.142003978074304, 51.508128608889]}, "properties": {"OBJECTID": 141201, "LOCATION": "Dover Street", "BOROUGH": null, "NB_SPACES": "2", "DAYS_OP": "Mon - Sun", "TIMES_OP": null, "STATION_NEARBY": null, "STATION_NAME": null, "RANK_TYPE": null, "ATCOCODE": null, "RANK_REFERENCE": "TR6044", "LOCATION_DETAILS": null, "AREA_CODE": "WES", "TAXI_STATUS": "A", "START_DATE": null, "RANK_NAME": "Art Club", "FEATURE_TYPE_CODE": "TTTA", "FEATURE_TYPE_NAME": "TfL Apt - Taxi Rank", "ACCESSIBLE": null, "NIGHT_TUBE": null, "HIGHWAY_AUTHORITY": "WES", "SECTOR_CODE": "All London", "RANK_LENGTH": null, "TAXI_SHELTER_PRESENT": null, "TAXI_STOP_PRESENT": null, "DATASET_LAST_UPDATED": 1788150607000, "_matched": false}}, {"type": "Feature", "id": 141202, "geometry": {"type": "Point", "coordinates": [-0.146109609782932, 51.5070964920088]}, "properties": {"OBJECTID": 141202, "LOCATION": "Curzon Street", "BOROUGH": null, "NB_SPACES": "2", "DAYS_OP": "Mon - Sun", "TIMES_OP": null, "STATION_NEARBY": null, "STATION_NAME": null, "RANK_TYPE": null, "ATCOCODE": null, "RANK_REFERENCE": "TR4475", "LOCATION_DETAILS": null, "AREA_CODE": "WES", "TAXI_STATUS": "A", "START_DATE": null, "RANK_NAME": "Curzon Street (Washington Mayfair Hotel), W1", "FEATURE_TYPE_CODE": "TTTA", "FEATURE_TYPE_NAME": "TfL Apt - Taxi Rank", "ACCESSIBLE": null, "NIGHT_TUBE": null, "HIGHWAY_AUTHORITY": "WES", "SECTOR_CODE": "All London", "RANK_LENGTH": null, "TAXI_SHELTER_PRESENT": null, "TAXI_STOP_PRESENT": null, "DATASET_LAST_UPDATED": 1788150607000, "_matched": false}}, {"type": "Feature", "id": 141203, "geometry": {"type": "Point", "coordinates": [-0.0209774525324362, 51.5830715473848]}, "properties": {"OBJECTID": 141203, "LOCATION": "Selborne Road", "BOROUGH": null, "NB_SPACES": "2", "DAYS_OP": "Mon - Sun", "TIMES_OP": null, "STATION_NEARBY": null, "STATION_NAME": "Walthamstow Central Station", "RANK_TYPE": null, "ATCOCODE": null, "RANK_REFERENCE": "TR6008", "LOCATION_DETAILS": null, "AREA_CODE": "WF", "TAXI_STATUS": "A", "START_DATE": null, "RANK_NAME": "Selborne Road (North Side Of Walthamstow Central Station),e17 Outside Tesco", "FEATURE_TYPE_CODE": "TTTA", "FEATURE_TYPE_NAME": "TfL Apt - Taxi Rank", "ACCESSIBLE": null, "NIGHT_TUBE": null, "HIGHWAY_AUTHORITY": "WF", "SECTOR_CODE": "Sector 1", "RANK_LENGTH": null, "TAXI_SHELTER_PRESENT": null, "TAXI_STOP_PRESENT": "PCO6008", "DATASET_LAST_UPDATED": 1788150607000, "_matched": false}}, {"type": "Feature", "id": 141204, "geometry": {"type": "Point", "coordinates": [-0.157592789490368, 51.5128527886216]}, "properties": {"OBJECTID": 141204, "LOCATION": "North Row", "BOROUGH": null, "NB_SPACES": "3", "DAYS_OP": "Mon - Sun", "TIMES_OP": null, "STATION_NEARBY": null, "STATION_NAME": null, "RANK_TYPE": null, "ATCOCODE": null, "RANK_REFERENCE": "TR6004", "LOCATION_DETAILS": null, "AREA_CODE": "WES", "TAXI_STATUS": "A", "START_DATE": null, "RANK_NAME": "North Row (London Marriott Hotel Park Lane), W1k", "FEATURE_TYPE_CODE": "TTTA", "FEATURE_TYPE_NAME": "TfL Apt - Taxi Rank", "ACCESSIBLE": null, "NIGHT_TUBE": null, "HIGHWAY_AUTHORITY": "WES", "SECTOR_CODE": "All London", "RANK_LENGTH": null, "TAXI_SHELTER_PRESENT": null, "TAXI_STOP_PRESENT": null, "DATASET_LAST_UPDATED": 1788150607000, "_matched": false}}, {"type": "Feature", "id": 141206, "geometry": {"type": "Point", "coordinates": [-0.150109841212896, 51.4830417148296]}, "properties": {"OBJECTID": 141206, "LOCATION": "Battersea Park (Chelsea Gate), Sw11", "BOROUGH": null, "NB_SPACES": "12", "DAYS_OP": "Only in operation during events", "TIMES_OP": null, "STATION_NEARBY": null, "STATION_NAME": null, "RANK_TYPE": null, "ATCOCODE": null, "RANK_REFERENCE": "TR5888", "LOCATION_DETAILS": null, "AREA_CODE": "WAN", "TAXI_STATUS": "A", "START_DATE": null, "RANK_NAME": "Battersea Park (Chelsea Gate), Sw11", "FEATURE_TYPE_CODE": "TTTE", "FEATURE_TYPE_NAME": "TfL Apt - Temporary Rank", "ACCESSIBLE": null, "NIGHT_TUBE": null, "HIGHWAY_AUTHORITY": "WAN", "SECTOR_CODE": "All London", "RANK_LENGTH": null, "TAXI_SHELTER_PRESENT": null, "TAXI_STOP_PRESENT": null, "DATASET_LAST_UPDATED": 1788150607000, "_matched": false}}, {"type": "Feature", "id": 141208, "geometry": {"type": "Point", "coordinates": [-0.131822873965321, 51.5104218369762]}, "properties": {"OBJECTID": 141208, "LOCATION": "Coventry Street", "BOROUGH": null, "NB_SPACES": "14", "DAYS_OP": "Mon - Sun", "TIMES_OP": null, "STATION_NEARBY": null, "STATION_NAME": "Piccadilly Circus Station", "RANK_TYPE": null, "ATCOCODE": null, "RANK_REFERENCE": "TR5670", "LOCATION_DETAILS": null, "AREA_CODE": "WES", "TAXI_STATUS": "A", "START_DATE": null, "RANK_NAME": "Coventry/oxendon Street, London W1", "FEATURE_TYPE_CODE": "TTTA", "FEATURE_TYPE_NAME": "TfL Apt - Taxi Rank", "ACCESSIBLE": null, "NIGHT_TUBE": null, "HIGHWAY_AUTHORITY": "WES", "SECTOR_CODE": "All London", "RANK_LENGTH": null, "TAXI_SHELTER_PRESENT": null, "TAXI_STOP_PRESENT": null, "DATASET_LAST_UPDATED": 1788150607000, "_matched": false}}, {"type": "Feature", "id": 141209, "geometry": {"type": "Point", "coordinates": [-0.300362097960189, 51.4115418929087]}, "properties": {"OBJECTID": 141209, "LOCATION": "Clarence Street", "BOROUGH": null, "NB_SPACES": "8", "DAYS_OP": "Mon - Sun", "TIMES_OP": null, "STATION_NEARBY": null, "STATION_NAME": null, "RANK_TYPE": null, "ATCOCODE": null, "RANK_REFERENCE": "TR5446", "LOCATION_DETAILS": null, "AREA_CODE": "KIN", "TAXI_STATUS": "A", "START_DATE": null, "RANK_NAME": "Clarence Street (Pryzm) Kingston Upon Thames, Kt1", "FEATURE_TYPE_CODE": "TTTA", "FEATURE_TYPE_NAME": "TfL Apt - Taxi Rank", "ACCESSIBLE": null, "NIGHT_TUBE": null, "HIGHWAY_AUTHORITY": "KIN", "SECTOR_CODE": "Sector 7", "RANK_LENGTH": null, "TAXI_SHELTER_PRESENT": null, "TAXI_STOP_PRESENT": "PCO5446", "DATASET_LAST_UPDATED": 1788150607000, "_matched": false}}, {"type": "Feature", "id": 141210, "geometry": {"type": "Point", "coordinates": [-0.109975901929543, 51.6179275198998]}, "properties": {"OBJECTID": 141210, "LOCATION": "Aldermans Hill", "BOROUGH": null, "NB_SPACES": "2", "DAYS_OP": "Mon - Sun", "TIMES_OP": null, "STATION_NEARBY": null, "STATION_NAME": null, "RANK_TYPE": null, "ATCOCODE": null, "RANK_REFERENCE": "TR5428", "LOCATION_DETAILS": null, "AREA_CODE": "ENF", "TAXI_STATUS": "A", "START_DATE": null, "RANK_NAME": "Aldermans Hill (Morrison's), Palmers Green, N13", "FEATURE_TYPE_CODE": "TTTA", "FEATURE_TYPE_NAME": "TfL Apt - Taxi Rank", "ACCESSIBLE": null, "NIGHT_TUBE": null, "HIGHWAY_AUTHORITY": "ENF", "SECTOR_CODE": "Sector 1", "RANK_LENGTH": null, "TAXI_SHELTER_PRESENT": null, "TAXI_STOP_PRESENT": null, "DATASET_LAST_UPDATED": 1788150600000, "_matched": false}}, {"type": "Feature", "id": 141211, "geometry": {"type": "Point", "coordinates": [-0.114643500136939, 51.5160370474672]}, "properties": {"OBJECTID": 141211, "LOCATION": "Lincoln's Inn Fields", "BOROUGH": null, "NB_SPACES": "3", "DAYS_OP": "Mon - Sun", "TIMES_OP": null, "STATION_NEARBY": null, "STATION_NAME": null, "RANK_TYPE": null, "ATCOCODE": null, "RANK_REFERENCE": "TR4205", "LOCATION_DETAILS": null, "AREA_CODE": "CDN", "TAXI_STATUS": "A", "START_DATE": null, "RANK_NAME": "Lincoln's In Field (East Side), Wc2", "FEATURE_TYPE_CODE": "TTTA", "FEATURE_TYPE_NAME": "TfL Apt - Taxi Rank", "ACCESSIBLE": null, "NIGHT_TUBE": null, "HIGHWAY_AUTHORITY": "CDN", "SECTOR_CODE": "All London", "RANK_LENGTH": null, "TAXI_SHELTER_PRESENT": null, "TAXI_STOP_PRESENT": null, "DATASET_LAST_UPDATED": 1788150607000, "_matched": false}}, {"type": "Feature", "id": 141212, "geometry": {"type": "Point", "coordinates": [0.0341059642895602, 51.6073449242108]}, "properties": {"OBJECTID": 141212, "LOCATION": "Woodford Station Car Park", "BOROUGH": null, "NB_SPACES": "2", "DAYS_OP": "Fri - Sat", "TIMES_OP": null, "STATION_NEARBY": null, "STATION_NAME": "Woodford Station", "RANK_TYPE": null, "ATCOCODE": null, "RANK_REFERENCE": "TR5842", "LOCATION_DETAILS": null, "AREA_CODE": "RED", "TAXI_STATUS": "A", "START_DATE": null, "RANK_NAME": "Woodford Station Car Park (Woodford Station) Ig8", "FEATURE_TYPE_CODE": "TTTA", "FEATURE_TYPE_NAME": "TfL Apt - Taxi Rank", "ACCESSIBLE": null, "NIGHT_TUBE": null, "HIGHWAY_AUTHORITY": "RED", "SECTOR_CODE": "Sector 1", "RANK_LENGTH": null, "TAXI_SHELTER_PRESENT": null, "TAXI_STOP_PRESENT": null, "DATASET_LAST_UPDATED": 1788150607000, "_matched": false}}, {"type": "Feature", "id": 141213, "geometry": {"type": "Point", "coordinates": [-0.126906719142021, 51.5104693222881]}, "properties": {"OBJECTID": 141213, "LOCATION": "St Martin's Lane", "BOROUGH": null, "NB_SPACES": "3", "DAYS_OP": "Mon - Sun", "TIMES_OP": null, "STATION_NEARBY": null, "STATION_NAME": null, "RANK_TYPE": null, "ATCOCODE": null, "RANK_REFERENCE": "TR6033", "LOCATION_DETAILS": null, "AREA_CODE": "WES", "TAXI_STATUS": "A", "START_DATE": null, "RANK_NAME": "St Martin's Lane", "FEATURE_TYPE_CODE": "TTRE", "FEATURE_TYPE_NAME": "TfL Apt - Rest Rank", "ACCESSIBLE": null, "NIGHT_TUBE": null, "HIGHWAY_AUTHORITY": "WES", "SECTOR_CODE": "All London", "RANK_LENGTH": null, "TAXI_SHELTER_PRESENT": null, "TAXI_STOP_PRESENT": null, "DATASET_LAST_UPDATED": 1788150607000, "_matched": false}}, {"type": "Feature", "id": 141214, "geometry": {"type": "Point", "coordinates": [-0.164059367301367, 51.4989798596743]}, "properties": {"OBJECTID": 141214, "LOCATION": "Hans Road", "BOROUGH": null, "NB_SPACES": "4", "DAYS_OP": "Mon - Sun", "TIMES_OP": null, "STATION_NEARBY": null, "STATION_NAME": "No", "RANK_TYPE": null, "ATCOCODE": null, "RANK_REFERENCE": "TR6193", "LOCATION_DETAILS": null, "AREA_CODE": "K&C", "TAXI_STATUS": "A", "START_DATE": null, "RANK_NAME": "Harrods (Hans Road)", "FEATURE_TYPE_CODE": "TTTA", "FEATURE_TYPE_NAME": "TfL Apt - Taxi Rank", "ACCESSIBLE": null, "NIGHT_TUBE": null, "HIGHWAY_AUTHORITY": "K&C", "SECTOR_CODE": "All London", "RANK_LENGTH": null, "TAXI_SHELTER_PRESENT": null, "TAXI_STOP_PRESENT": null, "DATASET_LAST_UPDATED": 1788150607000, "_matched": false}}, {"type": "Feature", "id": 141215, "geometry": {"type": "Point", "coordinates": [-0.114300322373118, 51.5271372993809]}, "properties": {"OBJECTID": 141215, "LOCATION": "Gwynne Place", "BOROUGH": null, "NB_SPACES": "2", "DAYS_OP": "Mon - Sun", "TIMES_OP": null, "STATION_NEARBY": null, "STATION_NAME": null, "RANK_TYPE": null, "ATCOCODE": null, "RANK_REFERENCE": "TR5570", "LOCATION_DETAILS": null, "AREA_CODE": "ISL", "TAXI_STATUS": "A", "START_DATE": null, "RANK_NAME": "Gwynne Place (Travelodge) W.c.1", "FEATURE_TYPE_CODE": "TTTA", "FEATURE_TYPE_NAME": "TfL Apt - Taxi Rank", "ACCESSIBLE": null, "NIGHT_TUBE": null, "HIGHWAY_AUTHORITY": "ISL", "SECTOR_CODE": "All London", "RANK_LENGTH": null, "TAXI_SHELTER_PRESENT": null, "TAXI_STOP_PRESENT": null, "DATASET_LAST_UPDATED": 1788150607000, "_matched": false}}, {"type": "Feature", "id": 141216, "geometry": {"type": "Point", "coordinates": [-0.193280629546218, 51.4923476030735]}, "properties": {"OBJECTID": 141216, "LOCATION": "Earl's Court Road", "BOROUGH": null, "NB_SPACES": "2", "DAYS_OP": "Mon - Sun", "TIMES_OP": null, "STATION_NEARBY": null, "STATION_NAME": "Earl's Court Station", "RANK_TYPE": null, "ATCOCODE": null, "RANK_REFERENCE": "TR5835", "LOCATION_DETAILS": null, "AREA_CODE": "K&C", "TAXI_STATUS": "A", "START_DATE": null, "RANK_NAME": "Earl's Court Road (Earl's Court Station), Sw5", "FEATURE_TYPE_CODE": "TTTA", "FEATURE_TYPE_NAME": "TfL Apt - Taxi Rank", "ACCESSIBLE": null, "NIGHT_TUBE": null, "HIGHWAY_AUTHORITY": "K&C", "SECTOR_CODE": "All London", "RANK_LENGTH": null, "TAXI_SHELTER_PRESENT": null, "TAXI_STOP_PRESENT": null, "DATASET_LAST_UPDATED": 1788150607000, "_matched": false}}, {"type": "Feature", "id": 141217, "geometry": {"type": "Point", "coordinates": [-0.0814654119275697, 51.510876849657]}, "properties": {"OBJECTID": 141217, "LOCATION": "Mincing Lane", "BOROUGH": null, "NB_SPACES": "4", "DAYS_OP": "Mon - Sun", "TIMES_OP": null, "STATION_NEARBY": null, "STATION_NAME": null, "RANK_TYPE": null, "ATCOCODE": null, "RANK_REFERENCE": "TR5916", "LOCATION_DETAILS": null, "AREA_CODE": "CTY", "TAXI_STATUS": "A", "START_DATE": null, "RANK_NAME": "Mincing Lane (City Of London)", "FEATURE_TYPE_CODE": "TCTA", "FEATURE_TYPE_NAME": "COL - Taxi Rank", "ACCESSIBLE": null, "NIGHT_TUBE": null, "HIGHWAY_AUTHORITY": "CTY", "SECTOR_CODE": "All London", "RANK_LENGTH": null, "TAXI_SHELTER_PRESENT": null, "TAXI_STOP_PRESENT": null, "DATASET_LAST_UPDATED": 1788150607000, "_matched": false}}, {"type": "Feature", "id": 141219, "geometry": {"type": "Point", "coordinates": [-0.175210607798407, 51.5188204388304]}, "properties": {"OBJECTID": 141219, "LOCATION": "North Wharf Road", "BOROUGH": null, "NB_SPACES": "5", "DAYS_OP": "Mon - Sun", "TIMES_OP": null, "STATION_NEARBY": null, "STATION_NAME": null, "RANK_TYPE": null, "ATCOCODE": null, "RANK_REFERENCE": "TR5488", "LOCATION_DETAILS": null, "AREA_CODE": "WES", "TAXI_STATUS": "A", "START_DATE": null, "RANK_NAME": "North Wharf Road (Marks And Spencer), W2", "FEATURE_TYPE_CODE": "TTTA", "FEATURE_TYPE_NAME": "TfL Apt - Taxi Rank", "ACCESSIBLE": null, "NIGHT_TUBE": null, "HIGHWAY_AUTHORITY": "WES", "SECTOR_CODE": "All London", "RANK_LENGTH": null, "TAXI_SHELTER_PRESENT": null, "TAXI_STOP_PRESENT": null, "DATASET_LAST_UPDATED": 1788150607000, "_matched": false}}, {"type": "Feature", "id": 141220, "geometry": {"type": "Point", "coordinates": [-0.158091395992594, 51.515855117309]}, "properties": {"OBJECTID": 141220, "LOCATION": "Upper Berkeley Street", "BOROUGH": null, "NB_SPACES": "5", "DAYS_OP": "Mon - Sun", "TIMES_OP": null, "STATION_NEARBY": null, "STATION_NAME": null, "RANK_TYPE": null, "ATCOCODE": null, "RANK_REFERENCE": "TR4478", "LOCATION_DETAILS": null, "AREA_CODE": "WES", "TAXI_STATUS": "A", "START_DATE": null, "RANK_NAME": "Upper Berkeley Street/montagu Street (Nubo Hotel Portman London), W1", "FEATURE_TYPE_CODE": "TTTA", "FEATURE_TYPE_NAME": "TfL Apt - Taxi Rank", "ACCESSIBLE": null, "NIGHT_TUBE": null, "HIGHWAY_AUTHORITY": "WES", "SECTOR_CODE": "All London", "RANK_LENGTH": null, "TAXI_SHELTER_PRESENT": null, "TAXI_STOP_PRESENT": null, "DATASET_LAST_UPDATED": 1788150607000, "_matched": false}}, {"type": "Feature", "id": 141221, "geometry": {"type": "Point", "coordinates": [-0.132316209760995, 51.510339768831]}, "properties": {"OBJECTID": 141221, "LOCATION": "Coventry Street", "BOROUGH": null, "NB_SPACES": "3", "DAYS_OP": "Mon - Sun", "TIMES_OP": null, "STATION_NEARBY": null, "STATION_NAME": null, "RANK_TYPE": null, "ATCOCODE": null, "RANK_REFERENCE": "TR6147", "LOCATION_DETAILS": null, "AREA_CODE": "WES", "TAXI_STATUS": "A", "START_DATE": null, "RANK_NAME": "Coventry Street (Troccadero), W1", "FEATURE_TYPE_CODE": "TTTA", "FEATURE_TYPE_NAME": "TfL Apt - Taxi Rank", "ACCESSIBLE": null, "NIGHT_TUBE": null, "HIGHWAY_AUTHORITY": "WES", "SECTOR_CODE": "All London", "RANK_LENGTH": null, "TAXI_SHELTER_PRESENT": null, "TAXI_STOP_PRESENT": null, "DATASET_LAST_UPDATED": 1788150607000, "_matched": true}}, {"type": "Feature", "id": 141223, "geometry": {"type": "Point", "coordinates": [-0.0500711237293339, 51.6199511972726]}, "properties": {"OBJECTID": 141223, "LOCATION": "Montagu Road", "BOROUGH": null, "NB_SPACES": "5", "DAYS_OP": "Public and Jewish holidays only", "TIMES_OP": null, "STATION_NEARBY": null, "STATION_NAME": null, "RANK_TYPE": null, "ATCOCODE": null, "RANK_REFERENCE": "TR5201", "LOCATION_DETAILS": null, "AREA_CODE": "ENF", "TAXI_STATUS": "A", "START_DATE": null, "RANK_NAME": "Montagu Road, Edmonton", "FEATURE_TYPE_CODE": "TTTE", "FEATURE_TYPE_NAME": "TfL Apt - Temporary Rank", "ACCESSIBLE": null, "NIGHT_TUBE": null, "HIGHWAY_AUTHORITY": "ENF", "SECTOR_CODE": "Sector 1", "RANK_LENGTH": null, "TAXI_SHELTER_PRESENT": null, "TAXI_STOP_PRESENT": null, "DATASET_LAST_UPDATED": 1788150607000, "_matched": false}}, {"type": "Feature", "id": 141224, "geometry": {"type": "Point", "coordinates": [0.199182607070028, 51.5499610561414]}, "properties": {"OBJECTID": 141224, "LOCATION": "The Broadway", "BOROUGH": null, "NB_SPACES": "10", "DAYS_OP": "Mon - Sun", "TIMES_OP": null, "STATION_NEARBY": null, "STATION_NAME": "Elm Park Station", "RANK_TYPE": null, "ATCOCODE": null, "RANK_REFERENCE": "TR5547", "LOCATION_DETAILS": null, "AREA_CODE": "HAV", "TAXI_STATUS": "A", "START_DATE": null, "RANK_NAME": "The Broadway (Elm Park Station), Elm Park, Rm12", "FEATURE_TYPE_CODE": "TTTA", "FEATURE_TYPE_NAME": "TfL Apt - Taxi Rank", "ACCESSIBLE": null, "NIGHT_TUBE": null, "HIGHWAY_AUTHORITY": "HAV", "SECTOR_CODE": "Sector 2", "RANK_LENGTH": null, "TAXI_SHELTER_PRESENT": null, "TAXI_STOP_PRESENT": null, "DATASET_LAST_UPDATED": 1788150607000, "_matched": false}}, {"type": "Feature", "id": 141226, "geometry": {"type": "Point", "coordinates": [0.017041846427497, 51.4061758831335]}, "properties": {"OBJECTID": 141226, "LOCATION": "Widmore Road", "BOROUGH": null, "NB_SPACES": "5", "DAYS_OP": "Mon - Sun", "TIMES_OP": null, "STATION_NEARBY": null, "STATION_NAME": null, "RANK_TYPE": null, "ATCOCODE": null, "RANK_REFERENCE": "TR6201", "LOCATION_DETAILS": null, "AREA_CODE": "BRO", "TAXI_STATUS": "A", "START_DATE": null, "RANK_NAME": "Widmore Road, Bromley", "FEATURE_TYPE_CODE": "TTTA", "FEATURE_TYPE_NAME": "TfL Apt - Taxi Rank", "ACCESSIBLE": null, "NIGHT_TUBE": null, "HIGHWAY_AUTHORITY": "BRO", "SECTOR_CODE": "Sector 4", "RANK_LENGTH": null, "TAXI_SHELTER_PRESENT": null, "TAXI_STOP_PRESENT": null, "DATASET_LAST_UPDATED": 1788150607000, "_matched": false}}, {"type": "Feature", "id": 141227, "geometry": {"type": "Point", "coordinates": [-0.192104789520478, 51.4539674594131]}, "properties": {"OBJECTID": 141227, "LOCATION": "Garratt Lane - A217", "BOROUGH": null, "NB_SPACES": "5", "DAYS_OP": "Mon - Sun", "TIMES_OP": null, "STATION_NEARBY": null, "STATION_NAME": null, "RANK_TYPE": null, "ATCOCODE": null, "RANK_REFERENCE": "TR5086", "LOCATION_DETAILS": null, "AREA_CODE": "WAN", "TAXI_STATUS": "A", "START_DATE": null, "RANK_NAME": "Garratt Lane (Sainsbury's), Wandsworth, Sw18", "FEATURE_TYPE_CODE": "TTTA", "FEATURE_TYPE_NAME": "TfL Apt - Taxi Rank", "ACCESSIBLE": null, "NIGHT_TUBE": null, "HIGHWAY_AUTHORITY": "WAN", "SECTOR_CODE": "Island", "RANK_LENGTH": null, "TAXI_SHELTER_PRESENT": null, "TAXI_STOP_PRESENT": null, "DATASET_LAST_UPDATED": 1788150607000, "_matched": false}}, {"type": "Feature", "id": 141228, "geometry": {"type": "Point", "coordinates": [-0.224182467740232, 51.4930264375777]}, "properties": {"OBJECTID": 141228, "LOCATION": "Hammersmith Broadway", "BOROUGH": null, "NB_SPACES": "4", "DAYS_OP": "Mon - Sun", "TIMES_OP": null, "STATION_NEARBY": null, "STATION_NAME": "Hammersmith (Dist&picc Line) Station", "RANK_TYPE": null, "ATCOCODE": null, "RANK_REFERENCE": "TR5396", "LOCATION_DETAILS": null, "AREA_CODE": "H&F", "TAXI_STATUS": "A", "START_DATE": null, "RANK_NAME": "Hammersmith Broadway (Hammersmith Station), W6", "FEATURE_TYPE_CODE": "TTTA", "FEATURE_TYPE_NAME": "TfL Apt - Taxi Rank", "ACCESSIBLE": null, "NIGHT_TUBE": null, "HIGHWAY_AUTHORITY": "H&F", "SECTOR_CODE": "All London", "RANK_LENGTH": null, "TAXI_SHELTER_PRESENT": null, "TAXI_STOP_PRESENT": "PCO5396", "DATASET_LAST_UPDATED": 1788150607000, "_matched": true}}, {"type": "Feature", "id": 141229, "geometry": {"type": "Point", "coordinates": [-0.173779335398655, 51.4854090694265]}, "properties": {"OBJECTID": 141229, "LOCATION": "King's Road", "BOROUGH": null, "NB_SPACES": "2", "DAYS_OP": "Mon - Sun", "TIMES_OP": null, "STATION_NEARBY": null, "STATION_NAME": null, "RANK_TYPE": null, "ATCOCODE": null, "RANK_REFERENCE": "TR5694", "LOCATION_DETAILS": null, "AREA_CODE": "K&C", "TAXI_STATUS": "A", "START_DATE": null, "RANK_NAME": "Kings Road, (Raffles Night Club), Sw3", "FEATURE_TYPE_CODE": "TTTA", "FEATURE_TYPE_NAME": "TfL Apt - Taxi Rank", "ACCESSIBLE": null, "NIGHT_TUBE": null, "HIGHWAY_AUTHORITY": "K&C", "SECTOR_CODE": "All London", "RANK_LENGTH": null, "TAXI_SHELTER_PRESENT": null, "TAXI_STOP_PRESENT": null, "DATASET_LAST_UPDATED": 1788150607000, "_matched": false}}, {"type": "Feature", "id": 141230, "geometry": {"type": "Point", "coordinates": [-0.0895875391435439, 51.5144625766812]}, "properties": {"OBJECTID": 141230, "LOCATION": "Prince's Street", "BOROUGH": null, "NB_SPACES": "4", "DAYS_OP": "Mon - Sun", "TIMES_OP": null, "STATION_NEARBY": null, "STATION_NAME": null, "RANK_TYPE": null, "ATCOCODE": null, "RANK_REFERENCE": "TR6171", "LOCATION_DETAILS": null, "AREA_CODE": "CTY", "TAXI_STATUS": "A", "START_DATE": null, "RANK_NAME": "The Ned Hotel", "FEATURE_TYPE_CODE": "TCTA", "FEATURE_TYPE_NAME": "COL - Taxi Rank", "ACCESSIBLE": null, "NIGHT_TUBE": null, "HIGHWAY_AUTHORITY": "CTY", "SECTOR_CODE": "All London", "RANK_LENGTH": null, "TAXI_SHELTER_PRESENT": null, "TAXI_STOP_PRESENT": null, "DATASET_LAST_UPDATED": 1788150607000, "_matched": false}}, {"type": "Feature", "id": 141231, "geometry": {"type": "Point", "coordinates": [-0.19193419630917, 51.4990712064112]}, "properties": {"OBJECTID": 141231, "LOCATION": "Scarsdale Place", "BOROUGH": null, "NB_SPACES": "5", "DAYS_OP": "Mon - Sun", "TIMES_OP": null, "STATION_NEARBY": null, "STATION_NAME": null, "RANK_TYPE": null, "ATCOCODE": null, "RANK_REFERENCE": "TR4556", "LOCATION_DETAILS": null, "AREA_CODE": "K&C", "TAXI_STATUS": "A", "START_DATE": null, "RANK_NAME": "Scarsdale Place (Copthorne Londontara Hotel), W8", "FEATURE_TYPE_CODE": "TTTA", "FEATURE_TYPE_NAME": "TfL Apt - Taxi Rank", "ACCESSIBLE": null, "NIGHT_TUBE": null, "HIGHWAY_AUTHORITY": "K&C", "SECTOR_CODE": "All London", "RANK_LENGTH": null, "TAXI_SHELTER_PRESENT": null, "TAXI_STOP_PRESENT": null, "DATASET_LAST_UPDATED": 1788150607000, "_matched": false}}, {"type": "Feature", "id": 141232, "geometry": {"type": "Point", "coordinates": [-0.275748886066576, 51.6137082619887]}, "properties": {"OBJECTID": 141232, "LOCATION": "Station Road", "BOROUGH": null, "NB_SPACES": "13", "DAYS_OP": "Mon - Sun", "TIMES_OP": null, "STATION_NEARBY": null, "STATION_NAME": "Edgware Station", "RANK_TYPE": null, "ATCOCODE": null, "RANK_REFERENCE": "TR6028", "LOCATION_DETAILS": null, "AREA_CODE": "BAT", "TAXI_STATUS": "A", "START_DATE": null, "RANK_NAME": "Edgware Station", "FEATURE_TYPE_CODE": "TTTA", "FEATURE_TYPE_NAME": "TfL Apt - Taxi Rank", "ACCESSIBLE": null, "NIGHT_TUBE": null, "HIGHWAY_AUTHORITY": "BAT", "SECTOR_CODE": "Sector 9", "RANK_LENGTH": null, "TAXI_SHELTER_PRESENT": null, "TAXI_STOP_PRESENT": null, "DATASET_LAST_UPDATED": 1788150607000, "_matched": true}}, {"type": "Feature", "id": 141233, "geometry": {"type": "Point", "coordinates": [0.0243406493590655, 51.5943036495261]}, "properties": {"OBJECTID": 141233, "LOCATION": "George Lane (M&s Foodhall)", "BOROUGH": null, "NB_SPACES": "3", "DAYS_OP": "Mon - Sun", "TIMES_OP": null, "STATION_NEARBY": null, "STATION_NAME": null, "RANK_TYPE": null, "ATCOCODE": null, "RANK_REFERENCE": "TR5680", "LOCATION_DETAILS": null, "AREA_CODE": "RED", "TAXI_STATUS": "A", "START_DATE": null, "RANK_NAME": "George Lane (M&s Foodhall), South Woodford, E18", "FEATURE_TYPE_CODE": "TTTA", "FEATURE_TYPE_NAME": "TfL Apt - Taxi Rank", "ACCESSIBLE": null, "NIGHT_TUBE": null, "HIGHWAY_AUTHORITY": "RED", "SECTOR_CODE": "Sector 2", "RANK_LENGTH": null, "TAXI_SHELTER_PRESENT": null, "TAXI_STOP_PRESENT": null, "DATASET_LAST_UPDATED": 1788150607000, "_matched": false}}, {"type": "Feature", "id": 141234, "geometry": {"type": "Point", "coordinates": [-0.0231630374228259, 51.5057360307221]}, "properties": {"OBJECTID": 141234, "LOCATION": "Cabot Square, Canary Wharf", "BOROUGH": null, "NB_SPACES": "4", "DAYS_OP": "Mon - Sun", "TIMES_OP": null, "STATION_NEARBY": null, "STATION_NAME": null, "RANK_TYPE": null, "ATCOCODE": null, "RANK_REFERENCE": "TR5951", "LOCATION_DETAILS": null, "AREA_CODE": "TH", "TAXI_STATUS": "A", "START_DATE": null, "RANK_NAME": "1 Cabot Square (Credit Suisse), Canary Wharf).\r\n", "FEATURE_TYPE_CODE": "TPTA", "FEATURE_TYPE_NAME": "Private - Taxi Rank", "ACCESSIBLE": null, "NIGHT_TUBE": null, "HIGHWAY_AUTHORITY": "TH", "SECTOR_CODE": "All London", "RANK_LENGTH": null, "TAXI_SHELTER_PRESENT": null, "TAXI_STOP_PRESENT": null, "DATASET_LAST_UPDATED": 1788150607000, "_matched": false}}, {"type": "Feature", "id": 141235, "geometry": {"type": "Point", "coordinates": [-0.135561390272447, 51.5187454432582]}, "properties": {"OBJECTID": 141235, "LOCATION": "Rathbone Street", "BOROUGH": null, "NB_SPACES": "1", "DAYS_OP": "Mon - Sun", "TIMES_OP": null, "STATION_NEARBY": null, "STATION_NAME": null, "RANK_TYPE": null, "ATCOCODE": null, "RANK_REFERENCE": "TR5141", "LOCATION_DETAILS": null, "AREA_CODE": "WES", "TAXI_STATUS": "A", "START_DATE": null, "RANK_NAME": "Rathbone Street (Rathbone Hotel), W1", "FEATURE_TYPE_CODE": "TTTA", "FEATURE_TYPE_NAME": "TfL Apt - Taxi Rank", "ACCESSIBLE": null, "NIGHT_TUBE": null, "HIGHWAY_AUTHORITY": "WES", "SECTOR_CODE": "All London", "RANK_LENGTH": null, "TAXI_SHELTER_PRESENT": null, "TAXI_STOP_PRESENT": null, "DATASET_LAST_UPDATED": 1788150607000, "_matched": false}}, {"type": "Feature", "id": 141236, "geometry": {"type": "Point", "coordinates": [-0.0321753304055794, 51.4764905794279]}, "properties": {"OBJECTID": 141236, "LOCATION": "Amersham Vale", "BOROUGH": null, "NB_SPACES": "3", "DAYS_OP": "Mon - Sun", "TIMES_OP": null, "STATION_NEARBY": null, "STATION_NAME": "New Cross Station", "RANK_TYPE": null, "ATCOCODE": null, "RANK_REFERENCE": "TR5345", "LOCATION_DETAILS": null, "AREA_CODE": "LEW", "TAXI_STATUS": "A", "START_DATE": null, "RANK_NAME": "Amersham Vale (New Cross Station), Se14", "FEATURE_TYPE_CODE": "TTTA", "FEATURE_TYPE_NAME": "TfL Apt - Taxi Rank", "ACCESSIBLE": null, "NIGHT_TUBE": null, "HIGHWAY_AUTHORITY": "LEW", "SECTOR_CODE": "Sector 3", "RANK_LENGTH": null, "TAXI_SHELTER_PRESENT": null, "TAXI_STOP_PRESENT": null, "DATASET_LAST_UPDATED": 1788150607000, "_matched": false}}, {"type": "Feature", "id": 141237, "geometry": {"type": "Point", "coordinates": [-0.0118977989945994, 51.4814901626296]}, "properties": {"OBJECTID": 141237, "LOCATION": "Creek Road", "BOROUGH": null, "NB_SPACES": "2", "DAYS_OP": "Mon - Sun", "TIMES_OP": null, "STATION_NEARBY": null, "STATION_NAME": null, "RANK_TYPE": null, "ATCOCODE": null, "RANK_REFERENCE": "TR5472", "LOCATION_DETAILS": null, "AREA_CODE": "GRE", "TAXI_STATUS": "A", "START_DATE": null, "RANK_NAME": "Creek Road (Up The Creek Club), Greenwich, Se10", "FEATURE_TYPE_CODE": "TTTA", "FEATURE_TYPE_NAME": "TfL Apt - Taxi Rank", "ACCESSIBLE": null, "NIGHT_TUBE": null, "HIGHWAY_AUTHORITY": "GRE", "SECTOR_CODE": "Sector 3", "RANK_LENGTH": null, "TAXI_SHELTER_PRESENT": null, "TAXI_STOP_PRESENT": null, "DATASET_LAST_UPDATED": 1788150607000, "_matched": false}}, {"type": "Feature", "id": 141238, "geometry": {"type": "Point", "coordinates": [-0.10879990799345, 51.4970496169991]}, "properties": {"OBJECTID": 141238, "LOCATION": "Lambeth Road", "BOROUGH": null, "NB_SPACES": "2", "DAYS_OP": "Mon - Sun", "TIMES_OP": null, "STATION_NEARBY": null, "STATION_NAME": null, "RANK_TYPE": null, "ATCOCODE": null, "RANK_REFERENCE": "TR5548", "LOCATION_DETAILS": null, "AREA_CODE": "SWK", "TAXI_STATUS": "A", "START_DATE": null, "RANK_NAME": "Lambeth Road (Imperial War Museum), Se11", "FEATURE_TYPE_CODE": "TTTA", "FEATURE_TYPE_NAME": "TfL Apt - Taxi Rank", "ACCESSIBLE": null, "NIGHT_TUBE": null, "HIGHWAY_AUTHORITY": "SWK", "SECTOR_CODE": "All London", "RANK_LENGTH": null, "TAXI_SHELTER_PRESENT": null, "TAXI_STOP_PRESENT": null, "DATASET_LAST_UPDATED": 1788150607000, "_matched": false}}, {"type": "Feature", "id": 141239, "geometry": {"type": "Point", "coordinates": [-0.152194722397446, 51.4432105573546]}, "properties": {"OBJECTID": 141239, "LOCATION": "Balham Station Road", "BOROUGH": null, "NB_SPACES": "7", "DAYS_OP": "Mon - Sun", "TIMES_OP": null, "STATION_NEARBY": null, "STATION_NAME": "Balham Station", "RANK_TYPE": null, "ATCOCODE": null, "RANK_REFERENCE": "TR5665", "LOCATION_DETAILS": null, "AREA_CODE": "WAN", "TAXI_STATUS": "A", "START_DATE": null, "RANK_NAME": "Balham Station Road, Balham, Sw12", "FEATURE_TYPE_CODE": "TTTA", "FEATURE_TYPE_NAME": "TfL Apt - Taxi Rank", "ACCESSIBLE": null, "NIGHT_TUBE": null, "HIGHWAY_AUTHORITY": "WAN", "SECTOR_CODE": "All London", "RANK_LENGTH": null, "TAXI_SHELTER_PRESENT": null, "TAXI_STOP_PRESENT": "PCO5458", "DATASET_LAST_UPDATED": 1788150607000, "_matched": false}}, {"type": "Feature", "id": 141240, "geometry": {"type": "Point", "coordinates": [-0.179862711210722, 51.5467422906694]}, "properties": {"OBJECTID": 141240, "LOCATION": "Canfield Gardens", "BOROUGH": null, "NB_SPACES": "6", "DAYS_OP": "Mon - Sun", "TIMES_OP": null, "STATION_NEARBY": null, "STATION_NAME": "Finchley Road Station", "RANK_TYPE": null, "ATCOCODE": null, "RANK_REFERENCE": "TR5534", "LOCATION_DETAILS": null, "AREA_CODE": "CDN", "TAXI_STATUS": "A", "START_DATE": null, "RANK_NAME": "Canfield Gardens (Waitrose),  Nw6", "FEATURE_TYPE_CODE": "TTTA", "FEATURE_TYPE_NAME": "TfL Apt - Taxi Rank", "ACCESSIBLE": null, "NIGHT_TUBE": null, "HIGHWAY_AUTHORITY": "CDN", "SECTOR_CODE": "All London", "RANK_LENGTH": null, "TAXI_SHELTER_PRESENT": null, "TAXI_STOP_PRESENT": "PCO5534", "DATASET_LAST_UPDATED": 1788150607000, "_matched": false}}, {"type": "Feature", "id": 141241, "geometry": {"type": "Point", "coordinates": [0.000566543571677267, 51.5007203817713]}, "properties": {"OBJECTID": 141241, "LOCATION": "Tunnel Avenue", "BOROUGH": null, "NB_SPACES": "4", "DAYS_OP": "Events only", "TIMES_OP": null, "STATION_NEARBY": null, "STATION_NAME": null, "RANK_TYPE": null, "ATCOCODE": null, "RANK_REFERENCE": "TR6114", "LOCATION_DETAILS": null, "AREA_CODE": "GRE", "TAXI_STATUS": "A", "START_DATE": null, "RANK_NAME": "Magazine", "FEATURE_TYPE_CODE": "TTTE", "FEATURE_TYPE_NAME": "TfL Apt - Temporary Rank", "ACCESSIBLE": null, "NIGHT_TUBE": null, "HIGHWAY_AUTHORITY": "GRE", "SECTOR_CODE": "Sector 3", "RANK_LENGTH": null, "TAXI_SHELTER_PRESENT": null, "TAXI_STOP_PRESENT": null, "DATASET_LAST_UPDATED": 1788150607000, "_matched": false}}, {"type": "Feature", "id": 141242, "geometry": {"type": "Point", "coordinates": [0.0905355658082735, 51.5753555944887]}, "properties": {"OBJECTID": 141242, "LOCATION": "Newbury Park Station Forecourt", "BOROUGH": null, "NB_SPACES": "2", "DAYS_OP": "Mon - Sun", "TIMES_OP": null, "STATION_NEARBY": null, "STATION_NAME": "Newbury Station", "RANK_TYPE": null, "ATCOCODE": null, "RANK_REFERENCE": "TR5813", "LOCATION_DETAILS": null, "AREA_CODE": "RED", "TAXI_STATUS": "A", "START_DATE": null, "RANK_NAME": "Newbury Park Station", "FEATURE_TYPE_CODE": "TTTA", "FEATURE_TYPE_NAME": "TfL Apt - Taxi Rank", "ACCESSIBLE": null, "NIGHT_TUBE": null, "HIGHWAY_AUTHORITY": "RED", "SECTOR_CODE": "Sector 2", "RANK_LENGTH": null, "TAXI_SHELTER_PRESENT": null, "TAXI_STOP_PRESENT": null, "DATASET_LAST_UPDATED": 1788150607000, "_matched": false}}, {"type": "Feature", "id": 141243, "geometry": {"type": "Point", "coordinates": [-0.142956753782567, 51.5222619254752]}, "properties": {"OBJECTID": 141243, "LOCATION": "Bolsover Street", "BOROUGH": null, "NB_SPACES": "3", "DAYS_OP": "Mon - Sun", "TIMES_OP": null, "STATION_NEARBY": null, "STATION_NAME": null, "RANK_TYPE": null, "ATCOCODE": null, "RANK_REFERENCE": "TR5592", "LOCATION_DETAILS": null, "AREA_CODE": "WES", "TAXI_STATUS": "A", "START_DATE": null, "RANK_NAME": "Bolsover Street (Holiday Inn London Regents Park Hotel), W1", "FEATURE_TYPE_CODE": "TTTA", "FEATURE_TYPE_NAME": "TfL Apt - Taxi Rank", "ACCESSIBLE": null, "NIGHT_TUBE": null, "HIGHWAY_AUTHORITY": "WES", "SECTOR_CODE": "All London", "RANK_LENGTH": null, "TAXI_SHELTER_PRESENT": null, "TAXI_STOP_PRESENT": null, "DATASET_LAST_UPDATED": 1788150607000, "_matched": false}}, {"type": "Feature", "id": 141244, "geometry": {"type": "Point", "coordinates": [-0.124058498682781, 51.5103428675877]}, "properties": {"OBJECTID": 141244, "LOCATION": "Bedford Street", "BOROUGH": null, "NB_SPACES": "2", "DAYS_OP": "Mon -  Sun", "TIMES_OP": null, "STATION_NEARBY": null, "STATION_NAME": null, "RANK_TYPE": null, "ATCOCODE": null, "RANK_REFERENCE": "TR6219", "LOCATION_DETAILS": null, "AREA_CODE": "WES", "TAXI_STATUS": "A", "START_DATE": null, "RANK_NAME": "Bedford Street", "FEATURE_TYPE_CODE": "TTTA", "FEATURE_TYPE_NAME": "TfL Apt - Taxi Rank", "ACCESSIBLE": null, "NIGHT_TUBE": null, "HIGHWAY_AUTHORITY": "WES", "SECTOR_CODE": "All London", "RANK_LENGTH": null, "TAXI_SHELTER_PRESENT": null, "TAXI_STOP_PRESENT": null, "DATASET_LAST_UPDATED": 1788150607000, "_matched": false}}, {"type": "Feature", "id": 141245, "geometry": {"type": "Point", "coordinates": [-0.163737657236198, 51.5008902251036]}, "properties": {"OBJECTID": 141245, "LOCATION": "Raphael Street", "BOROUGH": null, "NB_SPACES": "3", "DAYS_OP": "Mon - Sun", "TIMES_OP": null, "STATION_NEARBY": null, "STATION_NAME": null, "RANK_TYPE": null, "ATCOCODE": null, "RANK_REFERENCE": "TR5770", "LOCATION_DETAILS": null, "AREA_CODE": "WES", "TAXI_STATUS": "A", "START_DATE": null, "RANK_NAME": "Raphael Street (Zuma), Sw7", "FEATURE_TYPE_CODE": "TTTA", "FEATURE_TYPE_NAME": "TfL Apt - Taxi Rank", "ACCESSIBLE": null, "NIGHT_TUBE": null, "HIGHWAY_AUTHORITY": "WES", "SECTOR_CODE": "All London", "RANK_LENGTH": null, "TAXI_SHELTER_PRESENT": null, "TAXI_STOP_PRESENT": null, "DATASET_LAST_UPDATED": 1788150607000, "_matched": false}}, {"type": "Feature", "id": 141246, "geometry": {"type": "Point", "coordinates": [-0.141458167312669, 51.5126881557193]}, "properties": {"OBJECTID": 141246, "LOCATION": "Conduit Street", "BOROUGH": null, "NB_SPACES": "3", "DAYS_OP": "Mon - Sun", "TIMES_OP": null, "STATION_NEARBY": null, "STATION_NAME": null, "RANK_TYPE": null, "ATCOCODE": null, "RANK_REFERENCE": "TR5677", "LOCATION_DETAILS": null, "AREA_CODE": "WES", "TAXI_STATUS": "A", "START_DATE": null, "RANK_NAME": "Conduit Street (Sketch), W1", "FEATURE_TYPE_CODE": "TTTA", "FEATURE_TYPE_NAME": "TfL Apt - Taxi Rank", "ACCESSIBLE": null, "NIGHT_TUBE": null, "HIGHWAY_AUTHORITY": "WES", "SECTOR_CODE": "All London", "RANK_LENGTH": null, "TAXI_SHELTER_PRESENT": null, "TAXI_STOP_PRESENT": null, "DATASET_LAST_UPDATED": 1788150607000, "_matched": false}}, {"type": "Feature", "id": 141247, "geometry": {"type": "Point", "coordinates": [-0.452170642630001, 51.4693432181399]}, "properties": {"OBJECTID": 141247, "LOCATION": "Heathrow Airport Terminal 2", "BOROUGH": null, "NB_SPACES": "5", "DAYS_OP": "Mon - Sun", "TIMES_OP": null, "STATION_NEARBY": null, "STATION_NAME": "Heathrow Terminals 1-3 Station", "RANK_TYPE": null, "ATCOCODE": null, "RANK_REFERENCE": "TR5933", "LOCATION_DETAILS": null, "AREA_CODE": "HIL", "TAXI_STATUS": "A", "START_DATE": null, "RANK_NAME": "Heathrow Airport (Termninal 2)", "FEATURE_TYPE_CODE": "TPTA", "FEATURE_TYPE_NAME": "Private - Taxi Rank", "ACCESSIBLE": null, "NIGHT_TUBE": null, "HIGHWAY_AUTHORITY": "BAA", "SECTOR_CODE": "All London", "RANK_LENGTH": null, "TAXI_SHELTER_PRESENT": null, "TAXI_STOP_PRESENT": null, "DATASET_LAST_UPDATED": 1788150607000, "_matched": false}}, {"type": "Feature", "id": 141248, "geometry": {"type": "Point", "coordinates": [0.182688599620164, 51.5754221016014]}, "properties": {"OBJECTID": 141248, "LOCATION": "Havana Close", "BOROUGH": null, "NB_SPACES": "2", "DAYS_OP": "Mon - Sun", "TIMES_OP": null, "STATION_NEARBY": null, "STATION_NAME": null, "RANK_TYPE": null, "ATCOCODE": null, "RANK_REFERENCE": "TR5574", "LOCATION_DETAILS": null, "AREA_CODE": "HAV", "TAXI_STATUS": "A", "START_DATE": null, "RANK_NAME": "Havana Close, Romford, Rm1", "FEATURE_TYPE_CODE": "TTTA", "FEATURE_TYPE_NAME": "TfL Apt - Taxi Rank", "ACCESSIBLE": null, "NIGHT_TUBE": null, "HIGHWAY_AUTHORITY": "HAV", "SECTOR_CODE": "Sector 2", "RANK_LENGTH": null, "TAXI_SHELTER_PRESENT": null, "TAXI_STOP_PRESENT": null, "DATASET_LAST_UPDATED": 1788150607000, "_matched": false}}, {"type": "Feature", "id": 141250, "geometry": {"type": "Point", "coordinates": [-0.149272893899288, 51.5037113135249]}, "properties": {"OBJECTID": 141250, "LOCATION": "Piccadilly", "BOROUGH": null, "NB_SPACES": "2", "DAYS_OP": "Mon - Sun", "TIMES_OP": null, "STATION_NEARBY": null, "STATION_NAME": null, "RANK_TYPE": null, "ATCOCODE": null, "RANK_REFERENCE": "TR6045", "LOCATION_DETAILS": null, "AREA_CODE": "WES", "TAXI_STATUS": "A", "START_DATE": null, "RANK_NAME": "Hard Rock Cafe", "FEATURE_TYPE_CODE": "TTTA", "FEATURE_TYPE_NAME": "TfL Apt - Taxi Rank", "ACCESSIBLE": null, "NIGHT_TUBE": null, "HIGHWAY_AUTHORITY": "WES", "SECTOR_CODE": "All London", "RANK_LENGTH": null, "TAXI_SHELTER_PRESENT": null, "TAXI_STOP_PRESENT": null, "DATASET_LAST_UPDATED": 1788150607000, "_matched": false}}, {"type": "Feature", "id": 141251, "geometry": {"type": "Point", "coordinates": [-0.139204160024583, 51.5142440909831]}, "properties": {"OBJECTID": 141251, "LOCATION": "Great Marlborough Street", "BOROUGH": null, "NB_SPACES": "5", "DAYS_OP": "Mon-Sun", "TIMES_OP": null, "STATION_NEARBY": null, "STATION_NAME": null, "RANK_TYPE": null, "ATCOCODE": null, "RANK_REFERENCE": "TR6218", "LOCATION_DETAILS": null, "AREA_CODE": "WES", "TAXI_STATUS": "A", "START_DATE": null, "RANK_NAME": "Liberty's Great Marlborough Street", "FEATURE_TYPE_CODE": "TTTA", "FEATURE_TYPE_NAME": "TfL Apt - Taxi Rank", "ACCESSIBLE": null, "NIGHT_TUBE": null, "HIGHWAY_AUTHORITY": "WES", "SECTOR_CODE": "All London", "RANK_LENGTH": null, "TAXI_SHELTER_PRESENT": null, "TAXI_STOP_PRESENT": null, "DATASET_LAST_UPDATED": 1788150607000, "_matched": false}}, {"type": "Feature", "id": 141252, "geometry": {"type": "Point", "coordinates": [-0.143817051296039, 51.5248563867029]}, "properties": {"OBJECTID": 141252, "LOCATION": "Osnaburgh Terrace", "BOROUGH": null, "NB_SPACES": "3", "DAYS_OP": "Mon - Sun", "TIMES_OP": null, "STATION_NEARBY": null, "STATION_NAME": null, "RANK_TYPE": null, "ATCOCODE": null, "RANK_REFERENCE": "TR6159", "LOCATION_DETAILS": null, "AREA_CODE": "CDN", "TAXI_STATUS": "A", "START_DATE": null, "RANK_NAME": "Melia White Hotel", "FEATURE_TYPE_CODE": "TTTA", "FEATURE_TYPE_NAME": "TfL Apt - Taxi Rank", "ACCESSIBLE": null, "NIGHT_TUBE": null, "HIGHWAY_AUTHORITY": "TFL", "SECTOR_CODE": "All London", "RANK_LENGTH": null, "TAXI_SHELTER_PRESENT": null, "TAXI_STOP_PRESENT": null, "DATASET_LAST_UPDATED": 1788150607000, "_matched": false}}, {"type": "Feature", "id": 141253, "geometry": {"type": "Point", "coordinates": [-0.104484101839617, 51.534739632672]}, "properties": {"OBJECTID": 141253, "LOCATION": "Duncan Street", "BOROUGH": null, "NB_SPACES": "1", "DAYS_OP": "Mon - Sun", "TIMES_OP": null, "STATION_NEARBY": null, "STATION_NAME": null, "RANK_TYPE": null, "ATCOCODE": null, "RANK_REFERENCE": "TR5384", "LOCATION_DETAILS": null, "AREA_CODE": "ISL", "TAXI_STATUS": "A", "START_DATE": null, "RANK_NAME": "Duncan Street (Camden Passage), N1", "FEATURE_TYPE_CODE": "TTTA", "FEATURE_TYPE_NAME": "TfL Apt - Taxi Rank", "ACCESSIBLE": null, "NIGHT_TUBE": null, "HIGHWAY_AUTHORITY": "TFL", "SECTOR_CODE": "All London", "RANK_LENGTH": null, "TAXI_SHELTER_PRESENT": null, "TAXI_STOP_PRESENT": null, "DATASET_LAST_UPDATED": 1788150607000, "_matched": false}}, {"type": "Feature", "id": 141254, "geometry": {"type": "Point", "coordinates": [-0.109172910569954, 51.5972770007248]}, "properties": {"OBJECTID": 141254, "LOCATION": "Lordship Lane", "BOROUGH": null, "NB_SPACES": "2", "DAYS_OP": "Mon - Sun", "TIMES_OP": null, "STATION_NEARBY": null, "STATION_NAME": "Wood Green Station", "RANK_TYPE": null, "ATCOCODE": null, "RANK_REFERENCE": "TR5526", "LOCATION_DETAILS": null, "AREA_CODE": "HGY", "TAXI_STATUS": "A", "START_DATE": null, "RANK_NAME": "Lordship Lane, Wood Green", "FEATURE_TYPE_CODE": "TTTA", "FEATURE_TYPE_NAME": "TfL Apt - Taxi Rank", "ACCESSIBLE": null, "NIGHT_TUBE": null, "HIGHWAY_AUTHORITY": "HGY", "SECTOR_CODE": "Sector 1", "RANK_LENGTH": null, "TAXI_SHELTER_PRESENT": null, "TAXI_STOP_PRESENT": null, "DATASET_LAST_UPDATED": 1788150607000, "_matched": false}}, {"type": "Feature", "id": 141255, "geometry": {"type": "Point", "coordinates": [-0.0975590839961686, 51.5220379798448]}, "properties": {"OBJECTID": 141255, "LOCATION": "Goswell Road, St John Street To Wakley S", "BOROUGH": null, "NB_SPACES": "2", "DAYS_OP": "Mon - Sun", "TIMES_OP": null, "STATION_NEARBY": null, "STATION_NAME": null, "RANK_TYPE": null, "ATCOCODE": null, "RANK_REFERENCE": "TR5873", "LOCATION_DETAILS": null, "AREA_CODE": "ISL", "TAXI_STATUS": "A", "START_DATE": null, "RANK_NAME": "Goswell Road (Citadines Apart'hotel) No. Ec1m", "FEATURE_TYPE_CODE": "TTTA", "FEATURE_TYPE_NAME": "TfL Apt - Taxi Rank", "ACCESSIBLE": null, "NIGHT_TUBE": null, "HIGHWAY_AUTHORITY": "ISL", "SECTOR_CODE": "All London", "RANK_LENGTH": null, "TAXI_SHELTER_PRESENT": null, "TAXI_STOP_PRESENT": null, "DATASET_LAST_UPDATED": 1788150607000, "_matched": false}}, {"type": "Feature", "id": 141256, "geometry": {"type": "Point", "coordinates": [-0.00959835353555907, 51.481046479049]}, "properties": {"OBJECTID": 141256, "LOCATION": "Greenwich Church Street", "BOROUGH": null, "NB_SPACES": "2", "DAYS_OP": "Mon - Sun", "TIMES_OP": null, "STATION_NEARBY": null, "STATION_NAME": null, "RANK_TYPE": null, "ATCOCODE": null, "RANK_REFERENCE": "TR5305", "LOCATION_DETAILS": null, "AREA_CODE": "GRE", "TAXI_STATUS": "A", "START_DATE": null, "RANK_NAME": "Greenwich Church Street (Antique Market), Se10", "FEATURE_TYPE_CODE": "TTTA", "FEATURE_TYPE_NAME": "TfL Apt - Taxi Rank", "ACCESSIBLE": null, "NIGHT_TUBE": null, "HIGHWAY_AUTHORITY": "GRE", "SECTOR_CODE": "Sector 3", "RANK_LENGTH": null, "TAXI_SHELTER_PRESENT": null, "TAXI_STOP_PRESENT": null, "DATASET_LAST_UPDATED": 1788150607000, "_matched": false}}, {"type": "Feature", "id": 141257, "geometry": {"type": "Point", "coordinates": [-0.0924628852845873, 51.5204984187151]}, "properties": {"OBJECTID": 141257, "LOCATION": "Silk Street", "BOROUGH": null, "NB_SPACES": "2", "DAYS_OP": "Mon - Sun", "TIMES_OP": null, "STATION_NEARBY": null, "STATION_NAME": null, "RANK_TYPE": null, "ATCOCODE": null, "RANK_REFERENCE": "TR5923", "LOCATION_DETAILS": null, "AREA_CODE": "CTY", "TAXI_STATUS": "A", "START_DATE": null, "RANK_NAME": "Silk Street (City Of Londom)", "FEATURE_TYPE_CODE": "TCTA", "FEATURE_TYPE_NAME": "COL - Taxi Rank", "ACCESSIBLE": null, "NIGHT_TUBE": null, "HIGHWAY_AUTHORITY": "CTY", "SECTOR_CODE": "All London", "RANK_LENGTH": null, "TAXI_SHELTER_PRESENT": null, "TAXI_STOP_PRESENT": null, "DATASET_LAST_UPDATED": 1788150607000, "_matched": false}}, {"type": "Feature", "id": 141258, "geometry": {"type": "Point", "coordinates": [-0.111755364759877, 51.5032751287086]}, "properties": {"OBJECTID": 141258, "LOCATION": "Waterloo Railway Station", "BOROUGH": null, "NB_SPACES": "33", "DAYS_OP": "Mon - Sun", "TIMES_OP": null, "STATION_NEARBY": null, "STATION_NAME": "Waterloo Station", "RANK_TYPE": null, "ATCOCODE": null, "RANK_REFERENCE": "TR6195", "LOCATION_DETAILS": null, "AREA_CODE": "LAM", "TAXI_STATUS": "A", "START_DATE": null, "RANK_NAME": "Cab Road - Waterloo Station", "FEATURE_TYPE_CODE": "TPTA", "FEATURE_TYPE_NAME": "Private - Taxi Rank", "ACCESSIBLE": null, "NIGHT_TUBE": null, "HIGHWAY_AUTHORITY": "NTW - Network Rail", "SECTOR_CODE": "All London", "RANK_LENGTH": null, "TAXI_SHELTER_PRESENT": null, "TAXI_STOP_PRESENT": null, "DATASET_LAST_UPDATED": 1788150607000, "_matched": true}}, {"type": "Feature", "id": 141259, "geometry": {"type": "Point", "coordinates": [-0.143476336937292, 51.5084216999062]}, "properties": {"OBJECTID": 141259, "LOCATION": "Berkeley Street", "BOROUGH": null, "NB_SPACES": "5", "DAYS_OP": "Mon - Sun", "TIMES_OP": null, "STATION_NEARBY": null, "STATION_NAME": null, "RANK_TYPE": null, "ATCOCODE": null, "RANK_REFERENCE": "TR5647", "LOCATION_DETAILS": null, "AREA_CODE": "WES", "TAXI_STATUS": "A", "START_DATE": null, "RANK_NAME": "Berkeley Street (Nobu), W1", "FEATURE_TYPE_CODE": "TTTA", "FEATURE_TYPE_NAME": "TfL Apt - Taxi Rank", "ACCESSIBLE": null, "NIGHT_TUBE": null, "HIGHWAY_AUTHORITY": "WES", "SECTOR_CODE": "All London", "RANK_LENGTH": null, "TAXI_SHELTER_PRESENT": null, "TAXI_STOP_PRESENT": null, "DATASET_LAST_UPDATED": 1788150607000, "_matched": false}}, {"type": "Feature", "id": 141260, "geometry": {"type": "Point", "coordinates": [0.0500930478819823, 51.5030754168638]}, "properties": {"OBJECTID": 141260, "LOCATION": "Hartmann Road", "BOROUGH": null, "NB_SPACES": "135", "DAYS_OP": "Mon - Sun", "TIMES_OP": null, "STATION_NEARBY": null, "STATION_NAME": "London City Airport Dlr Station", "RANK_TYPE": null, "ATCOCODE": null, "RANK_REFERENCE": "TR5943", "LOCATION_DETAILS": null, "AREA_CODE": "NEW", "TAXI_STATUS": "A", "START_DATE": null, "RANK_NAME": "Hartmann Road (London City Airport), E16", "FEATURE_TYPE_CODE": "TPTA", "FEATURE_TYPE_NAME": "Private - Taxi Rank", "ACCESSIBLE": null, "NIGHT_TUBE": null, "HIGHWAY_AUTHORITY": "BAA", "SECTOR_CODE": "Sector 2", "RANK_LENGTH": null, "TAXI_SHELTER_PRESENT": null, "TAXI_STOP_PRESENT": null, "DATASET_LAST_UPDATED": 1788150607000, "_matched": false}}, {"type": "Feature", "id": 141261, "geometry": {"type": "Point", "coordinates": [-0.090731634558176, 51.5046793059091]}, "properties": {"OBJECTID": 141261, "LOCATION": "Southwark Street", "BOROUGH": null, "NB_SPACES": "2", "DAYS_OP": "Mon - Sun", "TIMES_OP": null, "STATION_NEARBY": null, "STATION_NAME": null, "RANK_TYPE": null, "ATCOCODE": null, "RANK_REFERENCE": "TR5578", "LOCATION_DETAILS": null, "AREA_CODE": "SWK", "TAXI_STATUS": "A", "START_DATE": null, "RANK_NAME": "Southwark Street (Borough High Street), Se1", "FEATURE_TYPE_CODE": "TTTA", "FEATURE_TYPE_NAME": "TfL Apt - Taxi Rank", "ACCESSIBLE": null, "NIGHT_TUBE": null, "HIGHWAY_AUTHORITY": "TFL", "SECTOR_CODE": "All London", "RANK_LENGTH": null, "TAXI_SHELTER_PRESENT": null, "TAXI_STOP_PRESENT": null, "DATASET_LAST_UPDATED": 1788150607000, "_matched": false}}, {"type": "Feature", "id": 141262, "geometry": {"type": "Point", "coordinates": [-0.131921154657869, 51.5087238158334]}, "properties": {"OBJECTID": 141262, "LOCATION": "Haymarket", "BOROUGH": null, "NB_SPACES": "4", "DAYS_OP": "Mon - Sun", "TIMES_OP": null, "STATION_NEARBY": null, "STATION_NAME": null, "RANK_TYPE": null, "ATCOCODE": null, "RANK_REFERENCE": "TR5854", "LOCATION_DETAILS": null, "AREA_CODE": "WES", "TAXI_STATUS": "A", "START_DATE": null, "RANK_NAME": "Haymarket (Theatre Royal), Sw1", "FEATURE_TYPE_CODE": "TTTA", "FEATURE_TYPE_NAME": "TfL Apt - Taxi Rank", "ACCESSIBLE": null, "NIGHT_TUBE": null, "HIGHWAY_AUTHORITY": "WES", "SECTOR_CODE": "All London", "RANK_LENGTH": null, "TAXI_SHELTER_PRESENT": null, "TAXI_STOP_PRESENT": "PCO5854", "DATASET_LAST_UPDATED": 1788150607000, "_matched": false}}, {"type": "Feature", "id": 141263, "geometry": {"type": "Point", "coordinates": [-0.433122050055802, 51.5911410094009]}, "properties": {"OBJECTID": 141263, "LOCATION": "Reservoir Road", "BOROUGH": null, "NB_SPACES": "2", "DAYS_OP": "Mon - Sun", "TIMES_OP": null, "STATION_NEARBY": null, "STATION_NAME": null, "RANK_TYPE": null, "ATCOCODE": null, "RANK_REFERENCE": "TR3763", "LOCATION_DETAILS": null, "AREA_CODE": "HIL", "TAXI_STATUS": "A", "START_DATE": null, "RANK_NAME": "Reservoir Road (Ruislip Lido),", "FEATURE_TYPE_CODE": "TTTA", "FEATURE_TYPE_NAME": "TfL Apt - Taxi Rank", "ACCESSIBLE": null, "NIGHT_TUBE": null, "HIGHWAY_AUTHORITY": "HIL", "SECTOR_CODE": "Sector 8", "RANK_LENGTH": null, "TAXI_SHELTER_PRESENT": null, "TAXI_STOP_PRESENT": null, "DATASET_LAST_UPDATED": 1788150607000, "_matched": false}}, {"type": "Feature", "id": 141264, "geometry": {"type": "Point", "coordinates": [-0.194189300490298, 51.65035745503]}, "properties": {"OBJECTID": 141264, "LOCATION": "Station Access Road, High Barnet Station", "BOROUGH": null, "NB_SPACES": "2", "DAYS_OP": "Fri - Sat", "TIMES_OP": null, "STATION_NEARBY": null, "STATION_NAME": "High Barnet Station", "RANK_TYPE": null, "ATCOCODE": null, "RANK_REFERENCE": "TR5832", "LOCATION_DETAILS": null, "AREA_CODE": "BAT", "TAXI_STATUS": "A", "START_DATE": null, "RANK_NAME": "Station Access Road To High Barnet Station", "FEATURE_TYPE_CODE": "TTTA", "FEATURE_TYPE_NAME": "TfL Apt - Taxi Rank", "ACCESSIBLE": null, "NIGHT_TUBE": null, "HIGHWAY_AUTHORITY": "BAT", "SECTOR_CODE": "Sector 9", "RANK_LENGTH": null, "TAXI_SHELTER_PRESENT": null, "TAXI_STOP_PRESENT": null, "DATASET_LAST_UPDATED": 1788150607000, "_matched": false}}, {"type": "Feature", "id": 141265, "geometry": {"type": "Point", "coordinates": [-0.145343444594337, 51.5117694745247]}, "properties": {"OBJECTID": 141265, "LOCATION": "Grosvenor Street", "BOROUGH": null, "NB_SPACES": "3", "DAYS_OP": "Mon - Sun", "TIMES_OP": null, "STATION_NEARBY": null, "STATION_NAME": null, "RANK_TYPE": null, "ATCOCODE": null, "RANK_REFERENCE": "TR4045", "LOCATION_DETAILS": null, "AREA_CODE": "WES", "TAXI_STATUS": "A", "START_DATE": null, "RANK_NAME": "Grosvenor Street, W1 (R0005)", "FEATURE_TYPE_CODE": "TTRE", "FEATURE_TYPE_NAME": "TfL Apt - Rest Rank", "ACCESSIBLE": null, "NIGHT_TUBE": null, "HIGHWAY_AUTHORITY": "WES", "SECTOR_CODE": "All London", "RANK_LENGTH": null, "TAXI_SHELTER_PRESENT": null, "TAXI_STOP_PRESENT": null, "DATASET_LAST_UPDATED": 1788150607000, "_matched": false}}, {"type": "Feature", "id": 141266, "geometry": {"type": "Point", "coordinates": [-0.122979569301496, 51.4885546520626]}, "properties": {"OBJECTID": 141266, "LOCATION": "Albert Embankment", "BOROUGH": null, "NB_SPACES": "2", "DAYS_OP": "Mon - Sun", "TIMES_OP": null, "STATION_NEARBY": null, "STATION_NAME": null, "RANK_TYPE": null, "ATCOCODE": null, "RANK_REFERENCE": "TR6103", "LOCATION_DETAILS": null, "AREA_CODE": "LAM", "TAXI_STATUS": "A", "START_DATE": null, "RANK_NAME": "Ashtar", "FEATURE_TYPE_CODE": "TTTA", "FEATURE_TYPE_NAME": "TfL Apt - Taxi Rank", "ACCESSIBLE": null, "NIGHT_TUBE": null, "HIGHWAY_AUTHORITY": "TFL", "SECTOR_CODE": "All London", "RANK_LENGTH": null, "TAXI_SHELTER_PRESENT": null, "TAXI_STOP_PRESENT": null, "DATASET_LAST_UPDATED": 1788150600000, "_matched": false}}, {"type": "Feature", "id": 141267, "geometry": {"type": "Point", "coordinates": [-0.213100096642395, 51.4312235274738]}, "properties": {"OBJECTID": 141267, "LOCATION": "Somerset Road", "BOROUGH": null, "NB_SPACES": "14", "DAYS_OP": "During events only", "TIMES_OP": null, "STATION_NEARBY": null, "STATION_NAME": null, "RANK_TYPE": null, "ATCOCODE": null, "RANK_REFERENCE": "TR6226", "LOCATION_DETAILS": null, "AREA_CODE": "MER", "TAXI_STATUS": "A", "START_DATE": null, "RANK_NAME": "Wimbledon Tennis - Somerset Road", "FEATURE_TYPE_CODE": "TTTE", "FEATURE_TYPE_NAME": "TfL Apt - Temporary Rank", "ACCESSIBLE": null, "NIGHT_TUBE": null, "HIGHWAY_AUTHORITY": "MER", "SECTOR_CODE": "Sector 6", "RANK_LENGTH": null, "TAXI_SHELTER_PRESENT": null, "TAXI_STOP_PRESENT": null, "DATASET_LAST_UPDATED": 1788150607000, "_matched": false}}, {"type": "Feature", "id": 141268, "geometry": {"type": "Point", "coordinates": [0.21932159186719, 51.5624596039476]}, "properties": {"OBJECTID": 141268, "LOCATION": "High Street", "BOROUGH": null, "NB_SPACES": "3", "DAYS_OP": "Mon - Sun", "TIMES_OP": null, "STATION_NEARBY": null, "STATION_NAME": null, "RANK_TYPE": null, "ATCOCODE": null, "RANK_REFERENCE": "TR5765", "LOCATION_DETAILS": null, "AREA_CODE": "HAV", "TAXI_STATUS": "A", "START_DATE": null, "RANK_NAME": "128 High Street (Shared Loading Bay), Hornchurch, Rm11", "FEATURE_TYPE_CODE": "TTTA", "FEATURE_TYPE_NAME": "TfL Apt - Taxi Rank", "ACCESSIBLE": null, "NIGHT_TUBE": null, "HIGHWAY_AUTHORITY": "HAV", "SECTOR_CODE": "Sector 2", "RANK_LENGTH": null, "TAXI_SHELTER_PRESENT": null, "TAXI_STOP_PRESENT": null, "DATASET_LAST_UPDATED": 1788150607000, "_matched": false}}, {"type": "Feature", "id": 141269, "geometry": {"type": "Point", "coordinates": [-0.165562217839922, 51.4988684894907]}, "properties": {"OBJECTID": 141269, "LOCATION": "Montpelier Street", "BOROUGH": null, "NB_SPACES": "5", "DAYS_OP": "Mon - Sun", "TIMES_OP": null, "STATION_NEARBY": null, "STATION_NAME": null, "RANK_TYPE": null, "ATCOCODE": null, "RANK_REFERENCE": "TR5515", "LOCATION_DETAILS": null, "AREA_CODE": "WES", "TAXI_STATUS": "A", "START_DATE": null, "RANK_NAME": "Montpelier Street, Sw7 (R0017)", "FEATURE_TYPE_CODE": "TTRE", "FEATURE_TYPE_NAME": "TfL Apt - Rest Rank", "ACCESSIBLE": null, "NIGHT_TUBE": null, "HIGHWAY_AUTHORITY": "WES", "SECTOR_CODE": "All London", "RANK_LENGTH": null, "TAXI_SHELTER_PRESENT": null, "TAXI_STOP_PRESENT": null, "DATASET_LAST_UPDATED": 1788150607000, "_matched": false}}, {"type": "Feature", "id": 141270, "geometry": {"type": "Point", "coordinates": [-0.136469423528362, 51.5102709444577]}, "properties": {"OBJECTID": 141270, "LOCATION": "Air Street", "BOROUGH": null, "NB_SPACES": "5", "DAYS_OP": "Mon - Sun", "TIMES_OP": null, "STATION_NEARBY": null, "STATION_NAME": null, "RANK_TYPE": null, "ATCOCODE": null, "RANK_REFERENCE": "TR5686", "LOCATION_DETAILS": null, "AREA_CODE": "WES", "TAXI_STATUS": "A", "START_DATE": null, "RANK_NAME": "Air Street (Caf\u00e9 Royal Hotel), W1", "FEATURE_TYPE_CODE": "TTTA", "FEATURE_TYPE_NAME": "TfL Apt - Taxi Rank", "ACCESSIBLE": null, "NIGHT_TUBE": null, "HIGHWAY_AUTHORITY": "WES", "SECTOR_CODE": "All London", "RANK_LENGTH": null, "TAXI_SHELTER_PRESENT": null, "TAXI_STOP_PRESENT": null, "DATASET_LAST_UPDATED": 1788150600000, "_matched": false}}, {"type": "Feature", "id": 141271, "geometry": {"type": "Point", "coordinates": [-0.152830751406811, 51.5140728073515]}, "properties": {"OBJECTID": 141271, "LOCATION": "Oxford Street", "BOROUGH": null, "NB_SPACES": "2", "DAYS_OP": "Mon - Sun", "TIMES_OP": null, "STATION_NEARBY": null, "STATION_NAME": null, "RANK_TYPE": null, "ATCOCODE": null, "RANK_REFERENCE": "TR5139", "LOCATION_DETAILS": null, "AREA_CODE": "WES", "TAXI_STATUS": "A", "START_DATE": null, "RANK_NAME": "Oxford Street (East Of Orchard Street, Selfridges), W1", "FEATURE_TYPE_CODE": "TTTA", "FEATURE_TYPE_NAME": "TfL Apt - Taxi Rank", "ACCESSIBLE": null, "NIGHT_TUBE": null, "HIGHWAY_AUTHORITY": "WES", "SECTOR_CODE": "All London", "RANK_LENGTH": null, "TAXI_SHELTER_PRESENT": null, "TAXI_STOP_PRESENT": null, "DATASET_LAST_UPDATED": 1788150607000, "_matched": false}}, {"type": "Feature", "id": 141272, "geometry": {"type": "Point", "coordinates": [-0.146867381608052, 51.5079537633366]}, "properties": {"OBJECTID": 141272, "LOCATION": "Charles Street", "BOROUGH": null, "NB_SPACES": "3", "DAYS_OP": "Mon - Sun", "TIMES_OP": null, "STATION_NEARBY": null, "STATION_NAME": null, "RANK_TYPE": null, "ATCOCODE": null, "RANK_REFERENCE": "TR4875", "LOCATION_DETAILS": null, "AREA_CODE": "WES", "TAXI_STATUS": "A", "START_DATE": null, "RANK_NAME": "Charles Street (Chesterfield Hotel), W1", "FEATURE_TYPE_CODE": "TTTA", "FEATURE_TYPE_NAME": "TfL Apt - Taxi Rank", "ACCESSIBLE": null, "NIGHT_TUBE": null, "HIGHWAY_AUTHORITY": "WES", "SECTOR_CODE": "All London", "RANK_LENGTH": null, "TAXI_SHELTER_PRESENT": null, "TAXI_STOP_PRESENT": null, "DATASET_LAST_UPDATED": 1788150607000, "_matched": false}}, {"type": "Feature", "id": 141273, "geometry": {"type": "Point", "coordinates": [-0.0864233334146961, 51.503988599784]}, "properties": {"OBJECTID": 141273, "LOCATION": "St Thomas Street", "BOROUGH": null, "NB_SPACES": "6", "DAYS_OP": "Mon - Sun", "TIMES_OP": null, "STATION_NEARBY": null, "STATION_NAME": "London Bridge", "RANK_TYPE": null, "ATCOCODE": null, "RANK_REFERENCE": "TR6185", "LOCATION_DETAILS": null, "AREA_CODE": "SWK", "TAXI_STATUS": "A", "START_DATE": null, "RANK_NAME": "The Shard", "FEATURE_TYPE_CODE": "TTTA", "FEATURE_TYPE_NAME": "TfL Apt - Taxi Rank", "ACCESSIBLE": null, "NIGHT_TUBE": null, "HIGHWAY_AUTHORITY": "TFL", "SECTOR_CODE": "All London", "RANK_LENGTH": null, "TAXI_SHELTER_PRESENT": null, "TAXI_STOP_PRESENT": null, "DATASET_LAST_UPDATED": 1788150607000, "_matched": false}}, {"type": "Feature", "id": 141274, "geometry": {"type": "Point", "coordinates": [-0.249656916511523, 51.5537841928754]}, "properties": {"OBJECTID": 141274, "LOCATION": "Neasden Lane", "BOROUGH": null, "NB_SPACES": "2", "DAYS_OP": "Mon - Sun", "TIMES_OP": null, "STATION_NEARBY": null, "STATION_NAME": "Neasden Station", "RANK_TYPE": null, "ATCOCODE": null, "RANK_REFERENCE": "TR5830", "LOCATION_DETAILS": null, "AREA_CODE": "BRE", "TAXI_STATUS": "A", "START_DATE": null, "RANK_NAME": "Neasden Lane (Neasden Station) Nw10", "FEATURE_TYPE_CODE": "TTTA", "FEATURE_TYPE_NAME": "TfL Apt - Taxi Rank", "ACCESSIBLE": null, "NIGHT_TUBE": null, "HIGHWAY_AUTHORITY": "BRE", "SECTOR_CODE": "Sector 9", "RANK_LENGTH": null, "TAXI_SHELTER_PRESENT": null, "TAXI_STOP_PRESENT": null, "DATASET_LAST_UPDATED": 1788150607000, "_matched": false}}, {"type": "Feature", "id": 141275, "geometry": {"type": "Point", "coordinates": [-0.147950331400432, 51.4524419115914]}, "properties": {"OBJECTID": 141275, "LOCATION": "Balham Hill - A24", "BOROUGH": null, "NB_SPACES": "2", "DAYS_OP": "Mon - Sun", "TIMES_OP": null, "STATION_NEARBY": null, "STATION_NAME": "Clapham South Station", "RANK_TYPE": null, "ATCOCODE": null, "RANK_REFERENCE": "TR5836", "LOCATION_DETAILS": null, "AREA_CODE": "WAN", "TAXI_STATUS": "A", "START_DATE": null, "RANK_NAME": "Clapham South Station", "FEATURE_TYPE_CODE": "TTTA", "FEATURE_TYPE_NAME": "TfL Apt - Taxi Rank", "ACCESSIBLE": null, "NIGHT_TUBE": null, "HIGHWAY_AUTHORITY": "TFL", "SECTOR_CODE": "All London", "RANK_LENGTH": null, "TAXI_SHELTER_PRESENT": null, "TAXI_STOP_PRESENT": null, "DATASET_LAST_UPDATED": 1788150607000, "_matched": true}}, {"type": "Feature", "id": 141276, "geometry": {"type": "Point", "coordinates": [-0.168085392892676, 51.4937911982285]}, "properties": {"OBJECTID": 141276, "LOCATION": "Walton Street", "BOROUGH": null, "NB_SPACES": "2", "DAYS_OP": "Mon - Sun", "TIMES_OP": null, "STATION_NEARBY": null, "STATION_NAME": null, "RANK_TYPE": null, "ATCOCODE": null, "RANK_REFERENCE": "TR5706", "LOCATION_DETAILS": null, "AREA_CODE": "K&C", "TAXI_STATUS": "A", "START_DATE": null, "RANK_NAME": "Walton Street, Sw3", "FEATURE_TYPE_CODE": "TTTA", "FEATURE_TYPE_NAME": "TfL Apt - Taxi Rank", "ACCESSIBLE": null, "NIGHT_TUBE": null, "HIGHWAY_AUTHORITY": "K&C", "SECTOR_CODE": "All London", "RANK_LENGTH": null, "TAXI_SHELTER_PRESENT": null, "TAXI_STOP_PRESENT": null, "DATASET_LAST_UPDATED": 1788150607000, "_matched": false}}, {"type": "Feature", "id": 141277, "geometry": {"type": "Point", "coordinates": [-0.0947770873069086, 51.5213453612103]}, "properties": {"OBJECTID": 141277, "LOCATION": "Finsbury Square", "BOROUGH": null, "NB_SPACES": "5", "DAYS_OP": "Mon - Sun", "TIMES_OP": null, "STATION_NEARBY": null, "STATION_NAME": null, "RANK_TYPE": null, "ATCOCODE": null, "RANK_REFERENCE": "TR5807", "LOCATION_DETAILS": null, "AREA_CODE": "ISL", "TAXI_STATUS": "A", "START_DATE": null, "RANK_NAME": "Finsbury Square (North West Corner)/city Road, Ec2a", "FEATURE_TYPE_CODE": "TTTA", "FEATURE_TYPE_NAME": "TfL Apt - Taxi Rank", "ACCESSIBLE": null, "NIGHT_TUBE": null, "HIGHWAY_AUTHORITY": "ISL", "SECTOR_CODE": "All London", "RANK_LENGTH": null, "TAXI_SHELTER_PRESENT": null, "TAXI_STOP_PRESENT": null, "DATASET_LAST_UPDATED": 1788150607000, "_matched": false}}, {"type": "Feature", "id": 141278, "geometry": {"type": "Point", "coordinates": [0.166791204351062, 51.5740530920275]}, "properties": {"OBJECTID": 141278, "LOCATION": "London Road", "BOROUGH": null, "NB_SPACES": "3", "DAYS_OP": "Mon - Sun", "TIMES_OP": null, "STATION_NEARBY": null, "STATION_NAME": null, "RANK_TYPE": null, "ATCOCODE": null, "RANK_REFERENCE": "TR5147", "LOCATION_DETAILS": null, "AREA_CODE": "HAV", "TAXI_STATUS": "A", "START_DATE": null, "RANK_NAME": "London Road (Romford Stadium), Rm1", "FEATURE_TYPE_CODE": "TTTA", "FEATURE_TYPE_NAME": "TfL Apt - Taxi Rank", "ACCESSIBLE": null, "NIGHT_TUBE": null, "HIGHWAY_AUTHORITY": "HAV", "SECTOR_CODE": "Sector 2", "RANK_LENGTH": null, "TAXI_SHELTER_PRESENT": null, "TAXI_STOP_PRESENT": null, "DATASET_LAST_UPDATED": 1788150607000, "_matched": false}}, {"type": "Feature", "id": 141279, "geometry": {"type": "Point", "coordinates": [-0.134096866763147, 51.5200170755595]}, "properties": {"OBJECTID": 141279, "LOCATION": "Goodge Street", "BOROUGH": null, "NB_SPACES": "2", "DAYS_OP": "Mon - Sun", "TIMES_OP": null, "STATION_NEARBY": null, "STATION_NAME": "Goodge Street", "RANK_TYPE": null, "ATCOCODE": null, "RANK_REFERENCE": "TR6124", "LOCATION_DETAILS": null, "AREA_CODE": "CDN", "TAXI_STATUS": "A", "START_DATE": null, "RANK_NAME": "Goodge Street Station", "FEATURE_TYPE_CODE": "TTTA", "FEATURE_TYPE_NAME": "TfL Apt - Taxi Rank", "ACCESSIBLE": null, "NIGHT_TUBE": null, "HIGHWAY_AUTHORITY": "CDN", "SECTOR_CODE": "All London", "RANK_LENGTH": null, "TAXI_SHELTER_PRESENT": null, "TAXI_STOP_PRESENT": null, "DATASET_LAST_UPDATED": 1788150607000, "_matched": false}}, {"type": "Feature", "id": 141280, "geometry": {"type": "Point", "coordinates": [-0.100939636552053, 51.5121559969105]}, "properties": {"OBJECTID": 141280, "LOCATION": "Queen Victoria Street", "BOROUGH": null, "NB_SPACES": "7", "DAYS_OP": "Mon - Sun", "TIMES_OP": null, "STATION_NEARBY": null, "STATION_NAME": null, "RANK_TYPE": null, "ATCOCODE": null, "RANK_REFERENCE": "TR5922", "LOCATION_DETAILS": null, "AREA_CODE": "CTY", "TAXI_STATUS": "A", "START_DATE": null, "RANK_NAME": "Queen Victoria Street (City Of London)", "FEATURE_TYPE_CODE": "TCTA", "FEATURE_TYPE_NAME": "COL - Taxi Rank", "ACCESSIBLE": null, "NIGHT_TUBE": null, "HIGHWAY_AUTHORITY": "CTY", "SECTOR_CODE": "All London", "RANK_LENGTH": null, "TAXI_SHELTER_PRESENT": null, "TAXI_STOP_PRESENT": null, "DATASET_LAST_UPDATED": 1788150607000, "_matched": false}}, {"type": "Feature", "id": 141281, "geometry": {"type": "Point", "coordinates": [-0.306773175135018, 51.5010731501848]}, "properties": {"OBJECTID": 141281, "LOCATION": "South Ealing Road", "BOROUGH": null, "NB_SPACES": "2", "DAYS_OP": "Mon - Sun", "TIMES_OP": null, "STATION_NEARBY": null, "STATION_NAME": "South Ealing Station", "RANK_TYPE": null, "ATCOCODE": null, "RANK_REFERENCE": "TR5785", "LOCATION_DETAILS": null, "AREA_CODE": "EAL", "TAXI_STATUS": "A", "START_DATE": null, "RANK_NAME": "South Ealing Road (South Ealing Station), South Ealing, W5", "FEATURE_TYPE_CODE": "TTTA", "FEATURE_TYPE_NAME": "TfL Apt - Taxi Rank", "ACCESSIBLE": null, "NIGHT_TUBE": null, "HIGHWAY_AUTHORITY": "EAL", "SECTOR_CODE": "Sector 8", "RANK_LENGTH": null, "TAXI_SHELTER_PRESENT": null, "TAXI_STOP_PRESENT": null, "DATASET_LAST_UPDATED": 1788150607000, "_matched": true}}, {"type": "Feature", "id": 141282, "geometry": {"type": "Point", "coordinates": [-0.139830127616366, 51.5070150489641]}, "properties": {"OBJECTID": 141282, "LOCATION": "St James's Street", "BOROUGH": null, "NB_SPACES": "4", "DAYS_OP": "Mon - Sun", "TIMES_OP": null, "STATION_NEARBY": null, "STATION_NAME": null, "RANK_TYPE": null, "ATCOCODE": null, "RANK_REFERENCE": "TR5713", "LOCATION_DETAILS": null, "AREA_CODE": "WES", "TAXI_STATUS": "A", "START_DATE": null, "RANK_NAME": "St James's Street (Bennet Street), Sw1", "FEATURE_TYPE_CODE": "TTTA", "FEATURE_TYPE_NAME": "TfL Apt - Taxi Rank", "ACCESSIBLE": null, "NIGHT_TUBE": null, "HIGHWAY_AUTHORITY": "WES", "SECTOR_CODE": "All London", "RANK_LENGTH": null, "TAXI_SHELTER_PRESENT": null, "TAXI_STOP_PRESENT": null, "DATASET_LAST_UPDATED": 1788150607000, "_matched": false}}, {"type": "Feature", "id": 141283, "geometry": {"type": "Point", "coordinates": [-0.0751735687306892, 51.3974751868413]}, "properties": {"OBJECTID": 141283, "LOCATION": "Station Road", "BOROUGH": null, "NB_SPACES": "2", "DAYS_OP": "Mon - Sun", "TIMES_OP": null, "STATION_NEARBY": null, "STATION_NAME": "Norwood Junction Station", "RANK_TYPE": null, "ATCOCODE": null, "RANK_REFERENCE": "TR5845", "LOCATION_DETAILS": null, "AREA_CODE": "CRO", "TAXI_STATUS": "A", "START_DATE": null, "RANK_NAME": "Station Road (Norwood Junction Station) Se25", "FEATURE_TYPE_CODE": "TTTA", "FEATURE_TYPE_NAME": "TfL Apt - Taxi Rank", "ACCESSIBLE": null, "NIGHT_TUBE": null, "HIGHWAY_AUTHORITY": "CRO", "SECTOR_CODE": "Sector 5", "RANK_LENGTH": null, "TAXI_SHELTER_PRESENT": null, "TAXI_STOP_PRESENT": null, "DATASET_LAST_UPDATED": 1788150607000, "_matched": false}}, {"type": "Feature", "id": 141284, "geometry": {"type": "Point", "coordinates": [-0.0944755435741808, 51.5047401965901]}, "properties": {"OBJECTID": 141284, "LOCATION": "Southwark Street", "BOROUGH": null, "NB_SPACES": "1", "DAYS_OP": "Mon - Sun", "TIMES_OP": null, "STATION_NEARBY": null, "STATION_NAME": null, "RANK_TYPE": null, "ATCOCODE": null, "RANK_REFERENCE": "TR5502", "LOCATION_DETAILS": null, "AREA_CODE": "SWK", "TAXI_STATUS": "A", "START_DATE": null, "RANK_NAME": "Southwark Street (O'meara Street), Se1", "FEATURE_TYPE_CODE": "TTTA", "FEATURE_TYPE_NAME": "TfL Apt - Taxi Rank", "ACCESSIBLE": null, "NIGHT_TUBE": null, "HIGHWAY_AUTHORITY": "TFL", "SECTOR_CODE": "All London", "RANK_LENGTH": null, "TAXI_SHELTER_PRESENT": null, "TAXI_STOP_PRESENT": null, "DATASET_LAST_UPDATED": 1788150607000, "_matched": false}}, {"type": "Feature", "id": 141285, "geometry": {"type": "Point", "coordinates": [-0.124826911444133, 51.5088264256001]}, "properties": {"OBJECTID": 141285, "LOCATION": "Strand", "BOROUGH": null, "NB_SPACES": "6", "DAYS_OP": "Mon - Sun", "TIMES_OP": null, "STATION_NEARBY": null, "STATION_NAME": "Charing Cross Station", "RANK_TYPE": null, "ATCOCODE": null, "RANK_REFERENCE": "TR5281", "LOCATION_DETAILS": null, "AREA_CODE": "WES", "TAXI_STATUS": "A", "START_DATE": null, "RANK_NAME": "Strand (Villiers Street, Charing Cross Station), Wc2", "FEATURE_TYPE_CODE": "TTTA", "FEATURE_TYPE_NAME": "TfL Apt - Taxi Rank", "ACCESSIBLE": null, "NIGHT_TUBE": null, "HIGHWAY_AUTHORITY": "WES", "SECTOR_CODE": "All London", "RANK_LENGTH": null, "TAXI_SHELTER_PRESENT": null, "TAXI_STOP_PRESENT": null, "DATASET_LAST_UPDATED": 1788150607000, "_matched": false}}, {"type": "Feature", "id": 141286, "geometry": {"type": "Point", "coordinates": [-0.175327310519355, 51.6315777211915]}, "properties": {"OBJECTID": 141286, "LOCATION": "Ballards Lane", "BOROUGH": null, "NB_SPACES": "2", "DAYS_OP": "Mon - Sun", "TIMES_OP": null, "STATION_NEARBY": null, "STATION_NAME": null, "RANK_TYPE": null, "ATCOCODE": null, "RANK_REFERENCE": "TR6102", "LOCATION_DETAILS": null, "AREA_CODE": "BAT", "TAXI_STATUS": "A", "START_DATE": null, "RANK_NAME": "Tally-Ho", "FEATURE_TYPE_CODE": "TTTA", "FEATURE_TYPE_NAME": "TfL Apt - Taxi Rank", "ACCESSIBLE": null, "NIGHT_TUBE": null, "HIGHWAY_AUTHORITY": "BAT", "SECTOR_CODE": "Sector 9", "RANK_LENGTH": null, "TAXI_SHELTER_PRESENT": null, "TAXI_STOP_PRESENT": null, "DATASET_LAST_UPDATED": 1788150607000, "_matched": false}}, {"type": "Feature", "id": 141287, "geometry": {"type": "Point", "coordinates": [-0.0211454842150685, 51.582858559742]}, "properties": {"OBJECTID": 141287, "LOCATION": "Selborne Road", "BOROUGH": null, "NB_SPACES": "2", "DAYS_OP": "Mon - Sun", "TIMES_OP": null, "STATION_NEARBY": null, "STATION_NAME": "Walthamstow Central Station", "RANK_TYPE": null, "ATCOCODE": null, "RANK_REFERENCE": "TR4913", "LOCATION_DETAILS": null, "AREA_CODE": "WF", "TAXI_STATUS": "A", "START_DATE": null, "RANK_NAME": "Selborne Road (Walthamstow Central Station), E17 Car Wash", "FEATURE_TYPE_CODE": "TTTA", "FEATURE_TYPE_NAME": "TfL Apt - Taxi Rank", "ACCESSIBLE": null, "NIGHT_TUBE": null, "HIGHWAY_AUTHORITY": "WF", "SECTOR_CODE": "Sector 1", "RANK_LENGTH": null, "TAXI_SHELTER_PRESENT": null, "TAXI_STOP_PRESENT": null, "DATASET_LAST_UPDATED": 1788150607000, "_matched": false}}, {"type": "Feature", "id": 141288, "geometry": {"type": "Point", "coordinates": [-0.156458595018956, 51.502034978684]}, "properties": {"OBJECTID": 141288, "LOCATION": "Wilton Place", "BOROUGH": null, "NB_SPACES": "4", "DAYS_OP": "Mon - Sun", "TIMES_OP": null, "STATION_NEARBY": null, "STATION_NAME": null, "RANK_TYPE": null, "ATCOCODE": null, "RANK_REFERENCE": "TR4968", "LOCATION_DETAILS": null, "AREA_CODE": "WES", "TAXI_STATUS": "A", "START_DATE": null, "RANK_NAME": "Wilton Place (Berkeley Hotel), Sw1", "FEATURE_TYPE_CODE": "TTTA", "FEATURE_TYPE_NAME": "TfL Apt - Taxi Rank", "ACCESSIBLE": null, "NIGHT_TUBE": null, "HIGHWAY_AUTHORITY": "WES", "SECTOR_CODE": "All London", "RANK_LENGTH": null, "TAXI_SHELTER_PRESENT": null, "TAXI_STOP_PRESENT": null, "DATASET_LAST_UPDATED": 1788150607000, "_matched": false}}, {"type": "Feature", "id": 141289, "geometry": {"type": "Point", "coordinates": [-0.125830560044692, 51.5159735400485]}, "properties": {"OBJECTID": 141289, "LOCATION": "High Holborn", "BOROUGH": null, "NB_SPACES": "4", "DAYS_OP": "Mon - Sun", "TIMES_OP": null, "STATION_NEARBY": null, "STATION_NAME": null, "RANK_TYPE": null, "ATCOCODE": null, "RANK_REFERENCE": "TR5516", "LOCATION_DETAILS": null, "AREA_CODE": "CDN", "TAXI_STATUS": "A", "START_DATE": null, "RANK_NAME": "High Holborn, Shaftesbury Theatre, Wc1", "FEATURE_TYPE_CODE": "TTTA", "FEATURE_TYPE_NAME": "TfL Apt - Taxi Rank", "ACCESSIBLE": null, "NIGHT_TUBE": null, "HIGHWAY_AUTHORITY": "CDN", "SECTOR_CODE": "All London", "RANK_LENGTH": null, "TAXI_SHELTER_PRESENT": null, "TAXI_STOP_PRESENT": null, "DATASET_LAST_UPDATED": 1788150607000, "_matched": false}}, {"type": "Feature", "id": 141290, "geometry": {"type": "Point", "coordinates": [-0.171798071410009, 51.496052297404]}, "properties": {"OBJECTID": 141290, "LOCATION": "Cromwell Gardens", "BOROUGH": null, "NB_SPACES": "5", "DAYS_OP": "Mon - Sun", "TIMES_OP": null, "STATION_NEARBY": null, "STATION_NAME": null, "RANK_TYPE": null, "ATCOCODE": null, "RANK_REFERENCE": "TR5319", "LOCATION_DETAILS": null, "AREA_CODE": "K&C", "TAXI_STATUS": "A", "START_DATE": null, "RANK_NAME": "Cromwell Gardens (V & A Museum), Sw7", "FEATURE_TYPE_CODE": "TTTA", "FEATURE_TYPE_NAME": "TfL Apt - Taxi Rank", "ACCESSIBLE": null, "NIGHT_TUBE": null, "HIGHWAY_AUTHORITY": "K&C", "SECTOR_CODE": "All London", "RANK_LENGTH": null, "TAXI_SHELTER_PRESENT": null, "TAXI_STOP_PRESENT": "PCO5319", "DATASET_LAST_UPDATED": 1788150607000, "_matched": false}}, {"type": "Feature", "id": 141291, "geometry": {"type": "Point", "coordinates": [-0.479023561579635, 51.5459031653396]}, "properties": {"OBJECTID": 141291, "LOCATION": "High Street", "BOROUGH": null, "NB_SPACES": "7", "DAYS_OP": "Mon - Sun", "TIMES_OP": null, "STATION_NEARBY": null, "STATION_NAME": "Uxbridge Station", "RANK_TYPE": null, "ATCOCODE": null, "RANK_REFERENCE": "TR5605", "LOCATION_DETAILS": null, "AREA_CODE": "HIL", "TAXI_STATUS": "A", "START_DATE": null, "RANK_NAME": "High Street, Uxbridge, Ub8", "FEATURE_TYPE_CODE": "TTTA", "FEATURE_TYPE_NAME": "TfL Apt - Taxi Rank", "ACCESSIBLE": null, "NIGHT_TUBE": null, "HIGHWAY_AUTHORITY": "HIL", "SECTOR_CODE": "Sector 8", "RANK_LENGTH": null, "TAXI_SHELTER_PRESENT": null, "TAXI_STOP_PRESENT": "PCO5605", "DATASET_LAST_UPDATED": 1788150607000, "_matched": false}}, {"type": "Feature", "id": 141292, "geometry": {"type": "Point", "coordinates": [-0.104518246975483, 51.5151724345664]}, "properties": {"OBJECTID": 141292, "LOCATION": "Farringdon Street", "BOROUGH": null, "NB_SPACES": "3", "DAYS_OP": "Mon - Sun", "TIMES_OP": null, "STATION_NEARBY": null, "STATION_NAME": null, "RANK_TYPE": null, "ATCOCODE": null, "RANK_REFERENCE": "TR6131", "LOCATION_DETAILS": null, "AREA_CODE": "CTY", "TAXI_STATUS": "A", "START_DATE": null, "RANK_NAME": null, "FEATURE_TYPE_CODE": "TCTA", "FEATURE_TYPE_NAME": "COL - Taxi Rank", "ACCESSIBLE": null, "NIGHT_TUBE": null, "HIGHWAY_AUTHORITY": "TFL", "SECTOR_CODE": "All London", "RANK_LENGTH": null, "TAXI_SHELTER_PRESENT": null, "TAXI_STOP_PRESENT": null, "DATASET_LAST_UPDATED": 1788150607000, "_matched": false}}, {"type": "Feature", "id": 141293, "geometry": {"type": "Point", "coordinates": [-0.153324531851331, 51.5011493681062]}, "properties": {"OBJECTID": 141293, "LOCATION": "Grosvenor Crescent", "BOROUGH": null, "NB_SPACES": "4", "DAYS_OP": "Mon - Sun", "TIMES_OP": null, "STATION_NEARBY": null, "STATION_NAME": null, "RANK_TYPE": null, "ATCOCODE": null, "RANK_REFERENCE": "TR6208", "LOCATION_DETAILS": null, "AREA_CODE": "WES", "TAXI_STATUS": "A", "START_DATE": null, "RANK_NAME": "Grosvenor Crescent (Peninsula Hotel)", "FEATURE_TYPE_CODE": "TTTA", "FEATURE_TYPE_NAME": "TfL Apt - Taxi Rank", "ACCESSIBLE": null, "NIGHT_TUBE": null, "HIGHWAY_AUTHORITY": "WES", "SECTOR_CODE": "All London", "RANK_LENGTH": null, "TAXI_SHELTER_PRESENT": null, "TAXI_STOP_PRESENT": null, "DATASET_LAST_UPDATED": 1788150607000, "_matched": false}}, {"type": "Feature", "id": 141294, "geometry": {"type": "Point", "coordinates": [-0.138034327388472, 51.5146571661177]}, "properties": {"OBJECTID": 141294, "LOCATION": "Great Marlborough Street", "BOROUGH": null, "NB_SPACES": "2", "DAYS_OP": "Mon - Sun", "TIMES_OP": null, "STATION_NEARBY": null, "STATION_NAME": null, "RANK_TYPE": null, "ATCOCODE": null, "RANK_REFERENCE": "TR5627", "LOCATION_DETAILS": null, "AREA_CODE": "WES", "TAXI_STATUS": "A", "START_DATE": null, "RANK_NAME": "Great Marlborough Street (Marks And Spencer), W1", "FEATURE_TYPE_CODE": "TTTA", "FEATURE_TYPE_NAME": "TfL Apt - Taxi Rank", "ACCESSIBLE": null, "NIGHT_TUBE": null, "HIGHWAY_AUTHORITY": "WES", "SECTOR_CODE": "All London", "RANK_LENGTH": null, "TAXI_SHELTER_PRESENT": null, "TAXI_STOP_PRESENT": null, "DATASET_LAST_UPDATED": 1788150607000, "_matched": false}}, {"type": "Feature", "id": 141295, "geometry": {"type": "Point", "coordinates": [-0.398706346009898, 51.556227637597]}, "properties": {"OBJECTID": 141295, "LOCATION": "Great Central Avenue", "BOROUGH": null, "NB_SPACES": "2", "DAYS_OP": "Mon - Sun", "TIMES_OP": null, "STATION_NEARBY": null, "STATION_NAME": "South Ruislip Station", "RANK_TYPE": null, "ATCOCODE": null, "RANK_REFERENCE": "TR3569", "LOCATION_DETAILS": null, "AREA_CODE": "HIL", "TAXI_STATUS": "A", "START_DATE": null, "RANK_NAME": "Great Central Avenue (South Ruislip Station), South Ruislip, Ha4", "FEATURE_TYPE_CODE": "TTTA", "FEATURE_TYPE_NAME": "TfL Apt - Taxi Rank", "ACCESSIBLE": null, "NIGHT_TUBE": null, "HIGHWAY_AUTHORITY": "HIL", "SECTOR_CODE": "Sector 8", "RANK_LENGTH": null, "TAXI_SHELTER_PRESENT": null, "TAXI_STOP_PRESENT": null, "DATASET_LAST_UPDATED": 1788150607000, "_matched": false}}, {"type": "Feature", "id": 141296, "geometry": {"type": "Point", "coordinates": [-0.151945383957644, 51.5067479601502]}, "properties": {"OBJECTID": 141296, "LOCATION": "Stanhope Gate", "BOROUGH": null, "NB_SPACES": "10", "DAYS_OP": "Mon - Sun", "TIMES_OP": null, "STATION_NEARBY": null, "STATION_NAME": null, "RANK_TYPE": null, "ATCOCODE": null, "RANK_REFERENCE": "TR5373", "LOCATION_DETAILS": null, "AREA_CODE": "WES", "TAXI_STATUS": "A", "START_DATE": null, "RANK_NAME": "Deanery Street And Stanhope Gate (Dorchester Hotel), W1", "FEATURE_TYPE_CODE": "TTTA", "FEATURE_TYPE_NAME": "TfL Apt - Taxi Rank", "ACCESSIBLE": null, "NIGHT_TUBE": null, "HIGHWAY_AUTHORITY": "WES", "SECTOR_CODE": "All London", "RANK_LENGTH": null, "TAXI_SHELTER_PRESENT": null, "TAXI_STOP_PRESENT": null, "DATASET_LAST_UPDATED": 1788150607000, "_matched": false}}, {"type": "Feature", "id": 141297, "geometry": {"type": "Point", "coordinates": [-0.324770336524971, 51.495918208806]}, "properties": {"OBJECTID": 141297, "LOCATION": "Boston Manor Road", "BOROUGH": null, "NB_SPACES": "12", "DAYS_OP": "Only in operation during events", "TIMES_OP": null, "STATION_NEARBY": null, "STATION_NAME": null, "RANK_TYPE": null, "ATCOCODE": null, "RANK_REFERENCE": "TR5881", "LOCATION_DETAILS": null, "AREA_CODE": "HOU", "TAXI_STATUS": "A", "START_DATE": null, "RANK_NAME": "Boston Manor Road (Boston Manor Park), Tw8", "FEATURE_TYPE_CODE": "TTTE", "FEATURE_TYPE_NAME": "TfL Apt - Temporary Rank", "ACCESSIBLE": null, "NIGHT_TUBE": null, "HIGHWAY_AUTHORITY": "HOU", "SECTOR_CODE": "Sector 7", "RANK_LENGTH": null, "TAXI_SHELTER_PRESENT": null, "TAXI_STOP_PRESENT": null, "DATASET_LAST_UPDATED": 1788150607000, "_matched": false}}, {"type": "Feature", "id": 141298, "geometry": {"type": "Point", "coordinates": [-0.0846661629052334, 51.5201195692213]}, "properties": {"OBJECTID": 141298, "LOCATION": "Sun Street", "BOROUGH": null, "NB_SPACES": "4", "DAYS_OP": "Mon - Sun", "TIMES_OP": null, "STATION_NEARBY": null, "STATION_NAME": null, "RANK_TYPE": null, "ATCOCODE": null, "RANK_REFERENCE": "TR5927", "LOCATION_DETAILS": null, "AREA_CODE": "CTY", "TAXI_STATUS": "A", "START_DATE": null, "RANK_NAME": "Sun Street (City Of London)", "FEATURE_TYPE_CODE": "TCTA", "FEATURE_TYPE_NAME": "COL - Taxi Rank", "ACCESSIBLE": null, "NIGHT_TUBE": null, "HIGHWAY_AUTHORITY": "CTY", "SECTOR_CODE": "All London", "RANK_LENGTH": null, "TAXI_SHELTER_PRESENT": null, "TAXI_STOP_PRESENT": null, "DATASET_LAST_UPDATED": 1788150607000, "_matched": false}}, {"type": "Feature", "id": 141299, "geometry": {"type": "Point", "coordinates": [-0.1493213373995, 51.5103395542417]}, "properties": {"OBJECTID": 141299, "LOCATION": "Carlos Place", "BOROUGH": null, "NB_SPACES": "7", "DAYS_OP": "Mon - Sun", "TIMES_OP": null, "STATION_NEARBY": null, "STATION_NAME": null, "RANK_TYPE": null, "ATCOCODE": null, "RANK_REFERENCE": "TR6233", "LOCATION_DETAILS": null, "AREA_CODE": "WES", "TAXI_STATUS": "A", "START_DATE": null, "RANK_NAME": "Carlos Place Connaught Hotel", "FEATURE_TYPE_CODE": "TTTA", "FEATURE_TYPE_NAME": "TfL Apt - Taxi Rank", "ACCESSIBLE": null, "NIGHT_TUBE": null, "HIGHWAY_AUTHORITY": "WES", "SECTOR_CODE": "All London", "RANK_LENGTH": null, "TAXI_SHELTER_PRESENT": null, "TAXI_STOP_PRESENT": null, "DATASET_LAST_UPDATED": 1788150607000, "_matched": true}}, {"type": "Feature", "id": 141300, "geometry": {"type": "Point", "coordinates": [0.0147324893199566, 51.4056490637093]}, "properties": {"OBJECTID": 141300, "LOCATION": "Market Square", "BOROUGH": null, "NB_SPACES": "7", "DAYS_OP": "Mon - Sun", "TIMES_OP": null, "STATION_NEARBY": null, "STATION_NAME": null, "RANK_TYPE": null, "ATCOCODE": null, "RANK_REFERENCE": "TR5812", "LOCATION_DETAILS": null, "AREA_CODE": "BRO", "TAXI_STATUS": "A", "START_DATE": null, "RANK_NAME": "Market Square, Bromley, Br1", "FEATURE_TYPE_CODE": "TTTA", "FEATURE_TYPE_NAME": "TfL Apt - Taxi Rank", "ACCESSIBLE": null, "NIGHT_TUBE": null, "HIGHWAY_AUTHORITY": "BRO", "SECTOR_CODE": "Sector 4", "RANK_LENGTH": null, "TAXI_SHELTER_PRESENT": null, "TAXI_STOP_PRESENT": "PCO5812", "DATASET_LAST_UPDATED": 1788150607000, "_matched": false}}, {"type": "Feature", "id": 141301, "geometry": {"type": "Point", "coordinates": [-0.100070679552054, 51.5136436802057]}, "properties": {"OBJECTID": 141301, "LOCATION": "St Paul's Church Yard", "BOROUGH": null, "NB_SPACES": "2", "DAYS_OP": "Mon - Sun", "TIMES_OP": null, "STATION_NEARBY": null, "STATION_NAME": "St. Paul's Station", "RANK_TYPE": null, "ATCOCODE": null, "RANK_REFERENCE": "TR5926", "LOCATION_DETAILS": null, "AREA_CODE": "CTY", "TAXI_STATUS": "A", "START_DATE": null, "RANK_NAME": "St Paul's Church Yard (City Of London)", "FEATURE_TYPE_CODE": "TCTA", "FEATURE_TYPE_NAME": "COL - Taxi Rank", "ACCESSIBLE": null, "NIGHT_TUBE": null, "HIGHWAY_AUTHORITY": "CTY", "SECTOR_CODE": "All London", "RANK_LENGTH": null, "TAXI_SHELTER_PRESENT": null, "TAXI_STOP_PRESENT": null, "DATASET_LAST_UPDATED": 1788150607000, "_matched": true}}, {"type": "Feature", "id": 141302, "geometry": {"type": "Point", "coordinates": [-0.0959621703318894, 51.5143594068134]}, "properties": {"OBJECTID": 141302, "LOCATION": "Cheapside", "BOROUGH": null, "NB_SPACES": "3", "DAYS_OP": "Mon - Sun", "TIMES_OP": null, "STATION_NEARBY": null, "STATION_NAME": "St. Paul's Station", "RANK_TYPE": null, "ATCOCODE": null, "RANK_REFERENCE": "TR5899", "LOCATION_DETAILS": null, "AREA_CODE": "CTY", "TAXI_STATUS": "A", "START_DATE": null, "RANK_NAME": "Cheapside (City Of London)", "FEATURE_TYPE_CODE": "TCTA", "FEATURE_TYPE_NAME": "COL - Taxi Rank", "ACCESSIBLE": null, "NIGHT_TUBE": null, "HIGHWAY_AUTHORITY": "CTY", "SECTOR_CODE": "All London", "RANK_LENGTH": null, "TAXI_SHELTER_PRESENT": null, "TAXI_STOP_PRESENT": null, "DATASET_LAST_UPDATED": 1788150607000, "_matched": false}}, {"type": "Feature", "id": 141303, "geometry": {"type": "Point", "coordinates": [-0.167985496979098, 51.552672275569]}, "properties": {"OBJECTID": 141303, "LOCATION": "Rosslyn Hill", "BOROUGH": null, "NB_SPACES": "10", "DAYS_OP": "Mon - Sun", "TIMES_OP": null, "STATION_NEARBY": null, "STATION_NAME": null, "RANK_TYPE": null, "ATCOCODE": null, "RANK_REFERENCE": "TR6143", "LOCATION_DETAILS": null, "AREA_CODE": "CDN", "TAXI_STATUS": "A", "START_DATE": null, "RANK_NAME": " R0034 Rest Rank", "FEATURE_TYPE_CODE": "TTRE", "FEATURE_TYPE_NAME": "TfL Apt - Rest Rank", "ACCESSIBLE": null, "NIGHT_TUBE": null, "HIGHWAY_AUTHORITY": "CDN", "SECTOR_CODE": "All London", "RANK_LENGTH": null, "TAXI_SHELTER_PRESENT": null, "TAXI_STOP_PRESENT": null, "DATASET_LAST_UPDATED": 1788150607000, "_matched": true}}, {"type": "Feature", "id": 141304, "geometry": {"type": "Point", "coordinates": [0.010921459538003, 51.5431505689941]}, "properties": {"OBJECTID": 141304, "LOCATION": "Romford Road", "BOROUGH": null, "NB_SPACES": "2", "DAYS_OP": "Mon - Sun", "TIMES_OP": null, "STATION_NEARBY": null, "STATION_NAME": null, "RANK_TYPE": null, "ATCOCODE": null, "RANK_REFERENCE": "TR5429", "LOCATION_DETAILS": null, "AREA_CODE": "NEW", "TAXI_STATUS": "A", "START_DATE": null, "RANK_NAME": "Romford Road (Bow County Court), Stratford, E15", "FEATURE_TYPE_CODE": "TTTA", "FEATURE_TYPE_NAME": "TfL Apt - Taxi Rank", "ACCESSIBLE": null, "NIGHT_TUBE": null, "HIGHWAY_AUTHORITY": "NEW", "SECTOR_CODE": "Sector 2", "RANK_LENGTH": null, "TAXI_SHELTER_PRESENT": null, "TAXI_STOP_PRESENT": null, "DATASET_LAST_UPDATED": 1788150607000, "_matched": true}}, {"type": "Feature", "id": 141305, "geometry": {"type": "Point", "coordinates": [-0.114651620117202, 51.52351896079]}, "properties": {"OBJECTID": 141305, "LOCATION": "Coley Street", "BOROUGH": null, "NB_SPACES": "2", "DAYS_OP": "Mon - Sun", "TIMES_OP": null, "STATION_NEARBY": null, "STATION_NAME": null, "RANK_TYPE": null, "ATCOCODE": null, "RANK_REFERENCE": "TR6165", "LOCATION_DETAILS": null, "AREA_CODE": "CDN", "TAXI_STATUS": "A", "START_DATE": null, "RANK_NAME": "Grays Inn Road", "FEATURE_TYPE_CODE": "TTTA", "FEATURE_TYPE_NAME": "TfL Apt - Taxi Rank", "ACCESSIBLE": null, "NIGHT_TUBE": null, "HIGHWAY_AUTHORITY": "CDN", "SECTOR_CODE": "All London", "RANK_LENGTH": null, "TAXI_SHELTER_PRESENT": null, "TAXI_STOP_PRESENT": null, "DATASET_LAST_UPDATED": 1788150607000, "_matched": false}}, {"type": "Feature", "id": 141306, "geometry": {"type": "Point", "coordinates": [-0.109552294996312, 51.596833490734]}, "properties": {"OBJECTID": 141306, "LOCATION": "High Road", "BOROUGH": null, "NB_SPACES": "10", "DAYS_OP": "Mon - Sun", "TIMES_OP": null, "STATION_NEARBY": null, "STATION_NAME": "Wood Green Station", "RANK_TYPE": null, "ATCOCODE": null, "RANK_REFERENCE": "TR5999", "LOCATION_DETAILS": null, "AREA_CODE": "HGY", "TAXI_STATUS": "A", "START_DATE": null, "RANK_NAME": "High Road/gladstone Avenue (Wood Green Station), N22", "FEATURE_TYPE_CODE": "TTTA", "FEATURE_TYPE_NAME": "TfL Apt - Taxi Rank", "ACCESSIBLE": null, "NIGHT_TUBE": null, "HIGHWAY_AUTHORITY": "HGY", "SECTOR_CODE": "Sector 1", "RANK_LENGTH": null, "TAXI_SHELTER_PRESENT": null, "TAXI_STOP_PRESENT": null, "DATASET_LAST_UPDATED": 1788150607000, "_matched": false}}, {"type": "Feature", "id": 141307, "geometry": {"type": "Point", "coordinates": [-0.301563786649544, 51.4124855383666]}, "properties": {"OBJECTID": 141307, "LOCATION": "Wood Street", "BOROUGH": null, "NB_SPACES": "5", "DAYS_OP": "Mon - Sun", "TIMES_OP": null, "STATION_NEARBY": null, "STATION_NAME": "Kingston Station", "RANK_TYPE": null, "ATCOCODE": null, "RANK_REFERENCE": "TR6020", "LOCATION_DETAILS": null, "AREA_CODE": "KIN", "TAXI_STATUS": "A", "START_DATE": null, "RANK_NAME": "Kingston Station", "FEATURE_TYPE_CODE": "TTTA", "FEATURE_TYPE_NAME": "TfL Apt - Taxi Rank", "ACCESSIBLE": null, "NIGHT_TUBE": null, "HIGHWAY_AUTHORITY": "KIN", "SECTOR_CODE": "Sector 7", "RANK_LENGTH": null, "TAXI_SHELTER_PRESENT": "0121/1064", "TAXI_STOP_PRESENT": null, "DATASET_LAST_UPDATED": 1788150607000, "_matched": true}}, {"type": "Feature", "id": 141308, "geometry": {"type": "Point", "coordinates": [0.0464295667659108, 51.5521856566195]}, "properties": {"OBJECTID": 141308, "LOCATION": "Manor Park Road", "BOROUGH": null, "NB_SPACES": "2", "DAYS_OP": "Mon - Sun", "TIMES_OP": null, "STATION_NEARBY": null, "STATION_NAME": "Manor Park Station", "RANK_TYPE": null, "ATCOCODE": null, "RANK_REFERENCE": "TR6155", "LOCATION_DETAILS": null, "AREA_CODE": "NEW", "TAXI_STATUS": "A", "START_DATE": null, "RANK_NAME": "Manor Park Station", "FEATURE_TYPE_CODE": "TTTA", "FEATURE_TYPE_NAME": "TfL Apt - Taxi Rank", "ACCESSIBLE": null, "NIGHT_TUBE": null, "HIGHWAY_AUTHORITY": "NEW", "SECTOR_CODE": "Sector 2", "RANK_LENGTH": null, "TAXI_SHELTER_PRESENT": null, "TAXI_STOP_PRESENT": null, "DATASET_LAST_UPDATED": 1788150607000, "_matched": false}}, {"type": "Feature", "id": 141309, "geometry": {"type": "Point", "coordinates": [-0.333973687588788, 51.5808822961204]}, "properties": {"OBJECTID": 141309, "LOCATION": "Station Road", "BOROUGH": null, "NB_SPACES": "2", "DAYS_OP": "Mon - Sun", "TIMES_OP": null, "STATION_NEARBY": null, "STATION_NAME": null, "RANK_TYPE": null, "ATCOCODE": null, "RANK_REFERENCE": "TR6060", "LOCATION_DETAILS": null, "AREA_CODE": "HRW", "TAXI_STATUS": "A", "START_DATE": null, "RANK_NAME": "Station Road, Harrow Town Centre", "FEATURE_TYPE_CODE": "TTTA", "FEATURE_TYPE_NAME": "TfL Apt - Taxi Rank", "ACCESSIBLE": null, "NIGHT_TUBE": null, "HIGHWAY_AUTHORITY": "HRW", "SECTOR_CODE": "Sector 9", "RANK_LENGTH": null, "TAXI_SHELTER_PRESENT": null, "TAXI_STOP_PRESENT": null, "DATASET_LAST_UPDATED": 1788150607000, "_matched": false}}, {"type": "Feature", "id": 141310, "geometry": {"type": "Point", "coordinates": [-0.0927694430606345, 51.4738139074353]}, "properties": {"OBJECTID": 141310, "LOCATION": "Denmark Hill", "BOROUGH": null, "NB_SPACES": "1", "DAYS_OP": "Mon - Sun", "TIMES_OP": null, "STATION_NEARBY": null, "STATION_NAME": null, "RANK_TYPE": null, "ATCOCODE": null, "RANK_REFERENCE": "TR6197", "LOCATION_DETAILS": null, "AREA_CODE": "SWK", "TAXI_STATUS": "A", "START_DATE": null, "RANK_NAME": "Denmark Hill - The Tiger Public House", "FEATURE_TYPE_CODE": "TTTA", "FEATURE_TYPE_NAME": "TfL Apt - Taxi Rank", "ACCESSIBLE": null, "NIGHT_TUBE": null, "HIGHWAY_AUTHORITY": "TFL", "SECTOR_CODE": "All London", "RANK_LENGTH": null, "TAXI_SHELTER_PRESENT": null, "TAXI_STOP_PRESENT": null, "DATASET_LAST_UPDATED": 1788150607000, "_matched": false}}, {"type": "Feature", "id": 141311, "geometry": {"type": "Point", "coordinates": [-0.0180962793219711, 51.5026199859286]}, "properties": {"OBJECTID": 141311, "LOCATION": "Bank Street, Canary Wharf", "BOROUGH": null, "NB_SPACES": "4", "DAYS_OP": "Mon - Sun", "TIMES_OP": null, "STATION_NEARBY": null, "STATION_NAME": "Canary Wharf Station", "RANK_TYPE": null, "ATCOCODE": null, "RANK_REFERENCE": "TR5958", "LOCATION_DETAILS": null, "AREA_CODE": "TH", "TAXI_STATUS": "A", "START_DATE": null, "RANK_NAME": "Bank Street (Northern Trust), Canary Wharf", "FEATURE_TYPE_CODE": "TPTA", "FEATURE_TYPE_NAME": "Private - Taxi Rank", "ACCESSIBLE": null, "NIGHT_TUBE": null, "HIGHWAY_AUTHORITY": "TH", "SECTOR_CODE": "All London", "RANK_LENGTH": null, "TAXI_SHELTER_PRESENT": null, "TAXI_STOP_PRESENT": null, "DATASET_LAST_UPDATED": 1788150607000, "_matched": true}}, {"type": "Feature", "id": 141312, "geometry": {"type": "Point", "coordinates": [-0.169333002080814, 51.4633620015791]}, "properties": {"OBJECTID": 141312, "LOCATION": "St Johns Hill - A3036", "BOROUGH": null, "NB_SPACES": "8", "DAYS_OP": "Mon - Sun", "TIMES_OP": null, "STATION_NEARBY": null, "STATION_NAME": "Clapham Junction Station", "RANK_TYPE": null, "ATCOCODE": null, "RANK_REFERENCE": "TR5703", "LOCATION_DETAILS": null, "AREA_CODE": "WAN", "TAXI_STATUS": "A", "START_DATE": null, "RANK_NAME": "St John's Hill/prested Road, (Clapham Junction Station), Sw11", "FEATURE_TYPE_CODE": "TTTA", "FEATURE_TYPE_NAME": "TfL Apt - Taxi Rank", "ACCESSIBLE": null, "NIGHT_TUBE": null, "HIGHWAY_AUTHORITY": "WAN", "SECTOR_CODE": "All London", "RANK_LENGTH": null, "TAXI_SHELTER_PRESENT": null, "TAXI_STOP_PRESENT": null, "DATASET_LAST_UPDATED": 1788150607000, "_matched": true}}, {"type": "Feature", "id": 141313, "geometry": {"type": "Point", "coordinates": [-0.307442296830588, 51.4082811724782]}, "properties": {"OBJECTID": 141313, "LOCATION": "High Street", "BOROUGH": null, "NB_SPACES": "4", "DAYS_OP": "Mon - Sun", "TIMES_OP": null, "STATION_NEARBY": null, "STATION_NAME": null, "RANK_TYPE": null, "ATCOCODE": null, "RANK_REFERENCE": "TR5781", "LOCATION_DETAILS": null, "AREA_CODE": "KIN", "TAXI_STATUS": "A", "START_DATE": null, "RANK_NAME": "High Street (Rose Theatre), Kingston Kt1", "FEATURE_TYPE_CODE": "TTTA", "FEATURE_TYPE_NAME": "TfL Apt - Taxi Rank", "ACCESSIBLE": null, "NIGHT_TUBE": null, "HIGHWAY_AUTHORITY": "KIN", "SECTOR_CODE": "Sector 7", "RANK_LENGTH": null, "TAXI_SHELTER_PRESENT": null, "TAXI_STOP_PRESENT": "PCO5781", "DATASET_LAST_UPDATED": 1788150607000, "_matched": false}}, {"type": "Feature", "id": 141314, "geometry": {"type": "Point", "coordinates": [0.0240761251773762, 51.5945240343368]}, "properties": {"OBJECTID": 141314, "LOCATION": "George Lane (Lizard Lounge)", "BOROUGH": null, "NB_SPACES": "3", "DAYS_OP": "Mon - Sat", "TIMES_OP": null, "STATION_NEARBY": null, "STATION_NAME": null, "RANK_TYPE": null, "ATCOCODE": null, "RANK_REFERENCE": "TR5795", "LOCATION_DETAILS": null, "AREA_CODE": "RED", "TAXI_STATUS": "A", "START_DATE": null, "RANK_NAME": "George Lane (Lizard Lounge), E18", "FEATURE_TYPE_CODE": "TTTA", "FEATURE_TYPE_NAME": "TfL Apt - Taxi Rank", "ACCESSIBLE": null, "NIGHT_TUBE": null, "HIGHWAY_AUTHORITY": "RED", "SECTOR_CODE": "Sector 2", "RANK_LENGTH": null, "TAXI_SHELTER_PRESENT": null, "TAXI_STOP_PRESENT": null, "DATASET_LAST_UPDATED": 1788150607000, "_matched": false}}, {"type": "Feature", "id": 141315, "geometry": {"type": "Point", "coordinates": [-0.141887672137979, 51.5081537438599]}, "properties": {"OBJECTID": 141315, "LOCATION": "Dover Street", "BOROUGH": null, "NB_SPACES": "5", "DAYS_OP": "Mon - Sun", "TIMES_OP": null, "STATION_NEARBY": null, "STATION_NAME": null, "RANK_TYPE": null, "ATCOCODE": null, "RANK_REFERENCE": "TR5863", "LOCATION_DETAILS": null, "AREA_CODE": "WES", "TAXI_STATUS": "A", "START_DATE": null, "RANK_NAME": "Dover Street", "FEATURE_TYPE_CODE": "TTTA", "FEATURE_TYPE_NAME": "TfL Apt - Taxi Rank", "ACCESSIBLE": null, "NIGHT_TUBE": null, "HIGHWAY_AUTHORITY": "WES", "SECTOR_CODE": "All London", "RANK_LENGTH": null, "TAXI_SHELTER_PRESENT": null, "TAXI_STOP_PRESENT": null, "DATASET_LAST_UPDATED": 1788150607000, "_matched": false}}, {"type": "Feature", "id": 141316, "geometry": {"type": "Point", "coordinates": [-0.239417748823694, 51.5514818312099]}, "properties": {"OBJECTID": 141316, "LOCATION": "Chapter Road", "BOROUGH": null, "NB_SPACES": "2", "DAYS_OP": "Mon - Sun", "TIMES_OP": null, "STATION_NEARBY": null, "STATION_NAME": "Dollis Hill Station", "RANK_TYPE": null, "ATCOCODE": null, "RANK_REFERENCE": "TR5829", "LOCATION_DETAILS": null, "AREA_CODE": "BRE", "TAXI_STATUS": "A", "START_DATE": null, "RANK_NAME": "Chapter Road (Dollis Hill Station)", "FEATURE_TYPE_CODE": "TTTA", "FEATURE_TYPE_NAME": "TfL Apt - Taxi Rank", "ACCESSIBLE": null, "NIGHT_TUBE": null, "HIGHWAY_AUTHORITY": "BRE", "SECTOR_CODE": "Sector 9", "RANK_LENGTH": null, "TAXI_SHELTER_PRESENT": null, "TAXI_STOP_PRESENT": null, "DATASET_LAST_UPDATED": 1788150607000, "_matched": false}}, {"type": "Feature", "id": 141318, "geometry": {"type": "Point", "coordinates": [-0.336920145772478, 51.5800338575801]}, "properties": {"OBJECTID": 141318, "LOCATION": "College Road", "BOROUGH": null, "NB_SPACES": "14", "DAYS_OP": "Mon - Sun", "TIMES_OP": null, "STATION_NEARBY": null, "STATION_NAME": "Harrow-On-The-Hill Station", "RANK_TYPE": null, "ATCOCODE": null, "RANK_REFERENCE": "TR5530", "LOCATION_DETAILS": null, "AREA_CODE": "HRW", "TAXI_STATUS": "A", "START_DATE": null, "RANK_NAME": "College Road (Harrow On The Hill Station), Harrow On The Hill, Ha1", "FEATURE_TYPE_CODE": "TTTA", "FEATURE_TYPE_NAME": "TfL Apt - Taxi Rank", "ACCESSIBLE": null, "NIGHT_TUBE": null, "HIGHWAY_AUTHORITY": "HRW", "SECTOR_CODE": "Sector 9", "RANK_LENGTH": null, "TAXI_SHELTER_PRESENT": null, "TAXI_STOP_PRESENT": null, "DATASET_LAST_UPDATED": 1788150607000, "_matched": false}}, {"type": "Feature", "id": 141319, "geometry": {"type": "Point", "coordinates": [0.186482660679635, 51.580198594411]}, "properties": {"OBJECTID": 141319, "LOCATION": "Dolphin Approach", "BOROUGH": null, "NB_SPACES": "3", "DAYS_OP": "Mon - Sun", "TIMES_OP": null, "STATION_NEARBY": null, "STATION_NAME": null, "RANK_TYPE": null, "ATCOCODE": null, "RANK_REFERENCE": "TR4965", "LOCATION_DETAILS": null, "AREA_CODE": "HAV", "TAXI_STATUS": "A", "START_DATE": null, "RANK_NAME": "Dolphin Approach, Romford, Rm1", "FEATURE_TYPE_CODE": "TTTA", "FEATURE_TYPE_NAME": "TfL Apt - Taxi Rank", "ACCESSIBLE": null, "NIGHT_TUBE": null, "HIGHWAY_AUTHORITY": "HAV", "SECTOR_CODE": "Sector 2", "RANK_LENGTH": null, "TAXI_SHELTER_PRESENT": null, "TAXI_STOP_PRESENT": null, "DATASET_LAST_UPDATED": 1788150607000, "_matched": false}}, {"type": "Feature", "id": 141320, "geometry": {"type": "Point", "coordinates": [-0.132159062046347, 51.6475886563931]}, "properties": {"OBJECTID": 141320, "LOCATION": "Station Forecourt (Oakwood Station)", "BOROUGH": null, "NB_SPACES": "2", "DAYS_OP": "Fri - Sat", "TIMES_OP": null, "STATION_NEARBY": null, "STATION_NAME": "Oakwood Station", "RANK_TYPE": null, "ATCOCODE": null, "RANK_REFERENCE": "TR5844", "LOCATION_DETAILS": null, "AREA_CODE": "ENF", "TAXI_STATUS": "A", "START_DATE": null, "RANK_NAME": "Station Forecourt (Oakwood Station), N14", "FEATURE_TYPE_CODE": "TTTA", "FEATURE_TYPE_NAME": "TfL Apt - Taxi Rank", "ACCESSIBLE": null, "NIGHT_TUBE": null, "HIGHWAY_AUTHORITY": "ENF", "SECTOR_CODE": "Sector 1", "RANK_LENGTH": null, "TAXI_SHELTER_PRESENT": null, "TAXI_STOP_PRESENT": null, "DATASET_LAST_UPDATED": 1788150607000, "_matched": false}}, {"type": "Feature", "id": 141321, "geometry": {"type": "Point", "coordinates": [-0.167981781520434, 51.4834392012187]}, "properties": {"OBJECTID": 141321, "LOCATION": "Cheyne Walk", "BOROUGH": null, "NB_SPACES": "1", "DAYS_OP": "Mon - Sun", "TIMES_OP": null, "STATION_NEARBY": null, "STATION_NAME": null, "RANK_TYPE": null, "ATCOCODE": null, "RANK_REFERENCE": "TR4713", "LOCATION_DETAILS": null, "AREA_CODE": "K&C", "TAXI_STATUS": "A", "START_DATE": null, "RANK_NAME": "Cheyne Walk (Western Arm)", "FEATURE_TYPE_CODE": "TTTA", "FEATURE_TYPE_NAME": "TfL Apt - Taxi Rank", "ACCESSIBLE": null, "NIGHT_TUBE": null, "HIGHWAY_AUTHORITY": "TFL", "SECTOR_CODE": "All London", "RANK_LENGTH": null, "TAXI_SHELTER_PRESENT": null, "TAXI_STOP_PRESENT": null, "DATASET_LAST_UPDATED": 1788150607000, "_matched": false}}, {"type": "Feature", "id": 141322, "geometry": {"type": "Point", "coordinates": [-0.0822135410296705, 51.5174266859657]}, "properties": {"OBJECTID": 141322, "LOCATION": "Liverpool Street", "BOROUGH": null, "NB_SPACES": "14", "DAYS_OP": "Mon - Sun", "TIMES_OP": null, "STATION_NEARBY": null, "STATION_NAME": "Liverpool Street Station", "RANK_TYPE": null, "ATCOCODE": null, "RANK_REFERENCE": "TR5913", "LOCATION_DETAILS": null, "AREA_CODE": "CTY", "TAXI_STATUS": "A", "START_DATE": null, "RANK_NAME": "Liverpool Street (Liverpool Street Station) (City Of London)", "FEATURE_TYPE_CODE": "TCTA", "FEATURE_TYPE_NAME": "COL - Taxi Rank", "ACCESSIBLE": null, "NIGHT_TUBE": null, "HIGHWAY_AUTHORITY": "CTY", "SECTOR_CODE": "All London", "RANK_LENGTH": null, "TAXI_SHELTER_PRESENT": null, "TAXI_STOP_PRESENT": "PCO1001", "DATASET_LAST_UPDATED": 1788150607000, "_matched": false}}, {"type": "Feature", "id": 141323, "geometry": {"type": "Point", "coordinates": [-0.117062404972129, 51.5010673554879]}, "properties": {"OBJECTID": 141323, "LOCATION": "Westminster Bridge", "BOROUGH": null, "NB_SPACES": "4", "DAYS_OP": "Mon - Sun", "TIMES_OP": null, "STATION_NEARBY": null, "STATION_NAME": null, "RANK_TYPE": null, "ATCOCODE": null, "RANK_REFERENCE": "TR5974", "LOCATION_DETAILS": null, "AREA_CODE": "LAM", "TAXI_STATUS": "A", "START_DATE": null, "RANK_NAME": "Westminster Bridge (Park Plaza Hotel)", "FEATURE_TYPE_CODE": "TPTA", "FEATURE_TYPE_NAME": "Private - Taxi Rank", "ACCESSIBLE": null, "NIGHT_TUBE": null, "HIGHWAY_AUTHORITY": "Private", "SECTOR_CODE": "All London", "RANK_LENGTH": null, "TAXI_SHELTER_PRESENT": null, "TAXI_STOP_PRESENT": null, "DATASET_LAST_UPDATED": 1788150607000, "_matched": false}}, {"type": "Feature", "id": 141324, "geometry": {"type": "Point", "coordinates": [-0.0861342617437728, 51.5215463727655]}, "properties": {"OBJECTID": 141324, "LOCATION": "Finsbury Square", "BOROUGH": null, "NB_SPACES": "2", "DAYS_OP": "Mon - Sun", "TIMES_OP": null, "STATION_NEARBY": null, "STATION_NAME": null, "RANK_TYPE": null, "ATCOCODE": null, "RANK_REFERENCE": "TR6228", "LOCATION_DETAILS": null, "AREA_CODE": "ISL", "TAXI_STATUS": "A", "START_DATE": null, "RANK_NAME": "Triton Court - Montcalm Hotel", "FEATURE_TYPE_CODE": "TTTA", "FEATURE_TYPE_NAME": "TfL Apt - Taxi Rank", "ACCESSIBLE": null, "NIGHT_TUBE": null, "HIGHWAY_AUTHORITY": "ISL", "SECTOR_CODE": "All London", "RANK_LENGTH": null, "TAXI_SHELTER_PRESENT": null, "TAXI_STOP_PRESENT": null, "DATASET_LAST_UPDATED": 1788150607000, "_matched": false}}, {"type": "Feature", "id": 141325, "geometry": {"type": "Point", "coordinates": [-0.145630203968828, 51.5770772358715]}, "properties": {"OBJECTID": 141325, "LOCATION": "Archway Road", "BOROUGH": null, "NB_SPACES": "2", "DAYS_OP": "Mon - Sun", "TIMES_OP": null, "STATION_NEARBY": null, "STATION_NAME": "Highgate Station", "RANK_TYPE": null, "ATCOCODE": null, "RANK_REFERENCE": "TR5981", "LOCATION_DETAILS": null, "AREA_CODE": "HGY", "TAXI_STATUS": "A", "START_DATE": null, "RANK_NAME": "Archway Road (Highgate Station), N6", "FEATURE_TYPE_CODE": "TTTA", "FEATURE_TYPE_NAME": "TfL Apt - Taxi Rank", "ACCESSIBLE": null, "NIGHT_TUBE": null, "HIGHWAY_AUTHORITY": "HGY", "SECTOR_CODE": "Sector 1", "RANK_LENGTH": null, "TAXI_SHELTER_PRESENT": null, "TAXI_STOP_PRESENT": null, "DATASET_LAST_UPDATED": 1788150607000, "_matched": false}}, {"type": "Feature", "id": 141326, "geometry": {"type": "Point", "coordinates": [0.0352208041124755, 51.6077302644917]}, "properties": {"OBJECTID": 141326, "LOCATION": "Snakes Lane East", "BOROUGH": null, "NB_SPACES": "2", "DAYS_OP": "Fri - Sat", "TIMES_OP": null, "STATION_NEARBY": null, "STATION_NAME": "Woodford Station", "RANK_TYPE": null, "ATCOCODE": null, "RANK_REFERENCE": "TR5843", "LOCATION_DETAILS": null, "AREA_CODE": "RED", "TAXI_STATUS": "A", "START_DATE": null, "RANK_NAME": "Snakes Lane East (Woodford Station), Ig8", "FEATURE_TYPE_CODE": "TTTA", "FEATURE_TYPE_NAME": "TfL Apt - Taxi Rank", "ACCESSIBLE": null, "NIGHT_TUBE": null, "HIGHWAY_AUTHORITY": "RED", "SECTOR_CODE": "Sector 2", "RANK_LENGTH": null, "TAXI_SHELTER_PRESENT": null, "TAXI_STOP_PRESENT": null, "DATASET_LAST_UPDATED": 1788150607000, "_matched": false}}, {"type": "Feature", "id": 141327, "geometry": {"type": "Point", "coordinates": [-0.156577268341539, 51.514446487439]}, "properties": {"OBJECTID": 141327, "LOCATION": "Bryanston Street", "BOROUGH": null, "NB_SPACES": "6", "DAYS_OP": "Mon - Sun", "TIMES_OP": null, "STATION_NEARBY": null, "STATION_NAME": null, "RANK_TYPE": null, "ATCOCODE": null, "RANK_REFERENCE": "TR4802", "LOCATION_DETAILS": null, "AREA_CODE": "WES", "TAXI_STATUS": "A", "START_DATE": null, "RANK_NAME": "Bryanston Street And Granville Place, W1", "FEATURE_TYPE_CODE": "TTTA", "FEATURE_TYPE_NAME": "TfL Apt - Taxi Rank", "ACCESSIBLE": null, "NIGHT_TUBE": null, "HIGHWAY_AUTHORITY": "WES", "SECTOR_CODE": "All London", "RANK_LENGTH": null, "TAXI_SHELTER_PRESENT": null, "TAXI_STOP_PRESENT": null, "DATASET_LAST_UPDATED": 1788150607000, "_matched": false}}, {"type": "Feature", "id": 141328, "geometry": {"type": "Point", "coordinates": [-0.150258800817528, 51.5227729727525]}, "properties": {"OBJECTID": 141328, "LOCATION": "Devonshire Place", "BOROUGH": null, "NB_SPACES": "2", "DAYS_OP": "Mon - Sun", "TIMES_OP": null, "STATION_NEARBY": null, "STATION_NAME": null, "RANK_TYPE": null, "ATCOCODE": null, "RANK_REFERENCE": "TR5590", "LOCATION_DETAILS": null, "AREA_CODE": "WES", "TAXI_STATUS": "A", "START_DATE": null, "RANK_NAME": "Devonshire Place (London Clinic), Marylebone Road, W1", "FEATURE_TYPE_CODE": "TTTA", "FEATURE_TYPE_NAME": "TfL Apt - Taxi Rank", "ACCESSIBLE": null, "NIGHT_TUBE": null, "HIGHWAY_AUTHORITY": "WES", "SECTOR_CODE": "All London", "RANK_LENGTH": null, "TAXI_SHELTER_PRESENT": null, "TAXI_STOP_PRESENT": null, "DATASET_LAST_UPDATED": 1788150607000, "_matched": false}}, {"type": "Feature", "id": 141329, "geometry": {"type": "Point", "coordinates": [-0.141041725051312, 51.5130052862822]}, "properties": {"OBJECTID": 141329, "LOCATION": "Conduit Street", "BOROUGH": null, "NB_SPACES": "2", "DAYS_OP": "Mon - Sun", "TIMES_OP": null, "STATION_NEARBY": null, "STATION_NAME": null, "RANK_TYPE": null, "ATCOCODE": null, "RANK_REFERENCE": "TR5866", "LOCATION_DETAILS": null, "AREA_CODE": "WES", "TAXI_STATUS": "A", "START_DATE": null, "RANK_NAME": "Conduit Street, W1s (Oliver Sweeney)", "FEATURE_TYPE_CODE": "TTRE", "FEATURE_TYPE_NAME": "TfL Apt - Rest Rank", "ACCESSIBLE": null, "NIGHT_TUBE": null, "HIGHWAY_AUTHORITY": "WES", "SECTOR_CODE": "All London", "RANK_LENGTH": null, "TAXI_SHELTER_PRESENT": null, "TAXI_STOP_PRESENT": null, "DATASET_LAST_UPDATED": 1788150607000, "_matched": false}}, {"type": "Feature", "id": 141330, "geometry": {"type": "Point", "coordinates": [-0.168941640666869, 51.4939934132146]}, "properties": {"OBJECTID": 141330, "LOCATION": "Brompton Road", "BOROUGH": null, "NB_SPACES": "2", "DAYS_OP": "Mon - Sun", "TIMES_OP": null, "STATION_NEARBY": null, "STATION_NAME": null, "RANK_TYPE": null, "ATCOCODE": null, "RANK_REFERENCE": "TR5757", "LOCATION_DETAILS": null, "AREA_CODE": "K&C", "TAXI_STATUS": "A", "START_DATE": null, "RANK_NAME": "Brompton Road (Ours Restaurant), Sw3", "FEATURE_TYPE_CODE": "TTTA", "FEATURE_TYPE_NAME": "TfL Apt - Taxi Rank", "ACCESSIBLE": null, "NIGHT_TUBE": null, "HIGHWAY_AUTHORITY": "K&C", "SECTOR_CODE": "All London", "RANK_LENGTH": null, "TAXI_SHELTER_PRESENT": null, "TAXI_STOP_PRESENT": null, "DATASET_LAST_UPDATED": 1788150607000, "_matched": false}}, {"type": "Feature", "id": 141331, "geometry": {"type": "Point", "coordinates": [0.0096730618654216, 51.6335744078665]}, "properties": {"OBJECTID": 141331, "LOCATION": "Station Road", "BOROUGH": null, "NB_SPACES": "2", "DAYS_OP": "Mon - Sun", "TIMES_OP": null, "STATION_NEARBY": null, "STATION_NAME": null, "RANK_TYPE": null, "ATCOCODE": null, "RANK_REFERENCE": "TR6041", "LOCATION_DETAILS": null, "AREA_CODE": "WF", "TAXI_STATUS": "A", "START_DATE": null, "RANK_NAME": "Chingford Station", "FEATURE_TYPE_CODE": "TTTA", "FEATURE_TYPE_NAME": "TfL Apt - Taxi Rank", "ACCESSIBLE": null, "NIGHT_TUBE": null, "HIGHWAY_AUTHORITY": "WF", "SECTOR_CODE": "Sector 2", "RANK_LENGTH": null, "TAXI_SHELTER_PRESENT": null, "TAXI_STOP_PRESENT": null, "DATASET_LAST_UPDATED": 1788150607000, "_matched": false}}, {"type": "Feature", "id": 141332, "geometry": {"type": "Point", "coordinates": [0.0687301001262779, 51.4898434765148]}, "properties": {"OBJECTID": 141332, "LOCATION": "Vincent Road", "BOROUGH": null, "NB_SPACES": "6", "DAYS_OP": "Mon - Sun", "TIMES_OP": null, "STATION_NEARBY": null, "STATION_NAME": "Woolwich Arsenal Station", "RANK_TYPE": null, "ATCOCODE": null, "RANK_REFERENCE": "TR5674", "LOCATION_DETAILS": null, "AREA_CODE": "GRE", "TAXI_STATUS": "A", "START_DATE": null, "RANK_NAME": "Vincent Road (Woolwich Arsenal Station), Woolwich, Se18", "FEATURE_TYPE_CODE": "TTTA", "FEATURE_TYPE_NAME": "TfL Apt - Taxi Rank", "ACCESSIBLE": null, "NIGHT_TUBE": null, "HIGHWAY_AUTHORITY": "GRE", "SECTOR_CODE": "Sector 3", "RANK_LENGTH": null, "TAXI_SHELTER_PRESENT": null, "TAXI_STOP_PRESENT": null, "DATASET_LAST_UPDATED": 1788150607000, "_matched": false}}, {"type": "Feature", "id": 141333, "geometry": {"type": "Point", "coordinates": [0.218626582780279, 51.6071492978427]}, "properties": {"OBJECTID": 141333, "LOCATION": "Hilldene Avenue", "BOROUGH": null, "NB_SPACES": "2", "DAYS_OP": "Mon - Sun", "TIMES_OP": null, "STATION_NEARBY": null, "STATION_NAME": null, "RANK_TYPE": null, "ATCOCODE": null, "RANK_REFERENCE": "TR5883", "LOCATION_DETAILS": null, "AREA_CODE": "HAV", "TAXI_STATUS": "A", "START_DATE": null, "RANK_NAME": "Hilldene Avenue, Romford, Rm3", "FEATURE_TYPE_CODE": "TTTA", "FEATURE_TYPE_NAME": "TfL Apt - Taxi Rank", "ACCESSIBLE": null, "NIGHT_TUBE": null, "HIGHWAY_AUTHORITY": "HAV", "SECTOR_CODE": "Sector 2", "RANK_LENGTH": null, "TAXI_SHELTER_PRESENT": null, "TAXI_STOP_PRESENT": null, "DATASET_LAST_UPDATED": 1788150607000, "_matched": false}}, {"type": "Feature", "id": 141334, "geometry": {"type": "Point", "coordinates": [0.00326361875401114, 51.500782251836]}, "properties": {"OBJECTID": 141334, "LOCATION": "North Greenwich Bus Station", "BOROUGH": null, "NB_SPACES": "45", "DAYS_OP": "Mon - Sun", "TIMES_OP": null, "STATION_NEARBY": null, "STATION_NAME": "North Greenwich Station", "RANK_TYPE": null, "ATCOCODE": null, "RANK_REFERENCE": "TR6036", "LOCATION_DETAILS": null, "AREA_CODE": "GRE", "TAXI_STATUS": "A", "START_DATE": null, "RANK_NAME": "North Greenwich Station", "FEATURE_TYPE_CODE": "TTTA", "FEATURE_TYPE_NAME": "TfL Apt - Taxi Rank", "ACCESSIBLE": null, "NIGHT_TUBE": null, "HIGHWAY_AUTHORITY": "Private", "SECTOR_CODE": "Sector 3", "RANK_LENGTH": null, "TAXI_SHELTER_PRESENT": null, "TAXI_STOP_PRESENT": null, "DATASET_LAST_UPDATED": 1788150607000, "_matched": true}}, {"type": "Feature", "id": 141335, "geometry": {"type": "Point", "coordinates": [-0.0918209732818372, 51.4741132167981]}, "properties": {"OBJECTID": 141335, "LOCATION": "Camberwell Church Street", "BOROUGH": null, "NB_SPACES": "2", "DAYS_OP": "Mon-Sun", "TIMES_OP": null, "STATION_NEARBY": null, "STATION_NAME": null, "RANK_TYPE": null, "ATCOCODE": null, "RANK_REFERENCE": "TR6199", "LOCATION_DETAILS": null, "AREA_CODE": "SWK", "TAXI_STATUS": "A", "START_DATE": null, "RANK_NAME": "Camberwell Church Street", "FEATURE_TYPE_CODE": "TTTA", "FEATURE_TYPE_NAME": "TfL Apt - Taxi Rank", "ACCESSIBLE": null, "NIGHT_TUBE": null, "HIGHWAY_AUTHORITY": "TFL", "SECTOR_CODE": "All London", "RANK_LENGTH": null, "TAXI_SHELTER_PRESENT": null, "TAXI_STOP_PRESENT": null, "DATASET_LAST_UPDATED": 1788150607000, "_matched": false}}, {"type": "Feature", "id": 141336, "geometry": {"type": "Point", "coordinates": [0.220256352123049, 51.5621001868297]}, "properties": {"OBJECTID": 141336, "LOCATION": "High Street", "BOROUGH": null, "NB_SPACES": "3", "DAYS_OP": "Mon - Sun", "TIMES_OP": null, "STATION_NEARBY": null, "STATION_NAME": null, "RANK_TYPE": null, "ATCOCODE": null, "RANK_REFERENCE": "TR5766", "LOCATION_DETAILS": null, "AREA_CODE": "HAV", "TAXI_STATUS": "A", "START_DATE": null, "RANK_NAME": "154 High Street, Hornchurch, Rm12", "FEATURE_TYPE_CODE": "TTTA", "FEATURE_TYPE_NAME": "TfL Apt - Taxi Rank", "ACCESSIBLE": null, "NIGHT_TUBE": null, "HIGHWAY_AUTHORITY": "HAV", "SECTOR_CODE": "Sector 2", "RANK_LENGTH": null, "TAXI_SHELTER_PRESENT": null, "TAXI_STOP_PRESENT": "PCO5766", "DATASET_LAST_UPDATED": 1788150607000, "_matched": false}}, {"type": "Feature", "id": 141337, "geometry": {"type": "Point", "coordinates": [-0.150164226323981, 51.5037613457911]}, "properties": {"OBJECTID": 141337, "LOCATION": "Hamilton Place", "BOROUGH": null, "NB_SPACES": "2", "DAYS_OP": "Mon - Sun", "TIMES_OP": null, "STATION_NEARBY": null, "STATION_NAME": null, "RANK_TYPE": null, "ATCOCODE": null, "RANK_REFERENCE": "TR5969", "LOCATION_DETAILS": null, "AREA_CODE": "WES", "TAXI_STATUS": "A", "START_DATE": null, "RANK_NAME": "Hamilton Place (Intercontinental Hotel Forecourt).", "FEATURE_TYPE_CODE": "TPTA", "FEATURE_TYPE_NAME": "Private - Taxi Rank", "ACCESSIBLE": null, "NIGHT_TUBE": null, "HIGHWAY_AUTHORITY": "WES", "SECTOR_CODE": "All London", "RANK_LENGTH": null, "TAXI_SHELTER_PRESENT": null, "TAXI_STOP_PRESENT": null, "DATASET_LAST_UPDATED": 1788150607000, "_matched": false}}, {"type": "Feature", "id": 141338, "geometry": {"type": "Point", "coordinates": [-0.146592699250488, 51.5182728126935]}, "properties": {"OBJECTID": 141338, "LOCATION": "Harley Street", "BOROUGH": null, "NB_SPACES": "2", "DAYS_OP": "Mon - Sun", "TIMES_OP": null, "STATION_NEARBY": null, "STATION_NAME": null, "RANK_TYPE": null, "ATCOCODE": null, "RANK_REFERENCE": "TR4334", "LOCATION_DETAILS": null, "AREA_CODE": "WES", "TAXI_STATUS": "A", "START_DATE": null, "RANK_NAME": "Harley Street (Queen Ann Street), W1", "FEATURE_TYPE_CODE": "TTTA", "FEATURE_TYPE_NAME": "TfL Apt - Taxi Rank", "ACCESSIBLE": null, "NIGHT_TUBE": null, "HIGHWAY_AUTHORITY": "WES", "SECTOR_CODE": "All London", "RANK_LENGTH": null, "TAXI_SHELTER_PRESENT": null, "TAXI_STOP_PRESENT": null, "DATASET_LAST_UPDATED": 1788150607000, "_matched": false}}, {"type": "Feature", "id": 141339, "geometry": {"type": "Point", "coordinates": [-0.157744557138516, 51.5148065420178]}, "properties": {"OBJECTID": 141339, "LOCATION": "Seymour Street", "BOROUGH": null, "NB_SPACES": "1", "DAYS_OP": "Mon - Sun", "TIMES_OP": null, "STATION_NEARBY": null, "STATION_NAME": null, "RANK_TYPE": null, "ATCOCODE": null, "RANK_REFERENCE": "TR5672", "LOCATION_DETAILS": null, "AREA_CODE": "WES", "TAXI_STATUS": "A", "START_DATE": null, "RANK_NAME": "Seymour Street (Leonard Hotel), London, W1", "FEATURE_TYPE_CODE": "TTTA", "FEATURE_TYPE_NAME": "TfL Apt - Taxi Rank", "ACCESSIBLE": null, "NIGHT_TUBE": null, "HIGHWAY_AUTHORITY": "WES", "SECTOR_CODE": "All London", "RANK_LENGTH": null, "TAXI_SHELTER_PRESENT": null, "TAXI_STOP_PRESENT": null, "DATASET_LAST_UPDATED": 1788150607000, "_matched": false}}, {"type": "Feature", "id": 141340, "geometry": {"type": "Point", "coordinates": [-0.177657210492288, 51.5116914835935]}, "properties": {"OBJECTID": 141340, "LOCATION": "Lancaster Gate", "BOROUGH": null, "NB_SPACES": "2", "DAYS_OP": "Mon - Sun", "TIMES_OP": null, "STATION_NEARBY": null, "STATION_NAME": null, "RANK_TYPE": null, "ATCOCODE": null, "RANK_REFERENCE": "TR5161", "LOCATION_DETAILS": null, "AREA_CODE": "WES", "TAXI_STATUS": "A", "START_DATE": null, "RANK_NAME": "Lancaster Gate (Plaza On Hyde Park Hotel), W2", "FEATURE_TYPE_CODE": "TTTA", "FEATURE_TYPE_NAME": "TfL Apt - Taxi Rank", "ACCESSIBLE": null, "NIGHT_TUBE": null, "HIGHWAY_AUTHORITY": "WES", "SECTOR_CODE": "All London", "RANK_LENGTH": null, "TAXI_SHELTER_PRESENT": null, "TAXI_STOP_PRESENT": null, "DATASET_LAST_UPDATED": 1788150607000, "_matched": false}}, {"type": "Feature", "id": 141341, "geometry": {"type": "Point", "coordinates": [0.00810438099108801, 51.4676601941768]}, "properties": {"OBJECTID": 141341, "LOCATION": "Montpelier Vale", "BOROUGH": null, "NB_SPACES": "1", "DAYS_OP": "Mon - Sun", "TIMES_OP": null, "STATION_NEARBY": null, "STATION_NAME": null, "RANK_TYPE": null, "ATCOCODE": null, "RANK_REFERENCE": "TR6116", "LOCATION_DETAILS": null, "AREA_CODE": "LEW", "TAXI_STATUS": "A", "START_DATE": null, "RANK_NAME": "The Ivy Cafe Blackheath", "FEATURE_TYPE_CODE": "TTTA", "FEATURE_TYPE_NAME": "TfL Apt - Taxi Rank", "ACCESSIBLE": null, "NIGHT_TUBE": null, "HIGHWAY_AUTHORITY": "LEW", "SECTOR_CODE": "Sector 3", "RANK_LENGTH": null, "TAXI_SHELTER_PRESENT": null, "TAXI_STOP_PRESENT": null, "DATASET_LAST_UPDATED": 1788150607000, "_matched": false}}, {"type": "Feature", "id": 141342, "geometry": {"type": "Point", "coordinates": [-0.137430224694388, 51.5065003569724]}, "properties": {"OBJECTID": 141342, "LOCATION": "Kings Street", "BOROUGH": null, "NB_SPACES": "2", "DAYS_OP": "Mon - Sun", "TIMES_OP": null, "STATION_NEARBY": null, "STATION_NAME": null, "RANK_TYPE": null, "ATCOCODE": null, "RANK_REFERENCE": "TR5191", "LOCATION_DETAILS": null, "AREA_CODE": "WES", "TAXI_STATUS": "A", "START_DATE": null, "RANK_NAME": "King Street (Christies Rooms), Sw1y 6qt", "FEATURE_TYPE_CODE": "TTTA", "FEATURE_TYPE_NAME": "TfL Apt - Taxi Rank", "ACCESSIBLE": null, "NIGHT_TUBE": null, "HIGHWAY_AUTHORITY": "WES", "SECTOR_CODE": "All London", "RANK_LENGTH": null, "TAXI_SHELTER_PRESENT": null, "TAXI_STOP_PRESENT": null, "DATASET_LAST_UPDATED": 1788150607000, "_matched": false}}, {"type": "Feature", "id": 141343, "geometry": {"type": "Point", "coordinates": [-0.156951640355737, 51.4987424784291]}, "properties": {"OBJECTID": 141343, "LOCATION": "West Halkin Street", "BOROUGH": null, "NB_SPACES": "2", "DAYS_OP": "Mon - Sun", "TIMES_OP": null, "STATION_NEARBY": null, "STATION_NAME": null, "RANK_TYPE": null, "ATCOCODE": null, "RANK_REFERENCE": "TR6137", "LOCATION_DETAILS": null, "AREA_CODE": "WES", "TAXI_STATUS": "A", "START_DATE": null, "RANK_NAME": "Waitrose", "FEATURE_TYPE_CODE": "TTTA", "FEATURE_TYPE_NAME": "TfL Apt - Taxi Rank", "ACCESSIBLE": null, "NIGHT_TUBE": null, "HIGHWAY_AUTHORITY": "WES", "SECTOR_CODE": "All London", "RANK_LENGTH": null, "TAXI_SHELTER_PRESENT": null, "TAXI_STOP_PRESENT": null, "DATASET_LAST_UPDATED": 1788150607000, "_matched": false}}, {"type": "Feature", "id": 141344, "geometry": {"type": "Point", "coordinates": [-0.152931112143178, 51.5365285997176]}, "properties": {"OBJECTID": 141344, "LOCATION": "Outer Circle", "BOROUGH": null, "NB_SPACES": "8", "DAYS_OP": "Mon - Sun", "TIMES_OP": null, "STATION_NEARBY": null, "STATION_NAME": null, "RANK_TYPE": null, "ATCOCODE": null, "RANK_REFERENCE": "TR5886", "LOCATION_DETAILS": null, "AREA_CODE": "CDN", "TAXI_STATUS": "A", "START_DATE": null, "RANK_NAME": "Outer Circle (Regent's Park Zoo), Nw1", "FEATURE_TYPE_CODE": "TTTE", "FEATURE_TYPE_NAME": "TfL Apt - Temporary Rank", "ACCESSIBLE": null, "NIGHT_TUBE": null, "HIGHWAY_AUTHORITY": "Private", "SECTOR_CODE": "All London", "RANK_LENGTH": null, "TAXI_SHELTER_PRESENT": null, "TAXI_STOP_PRESENT": null, "DATASET_LAST_UPDATED": 1788150607000, "_matched": false}}, {"type": "Feature", "id": 141345, "geometry": {"type": "Point", "coordinates": [-0.111476037930082, 51.5068946292108]}, "properties": {"OBJECTID": 141345, "LOCATION": "Upper Ground", "BOROUGH": null, "NB_SPACES": "1", "DAYS_OP": "Mon - Sun", "TIMES_OP": null, "STATION_NEARBY": null, "STATION_NAME": null, "RANK_TYPE": null, "ATCOCODE": null, "RANK_REFERENCE": "TR5279", "LOCATION_DETAILS": null, "AREA_CODE": "LAM", "TAXI_STATUS": "A", "START_DATE": null, "RANK_NAME": "Upper Ground, Se1", "FEATURE_TYPE_CODE": "TTTA", "FEATURE_TYPE_NAME": "TfL Apt - Taxi Rank", "ACCESSIBLE": null, "NIGHT_TUBE": null, "HIGHWAY_AUTHORITY": "LAM", "SECTOR_CODE": "All London", "RANK_LENGTH": null, "TAXI_SHELTER_PRESENT": null, "TAXI_STOP_PRESENT": null, "DATASET_LAST_UPDATED": 1788150607000, "_matched": false}}, {"type": "Feature", "id": 141346, "geometry": {"type": "Point", "coordinates": [-0.131078704285755, 51.5099423699905]}, "properties": {"OBJECTID": 141346, "LOCATION": "Whitcomb Street", "BOROUGH": null, "NB_SPACES": "7", "DAYS_OP": "Mon - Sun", "TIMES_OP": null, "STATION_NEARBY": null, "STATION_NAME": null, "RANK_TYPE": null, "ATCOCODE": null, "RANK_REFERENCE": "TR5671", "LOCATION_DETAILS": null, "AREA_CODE": "WES", "TAXI_STATUS": "A", "START_DATE": null, "RANK_NAME": "Whitcomb Street (Panton Street), London, Wc2", "FEATURE_TYPE_CODE": "TTTA", "FEATURE_TYPE_NAME": "TfL Apt - Taxi Rank", "ACCESSIBLE": null, "NIGHT_TUBE": null, "HIGHWAY_AUTHORITY": "WES", "SECTOR_CODE": "All London", "RANK_LENGTH": null, "TAXI_SHELTER_PRESENT": null, "TAXI_STOP_PRESENT": null, "DATASET_LAST_UPDATED": 1788150607000, "_matched": true}}, {"type": "Feature", "id": 141347, "geometry": {"type": "Point", "coordinates": [-0.00977222507530978, 51.4810224523835]}, "properties": {"OBJECTID": 141347, "LOCATION": "Greenwich Church Street", "BOROUGH": null, "NB_SPACES": "2", "DAYS_OP": "Mon - Sun", "TIMES_OP": null, "STATION_NEARBY": null, "STATION_NAME": null, "RANK_TYPE": null, "ATCOCODE": null, "RANK_REFERENCE": "TR6017", "LOCATION_DETAILS": null, "AREA_CODE": "GRE", "TAXI_STATUS": "A", "START_DATE": null, "RANK_NAME": "Church Street (Green Village Restaurant), Se10", "FEATURE_TYPE_CODE": "TTTA", "FEATURE_TYPE_NAME": "TfL Apt - Taxi Rank", "ACCESSIBLE": null, "NIGHT_TUBE": null, "HIGHWAY_AUTHORITY": "GRE", "SECTOR_CODE": "Sector 3", "RANK_LENGTH": null, "TAXI_SHELTER_PRESENT": null, "TAXI_STOP_PRESENT": null, "DATASET_LAST_UPDATED": 1788150607000, "_matched": false}}, {"type": "Feature", "id": 141348, "geometry": {"type": "Point", "coordinates": [-0.14518909690002, 51.5102473005032]}, "properties": {"OBJECTID": 141348, "LOCATION": "Bruton Street", "BOROUGH": null, "NB_SPACES": "5", "DAYS_OP": "Mon - Sun", "TIMES_OP": null, "STATION_NEARBY": null, "STATION_NAME": "No", "RANK_TYPE": null, "ATCOCODE": null, "RANK_REFERENCE": "TR6191", "LOCATION_DETAILS": null, "AREA_CODE": "WES", "TAXI_STATUS": "A", "START_DATE": null, "RANK_NAME": "Hakkasan", "FEATURE_TYPE_CODE": "TTTA", "FEATURE_TYPE_NAME": "TfL Apt - Taxi Rank", "ACCESSIBLE": null, "NIGHT_TUBE": null, "HIGHWAY_AUTHORITY": "WES", "SECTOR_CODE": "All London", "RANK_LENGTH": null, "TAXI_SHELTER_PRESENT": null, "TAXI_STOP_PRESENT": null, "DATASET_LAST_UPDATED": 1788150607000, "_matched": false}}, {"type": "Feature", "id": 141349, "geometry": {"type": "Point", "coordinates": [-0.130779701065298, 51.5175992295305]}, "properties": {"OBJECTID": 141349, "LOCATION": "Bedford Avenue", "BOROUGH": null, "NB_SPACES": "2", "DAYS_OP": "Mon - Sun", "TIMES_OP": null, "STATION_NEARBY": null, "STATION_NAME": null, "RANK_TYPE": null, "ATCOCODE": null, "RANK_REFERENCE": "TR6123", "LOCATION_DETAILS": null, "AREA_CODE": "CDN", "TAXI_STATUS": "A", "START_DATE": null, "RANK_NAME": "St Giles Hotel", "FEATURE_TYPE_CODE": "TTTA", "FEATURE_TYPE_NAME": "TfL Apt - Taxi Rank", "ACCESSIBLE": null, "NIGHT_TUBE": null, "HIGHWAY_AUTHORITY": "CDN", "SECTOR_CODE": "All London", "RANK_LENGTH": null, "TAXI_SHELTER_PRESENT": null, "TAXI_STOP_PRESENT": null, "DATASET_LAST_UPDATED": 1788150607000, "_matched": true}}, {"type": "Feature", "id": 141350, "geometry": {"type": "Point", "coordinates": [0.110206150865557, 51.5647517574149]}, "properties": {"OBJECTID": 141350, "LOCATION": "Goodmayes Road", "BOROUGH": null, "NB_SPACES": "2", "DAYS_OP": "Mon - Sun", "TIMES_OP": null, "STATION_NEARBY": null, "STATION_NAME": "Goodmayes Station", "RANK_TYPE": null, "ATCOCODE": null, "RANK_REFERENCE": "TR6111", "LOCATION_DETAILS": null, "AREA_CODE": "RED", "TAXI_STATUS": "A", "START_DATE": null, "RANK_NAME": "Goodmayes Station", "FEATURE_TYPE_CODE": "TTTA", "FEATURE_TYPE_NAME": "TfL Apt - Taxi Rank", "ACCESSIBLE": null, "NIGHT_TUBE": null, "HIGHWAY_AUTHORITY": "RED", "SECTOR_CODE": "Sector 2", "RANK_LENGTH": null, "TAXI_SHELTER_PRESENT": null, "TAXI_STOP_PRESENT": null, "DATASET_LAST_UPDATED": 1788150607000, "_matched": false}}, {"type": "Feature", "id": 141351, "geometry": {"type": "Point", "coordinates": [-0.0941566571778574, 51.3748180371928]}, "properties": {"OBJECTID": 141351, "LOCATION": "Dingwall Road", "BOROUGH": null, "NB_SPACES": "2", "DAYS_OP": "Mon - Sun", "TIMES_OP": null, "STATION_NEARBY": null, "STATION_NAME": "East Croydon", "RANK_TYPE": null, "ATCOCODE": null, "RANK_REFERENCE": "TR6205", "LOCATION_DETAILS": null, "AREA_CODE": "CRO", "TAXI_STATUS": "A", "START_DATE": null, "RANK_NAME": "Boxpark Croydon", "FEATURE_TYPE_CODE": "TTTA", "FEATURE_TYPE_NAME": "TfL Apt - Taxi Rank", "ACCESSIBLE": null, "NIGHT_TUBE": null, "HIGHWAY_AUTHORITY": "CRO", "SECTOR_CODE": "Sector 5", "RANK_LENGTH": null, "TAXI_SHELTER_PRESENT": null, "TAXI_STOP_PRESENT": null, "DATASET_LAST_UPDATED": 1788150607000, "_matched": false}}, {"type": "Feature", "id": 141352, "geometry": {"type": "Point", "coordinates": [-0.0789468553824685, 51.5162761332164]}, "properties": {"OBJECTID": 141352, "LOCATION": "Devonshire Square", "BOROUGH": null, "NB_SPACES": "2", "DAYS_OP": "Mon - Sun", "TIMES_OP": null, "STATION_NEARBY": null, "STATION_NAME": null, "RANK_TYPE": null, "ATCOCODE": null, "RANK_REFERENCE": "TR5903", "LOCATION_DETAILS": null, "AREA_CODE": "CTY", "TAXI_STATUS": "A", "START_DATE": null, "RANK_NAME": "Devonshire Square (City Of London)", "FEATURE_TYPE_CODE": "TCTA", "FEATURE_TYPE_NAME": "COL - Taxi Rank", "ACCESSIBLE": null, "NIGHT_TUBE": null, "HIGHWAY_AUTHORITY": "CTY", "SECTOR_CODE": "All London", "RANK_LENGTH": null, "TAXI_SHELTER_PRESENT": null, "TAXI_STOP_PRESENT": null, "DATASET_LAST_UPDATED": 1788150607000, "_matched": false}}, {"type": "Feature", "id": 141353, "geometry": {"type": "Point", "coordinates": [-0.00213982720830159, 51.5419439104105]}, "properties": {"OBJECTID": 141353, "LOCATION": "Whitehall Place", "BOROUGH": null, "NB_SPACES": "4", "DAYS_OP": "Mon - Sun", "TIMES_OP": null, "STATION_NEARBY": null, "STATION_NAME": null, "RANK_TYPE": null, "ATCOCODE": null, "RANK_REFERENCE": "TR5993", "LOCATION_DETAILS": null, "AREA_CODE": "WES", "TAXI_STATUS": "A", "START_DATE": null, "RANK_NAME": "Whitehall Place (Corinthia Hotel), Sw1", "FEATURE_TYPE_CODE": "TTTA", "FEATURE_TYPE_NAME": "TfL Apt - Taxi Rank", "ACCESSIBLE": null, "NIGHT_TUBE": null, "HIGHWAY_AUTHORITY": "WES", "SECTOR_CODE": "All London", "RANK_LENGTH": null, "TAXI_SHELTER_PRESENT": null, "TAXI_STOP_PRESENT": null, "DATASET_LAST_UPDATED": 1788150607000, "_matched": false}}, {"type": "Feature", "id": 141354, "geometry": {"type": "Point", "coordinates": [-0.192487460860296, 51.415116519667]}, "properties": {"OBJECTID": 141354, "LOCATION": "Morden Road", "BOROUGH": null, "NB_SPACES": "2", "DAYS_OP": "Mon - Sun", "TIMES_OP": null, "STATION_NEARBY": null, "STATION_NAME": "South Wimbledon Station", "RANK_TYPE": null, "ATCOCODE": null, "RANK_REFERENCE": "TR5995", "LOCATION_DETAILS": null, "AREA_CODE": "MER", "TAXI_STATUS": "A", "START_DATE": null, "RANK_NAME": "Morden Road (South Wimbledon Station), Sw19", "FEATURE_TYPE_CODE": "TTTA", "FEATURE_TYPE_NAME": "TfL Apt - Taxi Rank", "ACCESSIBLE": null, "NIGHT_TUBE": null, "HIGHWAY_AUTHORITY": "MER", "SECTOR_CODE": "Sector 6", "RANK_LENGTH": null, "TAXI_SHELTER_PRESENT": null, "TAXI_STOP_PRESENT": "PCO5995", "DATASET_LAST_UPDATED": 1788150607000, "_matched": false}}, {"type": "Feature", "id": 141355, "geometry": {"type": "Point", "coordinates": [-0.13907524058623, 51.5340255305952]}, "properties": {"OBJECTID": 141355, "LOCATION": "Harrington Square", "BOROUGH": null, "NB_SPACES": "1", "DAYS_OP": "Mon - Sun", "TIMES_OP": null, "STATION_NEARBY": null, "STATION_NAME": "Mornington Crescent Station", "RANK_TYPE": null, "ATCOCODE": null, "RANK_REFERENCE": "TR5879", "LOCATION_DETAILS": null, "AREA_CODE": "CDN", "TAXI_STATUS": "A", "START_DATE": null, "RANK_NAME": "Harrington Sqaure (Mornington Crescent Station), Nw1", "FEATURE_TYPE_CODE": "TTTA", "FEATURE_TYPE_NAME": "TfL Apt - Taxi Rank", "ACCESSIBLE": null, "NIGHT_TUBE": null, "HIGHWAY_AUTHORITY": "CDN", "SECTOR_CODE": "All London", "RANK_LENGTH": null, "TAXI_SHELTER_PRESENT": null, "TAXI_STOP_PRESENT": null, "DATASET_LAST_UPDATED": 1788150607000, "_matched": false}}, {"type": "Feature", "id": 141357, "geometry": {"type": "Point", "coordinates": [-0.139373202687375, 51.5334367532948]}, "properties": {"OBJECTID": 141357, "LOCATION": "Hampstead Road", "BOROUGH": null, "NB_SPACES": "4", "DAYS_OP": "Mon - Sun", "TIMES_OP": null, "STATION_NEARBY": null, "STATION_NAME": null, "RANK_TYPE": null, "ATCOCODE": null, "RANK_REFERENCE": "TR5489", "LOCATION_DETAILS": null, "AREA_CODE": "CDN", "TAXI_STATUS": "A", "START_DATE": null, "RANK_NAME": "Hampstead Road (Greater London House), Nw1", "FEATURE_TYPE_CODE": "TTTA", "FEATURE_TYPE_NAME": "TfL Apt - Taxi Rank", "ACCESSIBLE": null, "NIGHT_TUBE": null, "HIGHWAY_AUTHORITY": "TFL", "SECTOR_CODE": "All London", "RANK_LENGTH": null, "TAXI_SHELTER_PRESENT": null, "TAXI_STOP_PRESENT": "PCO5489", "DATASET_LAST_UPDATED": 1788150607000, "_matched": false}}, {"type": "Feature", "id": 141358, "geometry": {"type": "Point", "coordinates": [-0.120174732569223, 51.5119173243244]}, "properties": {"OBJECTID": 141358, "LOCATION": "Wellington Street", "BOROUGH": null, "NB_SPACES": "3", "DAYS_OP": "Mon - Sun", "TIMES_OP": null, "STATION_NEARBY": null, "STATION_NAME": null, "RANK_TYPE": null, "ATCOCODE": null, "RANK_REFERENCE": "TR6015", "LOCATION_DETAILS": null, "AREA_CODE": "WES", "TAXI_STATUS": "A", "START_DATE": null, "RANK_NAME": "Lyceum Theatre", "FEATURE_TYPE_CODE": "TTTA", "FEATURE_TYPE_NAME": "TfL Apt - Taxi Rank", "ACCESSIBLE": null, "NIGHT_TUBE": null, "HIGHWAY_AUTHORITY": "WES", "SECTOR_CODE": "All London", "RANK_LENGTH": null, "TAXI_SHELTER_PRESENT": null, "TAXI_STOP_PRESENT": null, "DATASET_LAST_UPDATED": 1788150607000, "_matched": false}}, {"type": "Feature", "id": 141359, "geometry": {"type": "Point", "coordinates": [-0.192731860918745, 51.4544897021084]}, "properties": {"OBJECTID": 141359, "LOCATION": "Garratt Lane - A217", "BOROUGH": null, "NB_SPACES": "6", "DAYS_OP": "Mon - Sun", "TIMES_OP": null, "STATION_NEARBY": null, "STATION_NAME": null, "RANK_TYPE": null, "ATCOCODE": null, "RANK_REFERENCE": "TR5644", "LOCATION_DETAILS": null, "AREA_CODE": "WAN", "TAXI_STATUS": "A", "START_DATE": null, "RANK_NAME": "Garratt Lane (Arndale/southside), Wandsworth, Sw18", "FEATURE_TYPE_CODE": "TTTA", "FEATURE_TYPE_NAME": "TfL Apt - Taxi Rank", "ACCESSIBLE": null, "NIGHT_TUBE": null, "HIGHWAY_AUTHORITY": "WAN", "SECTOR_CODE": "Island", "RANK_LENGTH": null, "TAXI_SHELTER_PRESENT": null, "TAXI_STOP_PRESENT": null, "DATASET_LAST_UPDATED": 1788150607000, "_matched": true}}, {"type": "Feature", "id": 141360, "geometry": {"type": "Point", "coordinates": [-0.191759189482372, 51.6027957994696]}, "properties": {"OBJECTID": 141360, "LOCATION": "Ballards Lane", "BOROUGH": null, "NB_SPACES": "2", "DAYS_OP": "Mon - Sun", "TIMES_OP": null, "STATION_NEARBY": null, "STATION_NAME": null, "RANK_TYPE": null, "ATCOCODE": null, "RANK_REFERENCE": "TR6101", "LOCATION_DETAILS": null, "AREA_CODE": "BAT", "TAXI_STATUS": "A", "START_DATE": null, "RANK_NAME": "Ballards Lane Tesco", "FEATURE_TYPE_CODE": "TTTA", "FEATURE_TYPE_NAME": "TfL Apt - Taxi Rank", "ACCESSIBLE": null, "NIGHT_TUBE": null, "HIGHWAY_AUTHORITY": "BAT", "SECTOR_CODE": "Sector 9", "RANK_LENGTH": null, "TAXI_SHELTER_PRESENT": null, "TAXI_STOP_PRESENT": null, "DATASET_LAST_UPDATED": 1788150607000, "_matched": false}}, {"type": "Feature", "id": 141361, "geometry": {"type": "Point", "coordinates": [-0.0545241184926309, 51.6023009164913]}, "properties": {"OBJECTID": 141361, "LOCATION": "Park Avenue Road", "BOROUGH": null, "NB_SPACES": "1", "DAYS_OP": "Mon - Sun", "TIMES_OP": null, "STATION_NEARBY": null, "STATION_NAME": "Northumberland Park Station", "RANK_TYPE": null, "ATCOCODE": null, "RANK_REFERENCE": "TR6240", "LOCATION_DETAILS": null, "AREA_CODE": "HGY", "TAXI_STATUS": "A", "START_DATE": null, "RANK_NAME": "Northumberland Park Station", "FEATURE_TYPE_CODE": "TTTA", "FEATURE_TYPE_NAME": "TfL Apt - Taxi Rank", "ACCESSIBLE": null, "NIGHT_TUBE": null, "HIGHWAY_AUTHORITY": "HAR", "SECTOR_CODE": "Sector 1", "RANK_LENGTH": null, "TAXI_SHELTER_PRESENT": null, "TAXI_STOP_PRESENT": null, "DATASET_LAST_UPDATED": 1788150607000, "_matched": false}}, {"type": "Feature", "id": 141362, "geometry": {"type": "Point", "coordinates": [-0.190073667493908, 51.5354798949853]}, "properties": {"OBJECTID": 141362, "LOCATION": "Kilburn High Road", "BOROUGH": null, "NB_SPACES": "3", "DAYS_OP": "Mon - Sun", "TIMES_OP": null, "STATION_NEARBY": null, "STATION_NAME": null, "RANK_TYPE": null, "ATCOCODE": null, "RANK_REFERENCE": "TR5262", "LOCATION_DETAILS": null, "AREA_CODE": "CDN", "TAXI_STATUS": "A", "START_DATE": null, "RANK_NAME": "Kilburn High Road (London Marriott Hotel, Maida Vale ), Nw6", "FEATURE_TYPE_CODE": "TTTA", "FEATURE_TYPE_NAME": "TfL Apt - Taxi Rank", "ACCESSIBLE": null, "NIGHT_TUBE": null, "HIGHWAY_AUTHORITY": "CDN", "SECTOR_CODE": "All London", "RANK_LENGTH": null, "TAXI_SHELTER_PRESENT": null, "TAXI_STOP_PRESENT": null, "DATASET_LAST_UPDATED": 1788150607000, "_matched": false}}, {"type": "Feature", "id": 141363, "geometry": {"type": "Point", "coordinates": [-0.139159112078713, 51.5351509208928]}, "properties": {"OBJECTID": 141363, "LOCATION": "Camden High Street", "BOROUGH": null, "NB_SPACES": "4", "DAYS_OP": "Mon - Sun", "TIMES_OP": null, "STATION_NEARBY": null, "STATION_NAME": "Mornington Crescent Station", "RANK_TYPE": null, "ATCOCODE": null, "RANK_REFERENCE": "TR5878", "LOCATION_DETAILS": null, "AREA_CODE": "CDN", "TAXI_STATUS": "A", "START_DATE": null, "RANK_NAME": "Camden High Street (Mornington Crescent Station), Nw1", "FEATURE_TYPE_CODE": "TTTA", "FEATURE_TYPE_NAME": "TfL Apt - Taxi Rank", "ACCESSIBLE": null, "NIGHT_TUBE": null, "HIGHWAY_AUTHORITY": "CDN", "SECTOR_CODE": "All London", "RANK_LENGTH": null, "TAXI_SHELTER_PRESENT": null, "TAXI_STOP_PRESENT": null, "DATASET_LAST_UPDATED": 1788150607000, "_matched": false}}, {"type": "Feature", "id": 141364, "geometry": {"type": "Point", "coordinates": [-0.0752589073871824, 51.5487057764459]}, "properties": {"OBJECTID": 141364, "LOCATION": "Kingsland High Street", "BOROUGH": null, "NB_SPACES": "2", "DAYS_OP": "Mon - Sun", "TIMES_OP": null, "STATION_NEARBY": null, "STATION_NAME": "Dalston Kingsland Station", "RANK_TYPE": null, "ATCOCODE": null, "RANK_REFERENCE": "TR5802", "LOCATION_DETAILS": null, "AREA_CODE": "HAC", "TAXI_STATUS": "A", "START_DATE": null, "RANK_NAME": "Kingsland High Street (Shared Use Loading Bay), E8", "FEATURE_TYPE_CODE": "TTTA", "FEATURE_TYPE_NAME": "TfL Apt - Taxi Rank", "ACCESSIBLE": null, "NIGHT_TUBE": null, "HIGHWAY_AUTHORITY": "HAC", "SECTOR_CODE": "All London", "RANK_LENGTH": null, "TAXI_SHELTER_PRESENT": null, "TAXI_STOP_PRESENT": null, "DATASET_LAST_UPDATED": 1788150607000, "_matched": false}}, {"type": "Feature", "id": 141366, "geometry": {"type": "Point", "coordinates": [-0.167153034803508, 51.5177505994075]}, "properties": {"OBJECTID": 141366, "LOCATION": "Edgware Road", "BOROUGH": null, "NB_SPACES": "4", "DAYS_OP": "Mon - Sun", "TIMES_OP": null, "STATION_NEARBY": null, "STATION_NAME": null, "RANK_TYPE": null, "ATCOCODE": null, "RANK_REFERENCE": "TR6130", "LOCATION_DETAILS": null, "AREA_CODE": "WES", "TAXI_STATUS": "A", "START_DATE": null, "RANK_NAME": "Crawford Place", "FEATURE_TYPE_CODE": "TTRE", "FEATURE_TYPE_NAME": "TfL Apt - Rest Rank", "ACCESSIBLE": null, "NIGHT_TUBE": null, "HIGHWAY_AUTHORITY": "WES", "SECTOR_CODE": "All London", "RANK_LENGTH": null, "TAXI_SHELTER_PRESENT": null, "TAXI_STOP_PRESENT": null, "DATASET_LAST_UPDATED": 1788150607000, "_matched": false}}, {"type": "Feature", "id": 141367, "geometry": {"type": "Point", "coordinates": [-0.106330254380558, 51.5117935293268]}, "properties": {"OBJECTID": 141367, "LOCATION": "John Carpenter Street", "BOROUGH": null, "NB_SPACES": "4", "DAYS_OP": "Mon - Sun", "TIMES_OP": null, "STATION_NEARBY": null, "STATION_NAME": null, "RANK_TYPE": null, "ATCOCODE": null, "RANK_REFERENCE": "TR5909", "LOCATION_DETAILS": null, "AREA_CODE": "CTY", "TAXI_STATUS": "A", "START_DATE": null, "RANK_NAME": "John Carpenter Street (City Of London)", "FEATURE_TYPE_CODE": "TCTA", "FEATURE_TYPE_NAME": "COL - Taxi Rank", "ACCESSIBLE": null, "NIGHT_TUBE": null, "HIGHWAY_AUTHORITY": "CTY", "SECTOR_CODE": "All London", "RANK_LENGTH": null, "TAXI_SHELTER_PRESENT": null, "TAXI_STOP_PRESENT": null, "DATASET_LAST_UPDATED": 1788150607000, "_matched": true}}, {"type": "Feature", "id": 141368, "geometry": {"type": "Point", "coordinates": [0.0286711568409739, 51.5754882668409]}, "properties": {"OBJECTID": 141368, "LOCATION": "Service Road, Wanstead Station Car Park", "BOROUGH": null, "NB_SPACES": "2", "DAYS_OP": "Mon - Sun", "TIMES_OP": null, "STATION_NEARBY": null, "STATION_NAME": "Wanstead Station", "RANK_TYPE": null, "ATCOCODE": null, "RANK_REFERENCE": "TR5825", "LOCATION_DETAILS": null, "AREA_CODE": "RED", "TAXI_STATUS": "A", "START_DATE": null, "RANK_NAME": "Service Road  Wanstead Station Car Park, E11.", "FEATURE_TYPE_CODE": "TTTA", "FEATURE_TYPE_NAME": "TfL Apt - Taxi Rank", "ACCESSIBLE": null, "NIGHT_TUBE": null, "HIGHWAY_AUTHORITY": "RED", "SECTOR_CODE": "Sector 2", "RANK_LENGTH": null, "TAXI_SHELTER_PRESENT": null, "TAXI_STOP_PRESENT": null, "DATASET_LAST_UPDATED": 1788150607000, "_matched": false}}, {"type": "Feature", "id": 141369, "geometry": {"type": "Point", "coordinates": [-0.121844276947427, 51.5214311834695]}, "properties": {"OBJECTID": 141369, "LOCATION": "Queen's Square", "BOROUGH": null, "NB_SPACES": "2", "DAYS_OP": "Mon - Sun", "TIMES_OP": null, "STATION_NEARBY": null, "STATION_NAME": null, "RANK_TYPE": null, "ATCOCODE": null, "RANK_REFERENCE": "TR4203", "LOCATION_DETAILS": null, "AREA_CODE": "CDN", "TAXI_STATUS": "A", "START_DATE": null, "RANK_NAME": "Queens Square (East Side), Wc1", "FEATURE_TYPE_CODE": "TTTA", "FEATURE_TYPE_NAME": "TfL Apt - Taxi Rank", "ACCESSIBLE": null, "NIGHT_TUBE": null, "HIGHWAY_AUTHORITY": "CDN", "SECTOR_CODE": "All London", "RANK_LENGTH": null, "TAXI_SHELTER_PRESENT": null, "TAXI_STOP_PRESENT": null, "DATASET_LAST_UPDATED": 1788150607000, "_matched": false}}, {"type": "Feature", "id": 141370, "geometry": {"type": "Point", "coordinates": [-0.2254628292159, 51.5827897416041]}, "properties": {"OBJECTID": 141370, "LOCATION": "Queens Road", "BOROUGH": null, "NB_SPACES": "3", "DAYS_OP": "Mon - Sun", "TIMES_OP": null, "STATION_NEARBY": null, "STATION_NAME": "Hendon Central Station", "RANK_TYPE": null, "ATCOCODE": null, "RANK_REFERENCE": "TR5071", "LOCATION_DETAILS": null, "AREA_CODE": "BAT", "TAXI_STATUS": "A", "START_DATE": null, "RANK_NAME": "Queens Road, Hendon, Nw4", "FEATURE_TYPE_CODE": "TTTA", "FEATURE_TYPE_NAME": "TfL Apt - Taxi Rank", "ACCESSIBLE": null, "NIGHT_TUBE": null, "HIGHWAY_AUTHORITY": "TFL", "SECTOR_CODE": "Sector 9", "RANK_LENGTH": null, "TAXI_SHELTER_PRESENT": null, "TAXI_STOP_PRESENT": null, "DATASET_LAST_UPDATED": 1788150607000, "_matched": false}}, {"type": "Feature", "id": 141371, "geometry": {"type": "Point", "coordinates": [-0.000747282254246701, 51.4525777669171]}, "properties": {"OBJECTID": 141371, "LOCATION": "Fernbrook Road", "BOROUGH": null, "NB_SPACES": "5", "DAYS_OP": "Mon - Sun", "TIMES_OP": null, "STATION_NEARBY": null, "STATION_NAME": "Hither Green Station", "RANK_TYPE": null, "ATCOCODE": null, "RANK_REFERENCE": "TR6011", "LOCATION_DETAILS": null, "AREA_CODE": "LEW", "TAXI_STATUS": "A", "START_DATE": null, "RANK_NAME": "Fernbrook Road (Hither Green Station), Se13", "FEATURE_TYPE_CODE": "TTTA", "FEATURE_TYPE_NAME": "TfL Apt - Taxi Rank", "ACCESSIBLE": null, "NIGHT_TUBE": null, "HIGHWAY_AUTHORITY": "LEW", "SECTOR_CODE": "Sector 3", "RANK_LENGTH": null, "TAXI_SHELTER_PRESENT": null, "TAXI_STOP_PRESENT": null, "DATASET_LAST_UPDATED": 1788150607000, "_matched": false}}, {"type": "Feature", "id": 141372, "geometry": {"type": "Point", "coordinates": [-0.129713388458566, 51.5172405159357]}, "properties": {"OBJECTID": 141372, "LOCATION": "Great Russell Street", "BOROUGH": null, "NB_SPACES": "3", "DAYS_OP": "Mon - Sun", "TIMES_OP": null, "STATION_NEARBY": null, "STATION_NAME": null, "RANK_TYPE": null, "ATCOCODE": null, "RANK_REFERENCE": "TR6121", "LOCATION_DETAILS": null, "AREA_CODE": "CDN", "TAXI_STATUS": "A", "START_DATE": null, "RANK_NAME": "Great Russell Street", "FEATURE_TYPE_CODE": "TTTA", "FEATURE_TYPE_NAME": "TfL Apt - Taxi Rank", "ACCESSIBLE": null, "NIGHT_TUBE": null, "HIGHWAY_AUTHORITY": "CDN", "SECTOR_CODE": "All London", "RANK_LENGTH": null, "TAXI_SHELTER_PRESENT": null, "TAXI_STOP_PRESENT": null, "DATASET_LAST_UPDATED": 1788150607000, "_matched": true}}, {"type": "Feature", "id": 141373, "geometry": {"type": "Point", "coordinates": [-0.136904992418382, 51.4985336294077]}, "properties": {"OBJECTID": 141373, "LOCATION": "Buckingham Gate", "BOROUGH": null, "NB_SPACES": "8", "DAYS_OP": "Mon - Sun", "TIMES_OP": null, "STATION_NEARBY": null, "STATION_NAME": "No", "RANK_TYPE": null, "ATCOCODE": null, "RANK_REFERENCE": "TR6190", "LOCATION_DETAILS": null, "AREA_CODE": "WES", "TAXI_STATUS": "A", "START_DATE": null, "RANK_NAME": "St James Court Hotel", "FEATURE_TYPE_CODE": "TTTA", "FEATURE_TYPE_NAME": "TfL Apt - Taxi Rank", "ACCESSIBLE": null, "NIGHT_TUBE": null, "HIGHWAY_AUTHORITY": "WES", "SECTOR_CODE": "All London", "RANK_LENGTH": null, "TAXI_SHELTER_PRESENT": null, "TAXI_STOP_PRESENT": null, "DATASET_LAST_UPDATED": 1788150607000, "_matched": false}}, {"type": "Feature", "id": 141374, "geometry": {"type": "Point", "coordinates": [0.0532222090728683, 51.5348549436556]}, "properties": {"OBJECTID": 141374, "LOCATION": "Kempton Road", "BOROUGH": null, "NB_SPACES": "6", "DAYS_OP": "Mon - Sun", "TIMES_OP": null, "STATION_NEARBY": null, "STATION_NAME": null, "RANK_TYPE": null, "ATCOCODE": null, "RANK_REFERENCE": "TR5180", "LOCATION_DETAILS": null, "AREA_CODE": "NEW", "TAXI_STATUS": "A", "START_DATE": null, "RANK_NAME": "Kempton Road, East Ham, E6", "FEATURE_TYPE_CODE": "TTTA", "FEATURE_TYPE_NAME": "TfL Apt - Taxi Rank", "ACCESSIBLE": null, "NIGHT_TUBE": null, "HIGHWAY_AUTHORITY": "NEW", "SECTOR_CODE": "Sector 2", "RANK_LENGTH": null, "TAXI_SHELTER_PRESENT": null, "TAXI_STOP_PRESENT": null, "DATASET_LAST_UPDATED": 1788150607000, "_matched": false}}, {"type": "Feature", "id": 141375, "geometry": {"type": "Point", "coordinates": [-0.141624289178756, 51.5078977804652]}, "properties": {"OBJECTID": 141375, "LOCATION": "Dover Street", "BOROUGH": null, "NB_SPACES": "4", "DAYS_OP": "Mon - Sun", "TIMES_OP": null, "STATION_NEARBY": null, "STATION_NAME": null, "RANK_TYPE": null, "ATCOCODE": null, "RANK_REFERENCE": "TR5650", "LOCATION_DETAILS": null, "AREA_CODE": "WES", "TAXI_STATUS": "A", "START_DATE": null, "RANK_NAME": "Dover Street, W1 (Mahiki), W1", "FEATURE_TYPE_CODE": "TTTA", "FEATURE_TYPE_NAME": "TfL Apt - Taxi Rank", "ACCESSIBLE": null, "NIGHT_TUBE": null, "HIGHWAY_AUTHORITY": "WES", "SECTOR_CODE": "All London", "RANK_LENGTH": null, "TAXI_SHELTER_PRESENT": null, "TAXI_STOP_PRESENT": null, "DATASET_LAST_UPDATED": 1788150607000, "_matched": false}}, {"type": "Feature", "id": 141376, "geometry": {"type": "Point", "coordinates": [-0.117979821296576, 51.494886212225]}, "properties": {"OBJECTID": 141376, "LOCATION": "Lambeth Road", "BOROUGH": null, "NB_SPACES": "3", "DAYS_OP": "Mon - Sun", "TIMES_OP": null, "STATION_NEARBY": null, "STATION_NAME": null, "RANK_TYPE": null, "ATCOCODE": null, "RANK_REFERENCE": "TR5314", "LOCATION_DETAILS": null, "AREA_CODE": "LAM", "TAXI_STATUS": "A", "START_DATE": null, "RANK_NAME": "Lambeth Road (Novotel), Lambeth, Se1", "FEATURE_TYPE_CODE": "TTTA", "FEATURE_TYPE_NAME": "TfL Apt - Taxi Rank", "ACCESSIBLE": null, "NIGHT_TUBE": null, "HIGHWAY_AUTHORITY": "LAM", "SECTOR_CODE": "All London", "RANK_LENGTH": null, "TAXI_SHELTER_PRESENT": null, "TAXI_STOP_PRESENT": null, "DATASET_LAST_UPDATED": 1788150607000, "_matched": false}}, {"type": "Feature", "id": 141377, "geometry": {"type": "Point", "coordinates": [-0.166759632500988, 51.4603992136152]}, "properties": {"OBJECTID": 141377, "LOCATION": "Northcote Road - B229", "BOROUGH": null, "NB_SPACES": "4", "DAYS_OP": "Mon - Sun", "TIMES_OP": null, "STATION_NEARBY": null, "STATION_NAME": null, "RANK_TYPE": null, "ATCOCODE": null, "RANK_REFERENCE": "TR5798", "LOCATION_DETAILS": null, "AREA_CODE": "WAN", "TAXI_STATUS": "A", "START_DATE": null, "RANK_NAME": "Northcote Road, Sw11.", "FEATURE_TYPE_CODE": "TTTA", "FEATURE_TYPE_NAME": "TfL Apt - Taxi Rank", "ACCESSIBLE": null, "NIGHT_TUBE": null, "HIGHWAY_AUTHORITY": "WAN", "SECTOR_CODE": "All London", "RANK_LENGTH": null, "TAXI_SHELTER_PRESENT": null, "TAXI_STOP_PRESENT": null, "DATASET_LAST_UPDATED": 1788150607000, "_matched": false}}, {"type": "Feature", "id": 141378, "geometry": {"type": "Point", "coordinates": [-0.14079897516117, 51.5097641353958]}, "properties": {"OBJECTID": 141378, "LOCATION": "Burlington Gardens", "BOROUGH": null, "NB_SPACES": "2", "DAYS_OP": "Mon - Sun", "TIMES_OP": null, "STATION_NEARBY": null, "STATION_NAME": null, "RANK_TYPE": null, "ATCOCODE": null, "RANK_REFERENCE": "TR4182", "LOCATION_DETAILS": null, "AREA_CODE": "WES", "TAXI_STATUS": "A", "START_DATE": null, "RANK_NAME": "Museum Of Mankind", "FEATURE_TYPE_CODE": "TTTA", "FEATURE_TYPE_NAME": "TfL Apt - Taxi Rank", "ACCESSIBLE": null, "NIGHT_TUBE": null, "HIGHWAY_AUTHORITY": "WES", "SECTOR_CODE": "All London", "RANK_LENGTH": null, "TAXI_SHELTER_PRESENT": null, "TAXI_STOP_PRESENT": null, "DATASET_LAST_UPDATED": 1788150607000, "_matched": false}}, {"type": "Feature", "id": 141379, "geometry": {"type": "Point", "coordinates": [-0.0750199415026793, 51.5509499889196]}, "properties": {"OBJECTID": 141379, "LOCATION": "Stoke Newington Road", "BOROUGH": null, "NB_SPACES": "4", "DAYS_OP": "Mon - Sun", "TIMES_OP": null, "STATION_NEARBY": null, "STATION_NAME": null, "RANK_TYPE": null, "ATCOCODE": null, "RANK_REFERENCE": "TR5777", "LOCATION_DETAILS": null, "AREA_CODE": "HAC", "TAXI_STATUS": "A", "START_DATE": null, "RANK_NAME": "Brewdog Bar Stoke Newington Road, N16", "FEATURE_TYPE_CODE": "TTTA", "FEATURE_TYPE_NAME": "TfL Apt - Taxi Rank", "ACCESSIBLE": null, "NIGHT_TUBE": null, "HIGHWAY_AUTHORITY": "HAC", "SECTOR_CODE": "All London", "RANK_LENGTH": null, "TAXI_SHELTER_PRESENT": null, "TAXI_STOP_PRESENT": null, "DATASET_LAST_UPDATED": 1788150607000, "_matched": false}}, {"type": "Feature", "id": 141380, "geometry": {"type": "Point", "coordinates": [-0.0868264284265855, 51.5050293231085]}, "properties": {"OBJECTID": 141380, "LOCATION": "London Bridge Bus Station", "BOROUGH": null, "NB_SPACES": "25", "DAYS_OP": "Mon - Sun", "TIMES_OP": null, "STATION_NEARBY": null, "STATION_NAME": "London Bridge Station", "RANK_TYPE": null, "ATCOCODE": null, "RANK_REFERENCE": "TR5948", "LOCATION_DETAILS": null, "AREA_CODE": "SWK", "TAXI_STATUS": "A", "START_DATE": null, "RANK_NAME": "London Bridge Bus Station (London Bridge Station)", "FEATURE_TYPE_CODE": "TPTA", "FEATURE_TYPE_NAME": "Private - Taxi Rank", "ACCESSIBLE": null, "NIGHT_TUBE": null, "HIGHWAY_AUTHORITY": "SWK", "SECTOR_CODE": "All London", "RANK_LENGTH": null, "TAXI_SHELTER_PRESENT": null, "TAXI_STOP_PRESENT": "PCO1002", "DATASET_LAST_UPDATED": 1788150607000, "_matched": true}}, {"type": "Feature", "id": 141381, "geometry": {"type": "Point", "coordinates": [-0.20629946080813, 51.4219382589272]}, "properties": {"OBJECTID": 141381, "LOCATION": "Orinoco Lane, Wimbledon Station", "BOROUGH": null, "NB_SPACES": "4", "DAYS_OP": "Mon - Sun", "TIMES_OP": null, "STATION_NEARBY": null, "STATION_NAME": "Wimbledon Station", "RANK_TYPE": null, "ATCOCODE": null, "RANK_REFERENCE": "TR5692", "LOCATION_DETAILS": null, "AREA_CODE": "MER", "TAXI_STATUS": "A", "START_DATE": null, "RANK_NAME": "Un-Named Road, Leading To Service Road, (Orinoco Lane) Wimbledon Station, Sw19", "FEATURE_TYPE_CODE": "TTTA", "FEATURE_TYPE_NAME": "TfL Apt - Taxi Rank", "ACCESSIBLE": null, "NIGHT_TUBE": null, "HIGHWAY_AUTHORITY": "MER", "SECTOR_CODE": "Sector 6", "RANK_LENGTH": null, "TAXI_SHELTER_PRESENT": null, "TAXI_STOP_PRESENT": null, "DATASET_LAST_UPDATED": 1788150607000, "_matched": false}}, {"type": "Feature", "id": 141382, "geometry": {"type": "Point", "coordinates": [0.142281398106242, 51.4569306162639]}, "properties": {"OBJECTID": 141382, "LOCATION": "Broadway", "BOROUGH": null, "NB_SPACES": "2", "DAYS_OP": "Mon - Sun", "TIMES_OP": null, "STATION_NEARBY": null, "STATION_NAME": null, "RANK_TYPE": null, "ATCOCODE": null, "RANK_REFERENCE": "TR6009", "LOCATION_DETAILS": null, "AREA_CODE": "BEX", "TAXI_STATUS": "A", "START_DATE": null, "RANK_NAME": "Broadway (Bexleyheath), Da6", "FEATURE_TYPE_CODE": "TTTA", "FEATURE_TYPE_NAME": "TfL Apt - Taxi Rank", "ACCESSIBLE": null, "NIGHT_TUBE": null, "HIGHWAY_AUTHORITY": "BEX", "SECTOR_CODE": "Sector 3", "RANK_LENGTH": null, "TAXI_SHELTER_PRESENT": null, "TAXI_STOP_PRESENT": null, "DATASET_LAST_UPDATED": 1788150607000, "_matched": false}}, {"type": "Feature", "id": 141383, "geometry": {"type": "Point", "coordinates": [-0.170683342396008, 51.4961877868026]}, "properties": {"OBJECTID": 141383, "LOCATION": "Thurloe Place", "BOROUGH": null, "NB_SPACES": "13", "DAYS_OP": "Mon - Sun", "TIMES_OP": null, "STATION_NEARBY": null, "STATION_NAME": null, "RANK_TYPE": null, "ATCOCODE": null, "RANK_REFERENCE": "TR4645", "LOCATION_DETAILS": null, "AREA_CODE": "K&C", "TAXI_STATUS": "A", "START_DATE": null, "RANK_NAME": "Thurloe Place, Sw7", "FEATURE_TYPE_CODE": "TTRF", "FEATURE_TYPE_NAME": "TfL Apt - Refreshment Rank", "ACCESSIBLE": null, "NIGHT_TUBE": null, "HIGHWAY_AUTHORITY": "K&C", "SECTOR_CODE": "All London", "RANK_LENGTH": null, "TAXI_SHELTER_PRESENT": null, "TAXI_STOP_PRESENT": "PCO4645", "DATASET_LAST_UPDATED": 1788150607000, "_matched": false}}, {"type": "Feature", "id": 141384, "geometry": {"type": "Point", "coordinates": [-0.227126828208967, 51.5819426358217]}, "properties": {"OBJECTID": 141384, "LOCATION": "Hendon Way", "BOROUGH": null, "NB_SPACES": "3", "DAYS_OP": "Mon - Sun", "TIMES_OP": null, "STATION_NEARBY": null, "STATION_NAME": null, "RANK_TYPE": null, "ATCOCODE": null, "RANK_REFERENCE": "TR6071", "LOCATION_DETAILS": null, "AREA_CODE": "BAT", "TAXI_STATUS": "A", "START_DATE": null, "RANK_NAME": "Hendon Way", "FEATURE_TYPE_CODE": "TTTA", "FEATURE_TYPE_NAME": "TfL Apt - Taxi Rank", "ACCESSIBLE": null, "NIGHT_TUBE": null, "HIGHWAY_AUTHORITY": "TFL", "SECTOR_CODE": "Sector 9", "RANK_LENGTH": null, "TAXI_SHELTER_PRESENT": null, "TAXI_STOP_PRESENT": null, "DATASET_LAST_UPDATED": 1788150607000, "_matched": false}}, {"type": "Feature", "id": 141385, "geometry": {"type": "Point", "coordinates": [-0.14983739832929, 51.5036482802227]}, "properties": {"OBJECTID": 141385, "LOCATION": "Hamilton Place", "BOROUGH": null, "NB_SPACES": "8", "DAYS_OP": "Mon - Sun", "TIMES_OP": null, "STATION_NEARBY": null, "STATION_NAME": null, "RANK_TYPE": null, "ATCOCODE": null, "RANK_REFERENCE": "TR4761", "LOCATION_DETAILS": null, "AREA_CODE": "WES", "TAXI_STATUS": "A", "START_DATE": null, "RANK_NAME": "Hamilton Place (Inter-Continental), W1", "FEATURE_TYPE_CODE": "TTTA", "FEATURE_TYPE_NAME": "TfL Apt - Taxi Rank", "ACCESSIBLE": null, "NIGHT_TUBE": null, "HIGHWAY_AUTHORITY": "WES", "SECTOR_CODE": "All London", "RANK_LENGTH": null, "TAXI_SHELTER_PRESENT": null, "TAXI_STOP_PRESENT": null, "DATASET_LAST_UPDATED": 1788150607000, "_matched": false}}, {"type": "Feature", "id": 141386, "geometry": {"type": "Point", "coordinates": [-0.142873012837116, 51.5076657697349]}, "properties": {"OBJECTID": 141386, "LOCATION": "Berkeley Street", "BOROUGH": null, "NB_SPACES": "5", "DAYS_OP": "Mon - Sun", "TIMES_OP": null, "STATION_NEARBY": null, "STATION_NAME": null, "RANK_TYPE": null, "ATCOCODE": null, "RANK_REFERENCE": "TR6005", "LOCATION_DETAILS": null, "AREA_CODE": "WES", "TAXI_STATUS": "A", "START_DATE": null, "RANK_NAME": "Berkeley Street (Novikov), W1j", "FEATURE_TYPE_CODE": "TTTA", "FEATURE_TYPE_NAME": "TfL Apt - Taxi Rank", "ACCESSIBLE": null, "NIGHT_TUBE": null, "HIGHWAY_AUTHORITY": "WES", "SECTOR_CODE": "All London", "RANK_LENGTH": null, "TAXI_SHELTER_PRESENT": null, "TAXI_STOP_PRESENT": null, "DATASET_LAST_UPDATED": 1788150607000, "_matched": false}}, {"type": "Feature", "id": 141387, "geometry": {"type": "Point", "coordinates": [-0.0450590906250763, 51.5220559773118]}, "properties": {"OBJECTID": 141387, "LOCATION": "Mile End Road", "BOROUGH": null, "NB_SPACES": "2", "DAYS_OP": "Mon - Sun", "TIMES_OP": null, "STATION_NEARBY": null, "STATION_NAME": "Mile End Station", "RANK_TYPE": null, "ATCOCODE": null, "RANK_REFERENCE": "TR6162", "LOCATION_DETAILS": null, "AREA_CODE": "TH", "TAXI_STATUS": "A", "START_DATE": null, "RANK_NAME": "Mile End Station", "FEATURE_TYPE_CODE": "TTTA", "FEATURE_TYPE_NAME": "TfL Apt - Taxi Rank", "ACCESSIBLE": null, "NIGHT_TUBE": null, "HIGHWAY_AUTHORITY": "TFL", "SECTOR_CODE": "All London", "RANK_LENGTH": null, "TAXI_SHELTER_PRESENT": null, "TAXI_STOP_PRESENT": null, "DATASET_LAST_UPDATED": 1788150607000, "_matched": false}}, {"type": "Feature", "id": 141388, "geometry": {"type": "Point", "coordinates": [-0.164958241444263, 51.517131772124]}, "properties": {"OBJECTID": 141388, "LOCATION": "Harrowby Street", "BOROUGH": null, "NB_SPACES": "2", "DAYS_OP": "Mon - Sun", "TIMES_OP": null, "STATION_NEARBY": null, "STATION_NAME": null, "RANK_TYPE": null, "ATCOCODE": null, "RANK_REFERENCE": "TR5219", "LOCATION_DETAILS": null, "AREA_CODE": "WES", "TAXI_STATUS": "A", "START_DATE": null, "RANK_NAME": "Harrowby Street (Victoria Casino), W1", "FEATURE_TYPE_CODE": "TTTA", "FEATURE_TYPE_NAME": "TfL Apt - Taxi Rank", "ACCESSIBLE": null, "NIGHT_TUBE": null, "HIGHWAY_AUTHORITY": "WES", "SECTOR_CODE": "All London", "RANK_LENGTH": null, "TAXI_SHELTER_PRESENT": null, "TAXI_STOP_PRESENT": null, "DATASET_LAST_UPDATED": 1788150607000, "_matched": true}}, {"type": "Feature", "id": 141389, "geometry": {"type": "Point", "coordinates": [-0.122242148247924, 51.4858180992293]}, "properties": {"OBJECTID": 141389, "LOCATION": "South Lambeth Road", "BOROUGH": null, "NB_SPACES": "2", "DAYS_OP": "Mon - Sun", "TIMES_OP": null, "STATION_NEARBY": null, "STATION_NAME": "Vauxhall Station", "RANK_TYPE": null, "ATCOCODE": null, "RANK_REFERENCE": "TR5490", "LOCATION_DETAILS": null, "AREA_CODE": "LAM", "TAXI_STATUS": "A", "START_DATE": null, "RANK_NAME": "South Lambeth Road (Vauxhall Station), Sw8", "FEATURE_TYPE_CODE": "TTTA", "FEATURE_TYPE_NAME": "TfL Apt - Taxi Rank", "ACCESSIBLE": null, "NIGHT_TUBE": null, "HIGHWAY_AUTHORITY": "TFL", "SECTOR_CODE": "All London", "RANK_LENGTH": null, "TAXI_SHELTER_PRESENT": "0122/T5490", "TAXI_STOP_PRESENT": null, "DATASET_LAST_UPDATED": 1788150607000, "_matched": false}}, {"type": "Feature", "id": 141390, "geometry": {"type": "Point", "coordinates": [-0.0099294336660864, 51.4615289071768]}, "properties": {"OBJECTID": 141390, "LOCATION": "Lewis Grove", "BOROUGH": null, "NB_SPACES": "8", "DAYS_OP": "Mon - Sun", "TIMES_OP": null, "STATION_NEARBY": null, "STATION_NAME": null, "RANK_TYPE": null, "ATCOCODE": null, "RANK_REFERENCE": "TR6152", "LOCATION_DETAILS": null, "AREA_CODE": "LEW", "TAXI_STATUS": "A", "START_DATE": null, "RANK_NAME": "Lewisham Market", "FEATURE_TYPE_CODE": "TTTA", "FEATURE_TYPE_NAME": "TfL Apt - Taxi Rank", "ACCESSIBLE": null, "NIGHT_TUBE": null, "HIGHWAY_AUTHORITY": "LEW", "SECTOR_CODE": "Sector 3", "RANK_LENGTH": null, "TAXI_SHELTER_PRESENT": null, "TAXI_STOP_PRESENT": null, "DATASET_LAST_UPDATED": 1788150607000, "_matched": false}}, {"type": "Feature", "id": 141391, "geometry": {"type": "Point", "coordinates": [-0.115212458992059, 51.5169184672642]}, "properties": {"OBJECTID": 141391, "LOCATION": "Lincoln's Inn Fields", "BOROUGH": null, "NB_SPACES": "4", "DAYS_OP": "Mon - Sun", "TIMES_OP": null, "STATION_NEARBY": null, "STATION_NAME": null, "RANK_TYPE": null, "ATCOCODE": null, "RANK_REFERENCE": "TR5676", "LOCATION_DETAILS": null, "AREA_CODE": "CDN", "TAXI_STATUS": "A", "START_DATE": null, "RANK_NAME": "Lincoln's Inn Fields (North-Eastern Side), Wc2 (R0014)", "FEATURE_TYPE_CODE": "TTRE", "FEATURE_TYPE_NAME": "TfL Apt - Rest Rank", "ACCESSIBLE": null, "NIGHT_TUBE": null, "HIGHWAY_AUTHORITY": "CDN", "SECTOR_CODE": "All London", "RANK_LENGTH": null, "TAXI_SHELTER_PRESENT": null, "TAXI_STOP_PRESENT": null, "DATASET_LAST_UPDATED": 1788150607000, "_matched": false}}, {"type": "Feature", "id": 141392, "geometry": {"type": "Point", "coordinates": [-0.0788529035289679, 51.4194508329281]}, "properties": {"OBJECTID": 141392, "LOCATION": "Church Road", "BOROUGH": null, "NB_SPACES": "3", "DAYS_OP": "Mon-Sun", "TIMES_OP": null, "STATION_NEARBY": null, "STATION_NAME": null, "RANK_TYPE": null, "ATCOCODE": null, "RANK_REFERENCE": "TR6057", "LOCATION_DETAILS": null, "AREA_CODE": "CRO", "TAXI_STATUS": "A", "START_DATE": null, "RANK_NAME": "Church Road", "FEATURE_TYPE_CODE": "TTTA", "FEATURE_TYPE_NAME": "TfL Apt - Taxi Rank", "ACCESSIBLE": null, "NIGHT_TUBE": null, "HIGHWAY_AUTHORITY": "CRO", "SECTOR_CODE": "Sector 5", "RANK_LENGTH": null, "TAXI_SHELTER_PRESENT": null, "TAXI_STOP_PRESENT": null, "DATASET_LAST_UPDATED": 1788150607000, "_matched": false}}, {"type": "Feature", "id": 141393, "geometry": {"type": "Point", "coordinates": [-0.173575174964294, 51.5279942661232]}, "properties": {"OBJECTID": 141393, "LOCATION": "St John's Wood Road", "BOROUGH": null, "NB_SPACES": "6", "DAYS_OP": "Mon - Sun", "TIMES_OP": null, "STATION_NEARBY": null, "STATION_NAME": null, "RANK_TYPE": null, "ATCOCODE": null, "RANK_REFERENCE": "TR5294", "LOCATION_DETAILS": null, "AREA_CODE": "WES", "TAXI_STATUS": "A", "START_DATE": null, "RANK_NAME": "St. Johns Wood Road (Lords), Nw8", "FEATURE_TYPE_CODE": "TTTA", "FEATURE_TYPE_NAME": "TfL Apt - Taxi Rank", "ACCESSIBLE": null, "NIGHT_TUBE": null, "HIGHWAY_AUTHORITY": "TFL", "SECTOR_CODE": "All London", "RANK_LENGTH": null, "TAXI_SHELTER_PRESENT": null, "TAXI_STOP_PRESENT": null, "DATASET_LAST_UPDATED": 1788150607000, "_matched": false}}, {"type": "Feature", "id": 141394, "geometry": {"type": "Point", "coordinates": [-0.302409985060061, 51.5149661849481]}, "properties": {"OBJECTID": 141394, "LOCATION": "Haven Green", "BOROUGH": null, "NB_SPACES": "25", "DAYS_OP": "Mon - Sun", "TIMES_OP": null, "STATION_NEARBY": null, "STATION_NAME": "Ealing Broadway Station", "RANK_TYPE": null, "ATCOCODE": null, "RANK_REFERENCE": "TR5741", "LOCATION_DETAILS": null, "AREA_CODE": "EAL", "TAXI_STATUS": "A", "START_DATE": null, "RANK_NAME": "Haven Green (Ealing Broadway Station), Ealing, W5", "FEATURE_TYPE_CODE": "TTTA", "FEATURE_TYPE_NAME": "TfL Apt - Taxi Rank", "ACCESSIBLE": null, "NIGHT_TUBE": null, "HIGHWAY_AUTHORITY": "EAL", "SECTOR_CODE": "Sector 8", "RANK_LENGTH": null, "TAXI_SHELTER_PRESENT": null, "TAXI_STOP_PRESENT": null, "DATASET_LAST_UPDATED": 1788150607000, "_matched": false}}, {"type": "Feature", "id": 141395, "geometry": {"type": "Point", "coordinates": [-0.305530628856466, 51.4584223637886]}, "properties": {"OBJECTID": 141395, "LOCATION": "Hill Street", "BOROUGH": null, "NB_SPACES": "3", "DAYS_OP": "Mon - Sun", "TIMES_OP": null, "STATION_NEARBY": null, "STATION_NAME": null, "RANK_TYPE": null, "ATCOCODE": null, "RANK_REFERENCE": "TR5454", "LOCATION_DETAILS": null, "AREA_CODE": "RIC", "TAXI_STATUS": "A", "START_DATE": null, "RANK_NAME": "Hill Street, Richmond, Tw9", "FEATURE_TYPE_CODE": "TTTA", "FEATURE_TYPE_NAME": "TfL Apt - Taxi Rank", "ACCESSIBLE": null, "NIGHT_TUBE": null, "HIGHWAY_AUTHORITY": "RIC", "SECTOR_CODE": "Sector 7", "RANK_LENGTH": null, "TAXI_SHELTER_PRESENT": null, "TAXI_STOP_PRESENT": null, "DATASET_LAST_UPDATED": 1788150607000, "_matched": false}}, {"type": "Feature", "id": 141396, "geometry": {"type": "Point", "coordinates": [-0.141131479071127, 51.4941583885223]}, "properties": {"OBJECTID": 141396, "LOCATION": "Gillingham Street", "BOROUGH": null, "NB_SPACES": "3", "DAYS_OP": "Mon - Sun", "TIMES_OP": null, "STATION_NEARBY": null, "STATION_NAME": null, "RANK_TYPE": null, "ATCOCODE": null, "RANK_REFERENCE": "TR5744", "LOCATION_DETAILS": null, "AREA_CODE": "WES", "TAXI_STATUS": "A", "START_DATE": null, "RANK_NAME": "Gillingham Street  (R0015)", "FEATURE_TYPE_CODE": "TTRE", "FEATURE_TYPE_NAME": "TfL Apt - Rest Rank", "ACCESSIBLE": null, "NIGHT_TUBE": null, "HIGHWAY_AUTHORITY": "WES", "SECTOR_CODE": "All London", "RANK_LENGTH": null, "TAXI_SHELTER_PRESENT": null, "TAXI_STOP_PRESENT": null, "DATASET_LAST_UPDATED": 1788150607000, "_matched": false}}, {"type": "Feature", "id": 141397, "geometry": {"type": "Point", "coordinates": [-0.103252555028161, 51.5119865957213]}, "properties": {"OBJECTID": 141397, "LOCATION": "Queen Victoria Street", "BOROUGH": null, "NB_SPACES": "5", "DAYS_OP": "Mon - Sun", "TIMES_OP": null, "STATION_NEARBY": null, "STATION_NAME": "Blackfriars Station", "RANK_TYPE": null, "ATCOCODE": null, "RANK_REFERENCE": "TR5920", "LOCATION_DETAILS": null, "AREA_CODE": "CTY", "TAXI_STATUS": "A", "START_DATE": null, "RANK_NAME": "Queen Victoria Street (City Of London)", "FEATURE_TYPE_CODE": "TCTA", "FEATURE_TYPE_NAME": "COL - Taxi Rank", "ACCESSIBLE": null, "NIGHT_TUBE": null, "HIGHWAY_AUTHORITY": "CTY", "SECTOR_CODE": "All London", "RANK_LENGTH": null, "TAXI_SHELTER_PRESENT": null, "TAXI_STOP_PRESENT": null, "DATASET_LAST_UPDATED": 1788150607000, "_matched": false}}, {"type": "Feature", "id": 141398, "geometry": {"type": "Point", "coordinates": [-0.306055861683459, 51.4135037513053]}, "properties": {"OBJECTID": 141398, "LOCATION": "Down Hall Road", "BOROUGH": null, "NB_SPACES": "2", "DAYS_OP": "Mon - Sun", "TIMES_OP": null, "STATION_NEARBY": null, "STATION_NAME": null, "RANK_TYPE": null, "ATCOCODE": null, "RANK_REFERENCE": "TR6010", "LOCATION_DETAILS": null, "AREA_CODE": "KIN", "TAXI_STATUS": "A", "START_DATE": null, "RANK_NAME": "Hilton Hotel", "FEATURE_TYPE_CODE": "TTTA", "FEATURE_TYPE_NAME": "TfL Apt - Taxi Rank", "ACCESSIBLE": null, "NIGHT_TUBE": null, "HIGHWAY_AUTHORITY": "KIN", "SECTOR_CODE": "Sector 7", "RANK_LENGTH": null, "TAXI_SHELTER_PRESENT": null, "TAXI_STOP_PRESENT": null, "DATASET_LAST_UPDATED": 1788150607000, "_matched": false}}, {"type": "Feature", "id": 141399, "geometry": {"type": "Point", "coordinates": [-0.48987400221074, 51.4712106321725]}, "properties": {"OBJECTID": 141399, "LOCATION": "Heathrow Terminal 5", "BOROUGH": null, "NB_SPACES": "10", "DAYS_OP": "Mon - Sun", "TIMES_OP": null, "STATION_NEARBY": null, "STATION_NAME": "Heathrow Terminal 5 Station", "RANK_TYPE": null, "ATCOCODE": null, "RANK_REFERENCE": "TR5936", "LOCATION_DETAILS": null, "AREA_CODE": "HIL", "TAXI_STATUS": "A", "START_DATE": null, "RANK_NAME": "Heathrow Airport (Terminal 5).", "FEATURE_TYPE_CODE": "TPTA", "FEATURE_TYPE_NAME": "Private - Taxi Rank", "ACCESSIBLE": null, "NIGHT_TUBE": null, "HIGHWAY_AUTHORITY": "BAA", "SECTOR_CODE": "All London", "RANK_LENGTH": null, "TAXI_SHELTER_PRESENT": null, "TAXI_STOP_PRESENT": null, "DATASET_LAST_UPDATED": 1788150607000, "_matched": false}}, {"type": "Feature", "id": 141400, "geometry": {"type": "Point", "coordinates": [-0.133441620425921, 51.4997285190433]}, "properties": {"OBJECTID": 141400, "LOCATION": "Broadway", "BOROUGH": null, "NB_SPACES": "3", "DAYS_OP": "Mon - Sun", "TIMES_OP": null, "STATION_NEARBY": null, "STATION_NAME": "St. James's Park Station", "RANK_TYPE": null, "ATCOCODE": null, "RANK_REFERENCE": "TR6006", "LOCATION_DETAILS": null, "AREA_CODE": "WES", "TAXI_STATUS": "A", "START_DATE": null, "RANK_NAME": "Broadway (St. James's Park Station), Sw1", "FEATURE_TYPE_CODE": "TTTA", "FEATURE_TYPE_NAME": "TfL Apt - Taxi Rank", "ACCESSIBLE": null, "NIGHT_TUBE": null, "HIGHWAY_AUTHORITY": "WES", "SECTOR_CODE": "All London", "RANK_LENGTH": null, "TAXI_SHELTER_PRESENT": null, "TAXI_STOP_PRESENT": null, "DATASET_LAST_UPDATED": 1788150607000, "_matched": true}}, {"type": "Feature", "id": 141401, "geometry": {"type": "Point", "coordinates": [-0.138583554878411, 51.5103764566122]}, "properties": {"OBJECTID": 141401, "LOCATION": "Vigo Street", "BOROUGH": null, "NB_SPACES": "2", "DAYS_OP": "Mon - Sun", "TIMES_OP": null, "STATION_NEARBY": null, "STATION_NAME": null, "RANK_TYPE": null, "ATCOCODE": null, "RANK_REFERENCE": "TR5778", "LOCATION_DETAILS": null, "AREA_CODE": "WES", "TAXI_STATUS": "A", "START_DATE": null, "RANK_NAME": "Vigo Street, W1", "FEATURE_TYPE_CODE": "TTTA", "FEATURE_TYPE_NAME": "TfL Apt - Taxi Rank", "ACCESSIBLE": null, "NIGHT_TUBE": null, "HIGHWAY_AUTHORITY": "WES", "SECTOR_CODE": "All London", "RANK_LENGTH": null, "TAXI_SHELTER_PRESENT": null, "TAXI_STOP_PRESENT": null, "DATASET_LAST_UPDATED": 1788150607000, "_matched": false}}, {"type": "Feature", "id": 141402, "geometry": {"type": "Point", "coordinates": [-0.135772213624386, 51.515700334503]}, "properties": {"OBJECTID": 141402, "LOCATION": "Wardour Street", "BOROUGH": null, "NB_SPACES": "3", "DAYS_OP": "Mon - Sun", "TIMES_OP": null, "STATION_NEARBY": null, "STATION_NAME": null, "RANK_TYPE": null, "ATCOCODE": null, "RANK_REFERENCE": "TR5580", "LOCATION_DETAILS": null, "AREA_CODE": "WES", "TAXI_STATUS": "A", "START_DATE": null, "RANK_NAME": "Wardour Street (101 Nightclub), W1", "FEATURE_TYPE_CODE": "TTTA", "FEATURE_TYPE_NAME": "TfL Apt - Taxi Rank", "ACCESSIBLE": null, "NIGHT_TUBE": null, "HIGHWAY_AUTHORITY": "WES", "SECTOR_CODE": "All London", "RANK_LENGTH": null, "TAXI_SHELTER_PRESENT": null, "TAXI_STOP_PRESENT": null, "DATASET_LAST_UPDATED": 1788150607000, "_matched": false}}, {"type": "Feature", "id": 141403, "geometry": {"type": "Point", "coordinates": [-0.0867245135992834, 51.513309821781]}, "properties": {"OBJECTID": 141403, "LOCATION": "Cornhill", "BOROUGH": null, "NB_SPACES": "4", "DAYS_OP": "Mon - Sun", "TIMES_OP": null, "STATION_NEARBY": null, "STATION_NAME": null, "RANK_TYPE": null, "ATCOCODE": null, "RANK_REFERENCE": "TR5901", "LOCATION_DETAILS": null, "AREA_CODE": "CTY", "TAXI_STATUS": "A", "START_DATE": null, "RANK_NAME": "Cornhill (City Of London)", "FEATURE_TYPE_CODE": "TCTA", "FEATURE_TYPE_NAME": "COL - Taxi Rank", "ACCESSIBLE": null, "NIGHT_TUBE": null, "HIGHWAY_AUTHORITY": "CTY", "SECTOR_CODE": "All London", "RANK_LENGTH": null, "TAXI_SHELTER_PRESENT": null, "TAXI_STOP_PRESENT": null, "DATASET_LAST_UPDATED": 1788150607000, "_matched": false}}, {"type": "Feature", "id": 141404, "geometry": {"type": "Point", "coordinates": [-0.103719039530104, 51.5361480858078]}, "properties": {"OBJECTID": 141404, "LOCATION": "Upper Street", "BOROUGH": null, "NB_SPACES": "2", "DAYS_OP": "Mon - Sun", "TIMES_OP": null, "STATION_NEARBY": null, "STATION_NAME": null, "RANK_TYPE": null, "ATCOCODE": null, "RANK_REFERENCE": "TR6104", "LOCATION_DETAILS": null, "AREA_CODE": "ISL", "TAXI_STATUS": "A", "START_DATE": null, "RANK_NAME": "Upper Street - Screen On The Green", "FEATURE_TYPE_CODE": "TTTA", "FEATURE_TYPE_NAME": "TfL Apt - Taxi Rank", "ACCESSIBLE": null, "NIGHT_TUBE": null, "HIGHWAY_AUTHORITY": "TFL", "SECTOR_CODE": "All London", "RANK_LENGTH": null, "TAXI_SHELTER_PRESENT": null, "TAXI_STOP_PRESENT": null, "DATASET_LAST_UPDATED": 1788150607000, "_matched": false}}, {"type": "Feature", "id": 141405, "geometry": {"type": "Point", "coordinates": [-0.219379042368653, 51.4920813357233]}, "properties": {"OBJECTID": 141405, "LOCATION": "Shortlands", "BOROUGH": null, "NB_SPACES": "5", "DAYS_OP": "Mon - Sun", "TIMES_OP": null, "STATION_NEARBY": null, "STATION_NAME": null, "RANK_TYPE": null, "ATCOCODE": null, "RANK_REFERENCE": "TR4595", "LOCATION_DETAILS": null, "AREA_CODE": "H&F", "TAXI_STATUS": "A", "START_DATE": null, "RANK_NAME": "Shortlands (Novotel London West), Hammersmith, W6", "FEATURE_TYPE_CODE": "TTTA", "FEATURE_TYPE_NAME": "TfL Apt - Taxi Rank", "ACCESSIBLE": null, "NIGHT_TUBE": null, "HIGHWAY_AUTHORITY": "H&F", "SECTOR_CODE": "All London", "RANK_LENGTH": null, "TAXI_SHELTER_PRESENT": null, "TAXI_STOP_PRESENT": null, "DATASET_LAST_UPDATED": 1788150607000, "_matched": false}}, {"type": "Feature", "id": 141406, "geometry": {"type": "Point", "coordinates": [-0.204783243335503, 51.47015995698]}, "properties": {"OBJECTID": 141406, "LOCATION": "Hurlingham Road", "BOROUGH": null, "NB_SPACES": "12", "DAYS_OP": "Only in operation during events", "TIMES_OP": null, "STATION_NEARBY": null, "STATION_NAME": null, "RANK_TYPE": null, "ATCOCODE": null, "RANK_REFERENCE": "TR5882", "LOCATION_DETAILS": null, "AREA_CODE": "H&F", "TAXI_STATUS": "A", "START_DATE": null, "RANK_NAME": "Hurlingham Road (Hurlingham Park), Sw6", "FEATURE_TYPE_CODE": "TTTE", "FEATURE_TYPE_NAME": "TfL Apt - Temporary Rank", "ACCESSIBLE": null, "NIGHT_TUBE": null, "HIGHWAY_AUTHORITY": "H&F", "SECTOR_CODE": "All London", "RANK_LENGTH": null, "TAXI_SHELTER_PRESENT": null, "TAXI_STOP_PRESENT": null, "DATASET_LAST_UPDATED": 1788150607000, "_matched": false}}, {"type": "Feature", "id": 141407, "geometry": {"type": "Point", "coordinates": [-0.0174584293109165, 51.5030408524397]}, "properties": {"OBJECTID": 141407, "LOCATION": "Upper Bank Street, Canary Wharf", "BOROUGH": null, "NB_SPACES": "2", "DAYS_OP": "Mon - Sun", "TIMES_OP": null, "STATION_NEARBY": null, "STATION_NAME": "Canary Wharf Station", "RANK_TYPE": null, "ATCOCODE": null, "RANK_REFERENCE": "TR5961", "LOCATION_DETAILS": null, "AREA_CODE": "TH", "TAXI_STATUS": "A", "START_DATE": null, "RANK_NAME": "Upper Bank Street (Clifford Chance), Canary Wharf.", "FEATURE_TYPE_CODE": "TPTA", "FEATURE_TYPE_NAME": "Private - Taxi Rank", "ACCESSIBLE": null, "NIGHT_TUBE": null, "HIGHWAY_AUTHORITY": "Private", "SECTOR_CODE": "All London", "RANK_LENGTH": null, "TAXI_SHELTER_PRESENT": null, "TAXI_STOP_PRESENT": null, "DATASET_LAST_UPDATED": 1788150607000, "_matched": true}}, {"type": "Feature", "id": 141408, "geometry": {"type": "Point", "coordinates": [-0.0216001232574755, 51.5055567999492]}, "properties": {"OBJECTID": 141408, "LOCATION": "North Colonnade, Canary Wharf", "BOROUGH": null, "NB_SPACES": "5", "DAYS_OP": "Mon - Sun", "TIMES_OP": null, "STATION_NEARBY": null, "STATION_NAME": "Canary Wharf Station", "RANK_TYPE": null, "ATCOCODE": null, "RANK_REFERENCE": "TR5956", "LOCATION_DETAILS": null, "AREA_CODE": "TH", "TAXI_STATUS": "A", "START_DATE": null, "RANK_NAME": "5 North Colonnade, Canary Wharf.", "FEATURE_TYPE_CODE": "TPTA", "FEATURE_TYPE_NAME": "Private - Taxi Rank", "ACCESSIBLE": null, "NIGHT_TUBE": null, "HIGHWAY_AUTHORITY": "Private", "SECTOR_CODE": "All London", "RANK_LENGTH": null, "TAXI_SHELTER_PRESENT": null, "TAXI_STOP_PRESENT": null, "DATASET_LAST_UPDATED": 1788150607000, "_matched": false}}, {"type": "Feature", "id": 141409, "geometry": {"type": "Point", "coordinates": [-0.307446277473527, 51.3918159924626]}, "properties": {"OBJECTID": 141409, "LOCATION": "Victoria Road", "BOROUGH": null, "NB_SPACES": "1", "DAYS_OP": "Mon - Sun", "TIMES_OP": null, "STATION_NEARBY": null, "STATION_NAME": null, "RANK_TYPE": null, "ATCOCODE": null, "RANK_REFERENCE": "TR5221", "LOCATION_DETAILS": null, "AREA_CODE": "KIN", "TAXI_STATUS": "A", "START_DATE": null, "RANK_NAME": "Victoria Road (Sainsbury's), Surbiton, Kt6", "FEATURE_TYPE_CODE": "TTTA", "FEATURE_TYPE_NAME": "TfL Apt - Taxi Rank", "ACCESSIBLE": null, "NIGHT_TUBE": null, "HIGHWAY_AUTHORITY": "KIN", "SECTOR_CODE": "Sector 7", "RANK_LENGTH": null, "TAXI_SHELTER_PRESENT": null, "TAXI_STOP_PRESENT": null, "DATASET_LAST_UPDATED": 1788150607000, "_matched": false}}, {"type": "Feature", "id": 141410, "geometry": {"type": "Point", "coordinates": [-0.0751710821251857, 51.5234442585026]}, "properties": {"OBJECTID": 141410, "LOCATION": "Braithwaite Street", "BOROUGH": null, "NB_SPACES": "2", "DAYS_OP": "Mon - Sun", "TIMES_OP": null, "STATION_NEARBY": null, "STATION_NAME": "Shoreditch High Street", "RANK_TYPE": null, "ATCOCODE": null, "RANK_REFERENCE": "TR6161", "LOCATION_DETAILS": null, "AREA_CODE": "TH", "TAXI_STATUS": "A", "START_DATE": null, "RANK_NAME": "Shoreditch High Street Station", "FEATURE_TYPE_CODE": "TTTA", "FEATURE_TYPE_NAME": "TfL Apt - Taxi Rank", "ACCESSIBLE": null, "NIGHT_TUBE": null, "HIGHWAY_AUTHORITY": "TH", "SECTOR_CODE": "All London", "RANK_LENGTH": null, "TAXI_SHELTER_PRESENT": null, "TAXI_STOP_PRESENT": null, "DATASET_LAST_UPDATED": 1788150607000, "_matched": false}}, {"type": "Feature", "id": 141411, "geometry": {"type": "Point", "coordinates": [-0.0240647409707438, 51.5055443957095]}, "properties": {"OBJECTID": 141411, "LOCATION": "South Colonnade, Canary Wharf", "BOROUGH": null, "NB_SPACES": "4", "DAYS_OP": "Mon - Sun", "TIMES_OP": null, "STATION_NEARBY": null, "STATION_NAME": "Canary Wharf", "RANK_TYPE": null, "ATCOCODE": null, "RANK_REFERENCE": "TR5952", "LOCATION_DETAILS": null, "AREA_CODE": "TH", "TAXI_STATUS": "A", "START_DATE": null, "RANK_NAME": "10 South Colonnade, Canary Wharf.", "FEATURE_TYPE_CODE": "TPTA", "FEATURE_TYPE_NAME": "Private - Taxi Rank", "ACCESSIBLE": null, "NIGHT_TUBE": null, "HIGHWAY_AUTHORITY": "Private", "SECTOR_CODE": "All London", "RANK_LENGTH": null, "TAXI_SHELTER_PRESENT": null, "TAXI_STOP_PRESENT": null, "DATASET_LAST_UPDATED": 1788150607000, "_matched": false}}, {"type": "Feature", "id": 141412, "geometry": {"type": "Point", "coordinates": [0.00114581762501326, 51.4705219621742]}, "properties": {"OBJECTID": 141412, "LOCATION": "Goffers Road", "BOROUGH": null, "NB_SPACES": "7", "DAYS_OP": "Event time only", "TIMES_OP": null, "STATION_NEARBY": null, "STATION_NAME": null, "RANK_TYPE": null, "ATCOCODE": null, "RANK_REFERENCE": "TR5810", "LOCATION_DETAILS": null, "AREA_CODE": "LEW", "TAXI_STATUS": "A", "START_DATE": null, "RANK_NAME": "Goffers Road, Se3", "FEATURE_TYPE_CODE": "TTTE", "FEATURE_TYPE_NAME": "TfL Apt - Temporary Rank", "ACCESSIBLE": null, "NIGHT_TUBE": null, "HIGHWAY_AUTHORITY": "LEW", "SECTOR_CODE": "Sector 3", "RANK_LENGTH": null, "TAXI_SHELTER_PRESENT": null, "TAXI_STOP_PRESENT": null, "DATASET_LAST_UPDATED": 1788150607000, "_matched": false}}, {"type": "Feature", "id": 141413, "geometry": {"type": "Point", "coordinates": [-0.0230342209301343, 51.5057158739526]}, "properties": {"OBJECTID": 141413, "LOCATION": "Cabot Square, Canary Wharf", "BOROUGH": null, "NB_SPACES": "4", "DAYS_OP": "Mon - Sun", "TIMES_OP": null, "STATION_NEARBY": null, "STATION_NAME": null, "RANK_TYPE": null, "ATCOCODE": null, "RANK_REFERENCE": "TR5950", "LOCATION_DETAILS": null, "AREA_CODE": "TH", "TAXI_STATUS": "A", "START_DATE": null, "RANK_NAME": "1 Cabot Sqaure (Credit Suisse), Canary Wharf.\r\n", "FEATURE_TYPE_CODE": "TPTA", "FEATURE_TYPE_NAME": "Private - Taxi Rank", "ACCESSIBLE": null, "NIGHT_TUBE": null, "HIGHWAY_AUTHORITY": "TH", "SECTOR_CODE": "All London", "RANK_LENGTH": null, "TAXI_SHELTER_PRESENT": null, "TAXI_STOP_PRESENT": null, "DATASET_LAST_UPDATED": 1788150607000, "_matched": false}}, {"type": "Feature", "id": 141414, "geometry": {"type": "Point", "coordinates": [-0.0998057068173385, 51.519664395456]}, "properties": {"OBJECTID": 141414, "LOCATION": "Lindsey Street", "BOROUGH": null, "NB_SPACES": "3", "DAYS_OP": "Mon - Sun", "TIMES_OP": null, "STATION_NEARBY": null, "STATION_NAME": "Farringdon Station East Entrance", "RANK_TYPE": null, "ATCOCODE": null, "RANK_REFERENCE": "TR6186", "LOCATION_DETAILS": null, "AREA_CODE": "CTY", "TAXI_STATUS": "A", "START_DATE": null, "RANK_NAME": "Farringdon Station East", "FEATURE_TYPE_CODE": "TCTA", "FEATURE_TYPE_NAME": "COL - Taxi Rank", "ACCESSIBLE": null, "NIGHT_TUBE": null, "HIGHWAY_AUTHORITY": "CTY", "SECTOR_CODE": "All London", "RANK_LENGTH": null, "TAXI_SHELTER_PRESENT": null, "TAXI_STOP_PRESENT": null, "DATASET_LAST_UPDATED": 1788150607000, "_matched": false}}, {"type": "Feature", "id": 141415, "geometry": {"type": "Point", "coordinates": [-0.183252626600104, 51.380702859426]}, "properties": {"OBJECTID": 141415, "LOCATION": "Wrythe Lane", "BOROUGH": null, "NB_SPACES": "3", "DAYS_OP": "Mon - Sun", "TIMES_OP": null, "STATION_NEARBY": null, "STATION_NAME": null, "RANK_TYPE": null, "ATCOCODE": null, "RANK_REFERENCE": "TR5056", "LOCATION_DETAILS": null, "AREA_CODE": "SUT", "TAXI_STATUS": "A", "START_DATE": null, "RANK_NAME": "Wrythe Lane (St. Helier Hospital) Carshalton, Sm5", "FEATURE_TYPE_CODE": "TTTA", "FEATURE_TYPE_NAME": "TfL Apt - Taxi Rank", "ACCESSIBLE": null, "NIGHT_TUBE": null, "HIGHWAY_AUTHORITY": "SUT", "SECTOR_CODE": "Sector 6", "RANK_LENGTH": null, "TAXI_SHELTER_PRESENT": null, "TAXI_STOP_PRESENT": null, "DATASET_LAST_UPDATED": 1788150607000, "_matched": false}}, {"type": "Feature", "id": 141416, "geometry": {"type": "Point", "coordinates": [-0.110061113926669, 51.5181035226691]}, "properties": {"OBJECTID": 141416, "LOCATION": "Holborn", "BOROUGH": null, "NB_SPACES": "2", "DAYS_OP": "Mon - Sun", "TIMES_OP": null, "STATION_NEARBY": null, "STATION_NAME": "Chancery Lane Station", "RANK_TYPE": null, "ATCOCODE": null, "RANK_REFERENCE": "TR5620", "LOCATION_DETAILS": null, "AREA_CODE": "CDN", "TAXI_STATUS": "A", "START_DATE": null, "RANK_NAME": "Holborn (Waterhouse Court), Ec1", "FEATURE_TYPE_CODE": "TTTA", "FEATURE_TYPE_NAME": "TfL Apt - Taxi Rank", "ACCESSIBLE": null, "NIGHT_TUBE": null, "HIGHWAY_AUTHORITY": "CDN", "SECTOR_CODE": "All London", "RANK_LENGTH": null, "TAXI_SHELTER_PRESENT": null, "TAXI_STOP_PRESENT": "PCO5620", "DATASET_LAST_UPDATED": 1788150607000, "_matched": false}}, {"type": "Feature", "id": 141417, "geometry": {"type": "Point", "coordinates": [-0.130871646127588, 51.5083114236337]}, "properties": {"OBJECTID": 141417, "LOCATION": "Suffolk Place", "BOROUGH": null, "NB_SPACES": "2", "DAYS_OP": "Mon - Sun", "TIMES_OP": null, "STATION_NEARBY": null, "STATION_NAME": null, "RANK_TYPE": null, "ATCOCODE": null, "RANK_REFERENCE": "TR5596", "LOCATION_DETAILS": null, "AREA_CODE": "WES", "TAXI_STATUS": "A", "START_DATE": null, "RANK_NAME": "Suffolk Place, Sw1", "FEATURE_TYPE_CODE": "TTTA", "FEATURE_TYPE_NAME": "TfL Apt - Taxi Rank", "ACCESSIBLE": null, "NIGHT_TUBE": null, "HIGHWAY_AUTHORITY": "WES", "SECTOR_CODE": "All London", "RANK_LENGTH": null, "TAXI_SHELTER_PRESENT": null, "TAXI_STOP_PRESENT": null, "DATASET_LAST_UPDATED": 1788150607000, "_matched": false}}, {"type": "Feature", "id": 141418, "geometry": {"type": "Point", "coordinates": [-0.0990572695817646, 51.5054440302577]}, "properties": {"OBJECTID": 141418, "LOCATION": "Southwark Street", "BOROUGH": null, "NB_SPACES": "1", "DAYS_OP": "Mon - Sun", "TIMES_OP": null, "STATION_NEARBY": null, "STATION_NAME": null, "RANK_TYPE": null, "ATCOCODE": null, "RANK_REFERENCE": "TR6031", "LOCATION_DETAILS": null, "AREA_CODE": "SWK", "TAXI_STATUS": "A", "START_DATE": null, "RANK_NAME": "Southwark Street (Mercure Hotel), Se1.", "FEATURE_TYPE_CODE": "TTTA", "FEATURE_TYPE_NAME": "TfL Apt - Taxi Rank", "ACCESSIBLE": null, "NIGHT_TUBE": null, "HIGHWAY_AUTHORITY": "TFL", "SECTOR_CODE": "All London", "RANK_LENGTH": null, "TAXI_SHELTER_PRESENT": null, "TAXI_STOP_PRESENT": null, "DATASET_LAST_UPDATED": 1788150607000, "_matched": false}}, {"type": "Feature", "id": 141419, "geometry": {"type": "Point", "coordinates": [-0.154147326567566, 51.509669227857]}, "properties": {"OBJECTID": 141419, "LOCATION": "Park Street", "BOROUGH": null, "NB_SPACES": "9", "DAYS_OP": "Mon - Sun", "TIMES_OP": null, "STATION_NEARBY": null, "STATION_NAME": null, "RANK_TYPE": null, "ATCOCODE": null, "RANK_REFERENCE": "TR5151", "LOCATION_DETAILS": null, "AREA_CODE": "WES", "TAXI_STATUS": "A", "START_DATE": null, "RANK_NAME": "Park Street (Grosvenor House Hotel Main Entrance), W1", "FEATURE_TYPE_CODE": "TTTA", "FEATURE_TYPE_NAME": "TfL Apt - Taxi Rank", "ACCESSIBLE": null, "NIGHT_TUBE": null, "HIGHWAY_AUTHORITY": "WES", "SECTOR_CODE": "All London", "RANK_LENGTH": null, "TAXI_SHELTER_PRESENT": null, "TAXI_STOP_PRESENT": null, "DATASET_LAST_UPDATED": 1788150607000, "_matched": false}}, {"type": "Feature", "id": 141420, "geometry": {"type": "Point", "coordinates": [-0.175045757251397, 51.5124871794159]}, "properties": {"OBJECTID": 141420, "LOCATION": "Westbourne Street", "BOROUGH": null, "NB_SPACES": "7", "DAYS_OP": "Mon - Sun", "TIMES_OP": null, "STATION_NEARBY": null, "STATION_NAME": null, "RANK_TYPE": null, "ATCOCODE": null, "RANK_REFERENCE": "TR4479", "LOCATION_DETAILS": null, "AREA_CODE": "WES", "TAXI_STATUS": "A", "START_DATE": null, "RANK_NAME": "Westbourne Street (Royal Lancaster), W2", "FEATURE_TYPE_CODE": "TTTA", "FEATURE_TYPE_NAME": "TfL Apt - Taxi Rank", "ACCESSIBLE": null, "NIGHT_TUBE": null, "HIGHWAY_AUTHORITY": "WES", "SECTOR_CODE": "All London", "RANK_LENGTH": null, "TAXI_SHELTER_PRESENT": null, "TAXI_STOP_PRESENT": null, "DATASET_LAST_UPDATED": 1788150607000, "_matched": true}}, {"type": "Feature", "id": 141421, "geometry": {"type": "Point", "coordinates": [-0.4214830828843, 51.5716610156868]}, "properties": {"OBJECTID": 141421, "LOCATION": "Station Approach", "BOROUGH": null, "NB_SPACES": "2", "DAYS_OP": "Mon - Sun", "TIMES_OP": null, "STATION_NEARBY": null, "STATION_NAME": "Ruislip Station", "RANK_TYPE": null, "ATCOCODE": null, "RANK_REFERENCE": "TR5945", "LOCATION_DETAILS": null, "AREA_CODE": "HIL", "TAXI_STATUS": "A", "START_DATE": null, "RANK_NAME": "Station Approach (Ruislip Station), Ha4", "FEATURE_TYPE_CODE": "TTTA", "FEATURE_TYPE_NAME": "TfL Apt - Taxi Rank", "ACCESSIBLE": null, "NIGHT_TUBE": null, "HIGHWAY_AUTHORITY": "HIL", "SECTOR_CODE": "Sector 8", "RANK_LENGTH": null, "TAXI_SHELTER_PRESENT": null, "TAXI_STOP_PRESENT": null, "DATASET_LAST_UPDATED": 1788150607000, "_matched": false}}, {"type": "Feature", "id": 141423, "geometry": {"type": "Point", "coordinates": [-0.151229132345686, 51.5062870466246]}, "properties": {"OBJECTID": 141423, "LOCATION": "Curzon Street", "BOROUGH": null, "NB_SPACES": "2", "DAYS_OP": "Mon - Sun", "TIMES_OP": null, "STATION_NEARBY": null, "STATION_NAME": null, "RANK_TYPE": null, "ATCOCODE": null, "RANK_REFERENCE": "TR5864", "LOCATION_DETAILS": null, "AREA_CODE": "WES", "TAXI_STATUS": "A", "START_DATE": null, "RANK_NAME": "Curzon Street (Curzon Place) W1", "FEATURE_TYPE_CODE": "TTTA", "FEATURE_TYPE_NAME": "TfL Apt - Taxi Rank", "ACCESSIBLE": null, "NIGHT_TUBE": null, "HIGHWAY_AUTHORITY": "WES", "SECTOR_CODE": "All London", "RANK_LENGTH": null, "TAXI_SHELTER_PRESENT": null, "TAXI_STOP_PRESENT": null, "DATASET_LAST_UPDATED": 1788150607000, "_matched": false}}, {"type": "Feature", "id": 141424, "geometry": {"type": "Point", "coordinates": [-0.167666306809583, 51.4276894192475]}, "properties": {"OBJECTID": 141424, "LOCATION": "Mitcham Road - A217", "BOROUGH": null, "NB_SPACES": "2", "DAYS_OP": "Mon - Sun", "TIMES_OP": null, "STATION_NEARBY": null, "STATION_NAME": "Tooting Broadway Station", "RANK_TYPE": null, "ATCOCODE": null, "RANK_REFERENCE": "TR5006", "LOCATION_DETAILS": null, "AREA_CODE": "WAN", "TAXI_STATUS": "A", "START_DATE": null, "RANK_NAME": "Mitcham Road (Tooting Broadway Station), Sw17", "FEATURE_TYPE_CODE": "TTTA", "FEATURE_TYPE_NAME": "TfL Apt - Taxi Rank", "ACCESSIBLE": null, "NIGHT_TUBE": null, "HIGHWAY_AUTHORITY": "TFL", "SECTOR_CODE": "Island", "RANK_LENGTH": null, "TAXI_SHELTER_PRESENT": null, "TAXI_STOP_PRESENT": "PCO5006", "DATASET_LAST_UPDATED": 1788150607000, "_matched": false}}, {"type": "Feature", "id": 141425, "geometry": {"type": "Point", "coordinates": [0.0701270498793252, 51.5594406635493]}, "properties": {"OBJECTID": 141425, "LOCATION": "Cranbrook Road", "BOROUGH": null, "NB_SPACES": "1", "DAYS_OP": "Mon - Sun", "TIMES_OP": null, "STATION_NEARBY": null, "STATION_NAME": "Ilford Station", "RANK_TYPE": null, "ATCOCODE": null, "RANK_REFERENCE": "TR6234", "LOCATION_DETAILS": null, "AREA_CODE": "RED", "TAXI_STATUS": "A", "START_DATE": null, "RANK_NAME": "Ilford Station", "FEATURE_TYPE_CODE": "TTTA", "FEATURE_TYPE_NAME": "TfL Apt - Taxi Rank", "ACCESSIBLE": null, "NIGHT_TUBE": null, "HIGHWAY_AUTHORITY": "TFL", "SECTOR_CODE": "Sector 2", "RANK_LENGTH": null, "TAXI_SHELTER_PRESENT": null, "TAXI_STOP_PRESENT": null, "DATASET_LAST_UPDATED": 1788150607000, "_matched": true}}, {"type": "Feature", "id": 141427, "geometry": {"type": "Point", "coordinates": [-0.156189250743778, 51.5022825345736]}, "properties": {"OBJECTID": 141427, "LOCATION": "Knightsbridge", "BOROUGH": null, "NB_SPACES": "2", "DAYS_OP": "7 days", "TIMES_OP": null, "STATION_NEARBY": null, "STATION_NAME": null, "RANK_TYPE": null, "ATCOCODE": null, "RANK_REFERENCE": "TR6217", "LOCATION_DETAILS": null, "AREA_CODE": "WES", "TAXI_STATUS": "A", "START_DATE": null, "RANK_NAME": "Emory Hotel", "FEATURE_TYPE_CODE": "TTTA", "FEATURE_TYPE_NAME": "TfL Apt - Taxi Rank", "ACCESSIBLE": null, "NIGHT_TUBE": null, "HIGHWAY_AUTHORITY": "TFL", "SECTOR_CODE": "All London", "RANK_LENGTH": null, "TAXI_SHELTER_PRESENT": null, "TAXI_STOP_PRESENT": null, "DATASET_LAST_UPDATED": 1788150607000, "_matched": false}}, {"type": "Feature", "id": 141428, "geometry": {"type": "Point", "coordinates": [-0.0819243429085386, 51.5267112741706]}, "properties": {"OBJECTID": 141428, "LOCATION": "Old Street", "BOROUGH": null, "NB_SPACES": "2", "DAYS_OP": "Mon - Sun", "TIMES_OP": null, "STATION_NEARBY": null, "STATION_NAME": null, "RANK_TYPE": null, "ATCOCODE": null, "RANK_REFERENCE": "TR6106", "LOCATION_DETAILS": null, "AREA_CODE": "HAC", "TAXI_STATUS": "A", "START_DATE": null, "RANK_NAME": "Old St - Be At One Bar", "FEATURE_TYPE_CODE": "TTTA", "FEATURE_TYPE_NAME": "TfL Apt - Taxi Rank", "ACCESSIBLE": null, "NIGHT_TUBE": null, "HIGHWAY_AUTHORITY": "TFL", "SECTOR_CODE": "All London", "RANK_LENGTH": null, "TAXI_SHELTER_PRESENT": null, "TAXI_STOP_PRESENT": null, "DATASET_LAST_UPDATED": 1788150607000, "_matched": false}}, {"type": "Feature", "id": 141429, "geometry": {"type": "Point", "coordinates": [-0.174971804587276, 51.4941413669755]}, "properties": {"OBJECTID": 141429, "LOCATION": "Harrington Road", "BOROUGH": null, "NB_SPACES": "11", "DAYS_OP": "Mon - Sun", "TIMES_OP": null, "STATION_NEARBY": null, "STATION_NAME": "South Kensington Station", "RANK_TYPE": null, "ATCOCODE": null, "RANK_REFERENCE": "TR5666", "LOCATION_DETAILS": null, "AREA_CODE": "K&C", "TAXI_STATUS": "A", "START_DATE": null, "RANK_NAME": "Harrington Road (South Kensington Station) Sw7", "FEATURE_TYPE_CODE": "TTTA", "FEATURE_TYPE_NAME": "TfL Apt - Taxi Rank", "ACCESSIBLE": null, "NIGHT_TUBE": null, "HIGHWAY_AUTHORITY": "K&C", "SECTOR_CODE": "All London", "RANK_LENGTH": null, "TAXI_SHELTER_PRESENT": null, "TAXI_STOP_PRESENT": null, "DATASET_LAST_UPDATED": 1788150607000, "_matched": true}}, {"type": "Feature", "id": 141430, "geometry": {"type": "Point", "coordinates": [-0.150951321117472, 51.5127932368809]}, "properties": {"OBJECTID": 141430, "LOCATION": "George Yard", "BOROUGH": null, "NB_SPACES": "5", "DAYS_OP": "Mon - Sun", "TIMES_OP": null, "STATION_NEARBY": null, "STATION_NAME": null, "RANK_TYPE": null, "ATCOCODE": null, "RANK_REFERENCE": "TR5607", "LOCATION_DETAILS": null, "AREA_CODE": "WES", "TAXI_STATUS": "A", "START_DATE": null, "RANK_NAME": "George Yard (Marriott Hotel), W1", "FEATURE_TYPE_CODE": "TTTA", "FEATURE_TYPE_NAME": "TfL Apt - Taxi Rank", "ACCESSIBLE": null, "NIGHT_TUBE": null, "HIGHWAY_AUTHORITY": "WES", "SECTOR_CODE": "All London", "RANK_LENGTH": null, "TAXI_SHELTER_PRESENT": null, "TAXI_STOP_PRESENT": null, "DATASET_LAST_UPDATED": 1788150607000, "_matched": false}}, {"type": "Feature", "id": 141431, "geometry": {"type": "Point", "coordinates": [-0.160116913750725, 51.4913373893831]}, "properties": {"OBJECTID": 141431, "LOCATION": "King's Road", "BOROUGH": null, "NB_SPACES": "3", "DAYS_OP": "Mon - Sun", "TIMES_OP": null, "STATION_NEARBY": null, "STATION_NAME": null, "RANK_TYPE": null, "ATCOCODE": null, "RANK_REFERENCE": "TR5465", "LOCATION_DETAILS": null, "AREA_CODE": "K&C", "TAXI_STATUS": "A", "START_DATE": null, "RANK_NAME": "Kings Road (Duke Of York's Square), Sw3", "FEATURE_TYPE_CODE": "TTTA", "FEATURE_TYPE_NAME": "TfL Apt - Taxi Rank", "ACCESSIBLE": null, "NIGHT_TUBE": null, "HIGHWAY_AUTHORITY": "K&C", "SECTOR_CODE": "All London", "RANK_LENGTH": null, "TAXI_SHELTER_PRESENT": null, "TAXI_STOP_PRESENT": null, "DATASET_LAST_UPDATED": 1788150607000, "_matched": false}}, {"type": "Feature", "id": 141432, "geometry": {"type": "Point", "coordinates": [-0.119174355267066, 51.5117124431196]}, "properties": {"OBJECTID": 141432, "LOCATION": "Aldwych", "BOROUGH": null, "NB_SPACES": "2", "DAYS_OP": "Mon - Sun", "TIMES_OP": null, "STATION_NEARBY": null, "STATION_NAME": null, "RANK_TYPE": null, "ATCOCODE": null, "RANK_REFERENCE": "TR5331", "LOCATION_DETAILS": null, "AREA_CODE": "WES", "TAXI_STATUS": "A", "START_DATE": null, "RANK_NAME": "Aldwych (One Aldwych Hotel), Wc2", "FEATURE_TYPE_CODE": "TTTA", "FEATURE_TYPE_NAME": "TfL Apt - Taxi Rank", "ACCESSIBLE": null, "NIGHT_TUBE": null, "HIGHWAY_AUTHORITY": "WES", "SECTOR_CODE": "All London", "RANK_LENGTH": null, "TAXI_SHELTER_PRESENT": null, "TAXI_STOP_PRESENT": null, "DATASET_LAST_UPDATED": 1788150600000, "_matched": false}}, {"type": "Feature", "id": 141433, "geometry": {"type": "Point", "coordinates": [-0.105163744672479, 51.5051741545847]}, "properties": {"OBJECTID": 141433, "LOCATION": "Meymott Street", "BOROUGH": null, "NB_SPACES": "1", "DAYS_OP": "Mon - Sun", "TIMES_OP": null, "STATION_NEARBY": null, "STATION_NAME": null, "RANK_TYPE": null, "ATCOCODE": null, "RANK_REFERENCE": "TR5865", "LOCATION_DETAILS": null, "AREA_CODE": "SWK", "TAXI_STATUS": "A", "START_DATE": null, "RANK_NAME": "Meymott Street (Novotel Hotel), Se1", "FEATURE_TYPE_CODE": "TTTA", "FEATURE_TYPE_NAME": "TfL Apt - Taxi Rank", "ACCESSIBLE": null, "NIGHT_TUBE": null, "HIGHWAY_AUTHORITY": "SWK", "SECTOR_CODE": "All London", "RANK_LENGTH": null, "TAXI_SHELTER_PRESENT": null, "TAXI_STOP_PRESENT": null, "DATASET_LAST_UPDATED": 1788150607000, "_matched": false}}, {"type": "Feature", "id": 141434, "geometry": {"type": "Point", "coordinates": [-0.185213696706126, 51.5112061519088]}, "properties": {"OBJECTID": 141434, "LOCATION": "Queensborough Terrace", "BOROUGH": null, "NB_SPACES": "3", "DAYS_OP": "Mon - Sun", "TIMES_OP": null, "STATION_NEARBY": null, "STATION_NAME": null, "RANK_TYPE": null, "ATCOCODE": null, "RANK_REFERENCE": "TR4529", "LOCATION_DETAILS": null, "AREA_CODE": "WES", "TAXI_STATUS": "A", "START_DATE": null, "RANK_NAME": "Queensborough Terrace, Bayswater (Central Park Hotel ), W2", "FEATURE_TYPE_CODE": "TTTA", "FEATURE_TYPE_NAME": "TfL Apt - Taxi Rank", "ACCESSIBLE": null, "NIGHT_TUBE": null, "HIGHWAY_AUTHORITY": "WES", "SECTOR_CODE": "All London", "RANK_LENGTH": null, "TAXI_SHELTER_PRESENT": null, "TAXI_STOP_PRESENT": null, "DATASET_LAST_UPDATED": 1788150607000, "_matched": false}}, {"type": "Feature", "id": 141435, "geometry": {"type": "Point", "coordinates": [-0.131857638005195, 51.5271844271829]}, "properties": {"OBJECTID": 141435, "LOCATION": "Euston Station Colonnade", "BOROUGH": null, "NB_SPACES": "40", "DAYS_OP": "Mon - Sun", "TIMES_OP": null, "STATION_NEARBY": null, "STATION_NAME": "Euston Station", "RANK_TYPE": null, "ATCOCODE": null, "RANK_REFERENCE": "TR5894", "LOCATION_DETAILS": null, "AREA_CODE": "CDN", "TAXI_STATUS": "A", "START_DATE": null, "RANK_NAME": "Euston Station", "FEATURE_TYPE_CODE": "TPTA", "FEATURE_TYPE_NAME": "Private - Taxi Rank", "ACCESSIBLE": null, "NIGHT_TUBE": null, "HIGHWAY_AUTHORITY": "Private", "SECTOR_CODE": "All London", "RANK_LENGTH": null, "TAXI_SHELTER_PRESENT": null, "TAXI_STOP_PRESENT": null, "DATASET_LAST_UPDATED": 1788150607000, "_matched": false}}, {"type": "Feature", "id": 141436, "geometry": {"type": "Point", "coordinates": [-0.146470977821713, 51.5141703112432]}, "properties": {"OBJECTID": 141436, "LOCATION": "New Bond Street", "BOROUGH": null, "NB_SPACES": "3", "DAYS_OP": "Mon - Sun", "TIMES_OP": null, "STATION_NEARBY": null, "STATION_NAME": null, "RANK_TYPE": null, "ATCOCODE": null, "RANK_REFERENCE": "TR6151", "LOCATION_DETAILS": null, "AREA_CODE": "WES", "TAXI_STATUS": "A", "START_DATE": null, "RANK_NAME": "New Bond St - Oxford St", "FEATURE_TYPE_CODE": "TTTA", "FEATURE_TYPE_NAME": "TfL Apt - Taxi Rank", "ACCESSIBLE": null, "NIGHT_TUBE": null, "HIGHWAY_AUTHORITY": "WES", "SECTOR_CODE": "All London", "RANK_LENGTH": null, "TAXI_SHELTER_PRESENT": null, "TAXI_STOP_PRESENT": null, "DATASET_LAST_UPDATED": 1788150607000, "_matched": false}}, {"type": "Feature", "id": 141437, "geometry": {"type": "Point", "coordinates": [-0.104950874602643, 51.5353047102193]}, "properties": {"OBJECTID": 141437, "LOCATION": "Berners Road", "BOROUGH": null, "NB_SPACES": "2", "DAYS_OP": "Mon - Sun", "TIMES_OP": null, "STATION_NEARBY": null, "STATION_NAME": null, "RANK_TYPE": null, "ATCOCODE": null, "RANK_REFERENCE": "TR5435", "LOCATION_DETAILS": null, "AREA_CODE": "ISL", "TAXI_STATUS": "A", "START_DATE": null, "RANK_NAME": "Berners Road (Business Design Centre), N1", "FEATURE_TYPE_CODE": "TTTA", "FEATURE_TYPE_NAME": "TfL Apt - Taxi Rank", "ACCESSIBLE": null, "NIGHT_TUBE": null, "HIGHWAY_AUTHORITY": "ISL", "SECTOR_CODE": "All London", "RANK_LENGTH": null, "TAXI_SHELTER_PRESENT": null, "TAXI_STOP_PRESENT": null, "DATASET_LAST_UPDATED": 1788150607000, "_matched": false}}, {"type": "Feature", "id": 141438, "geometry": {"type": "Point", "coordinates": [-0.330319926919615, 51.4496867061088]}, "properties": {"OBJECTID": 141438, "LOCATION": "London Road", "BOROUGH": null, "NB_SPACES": "7", "DAYS_OP": "Mon - Sun", "TIMES_OP": null, "STATION_NEARBY": null, "STATION_NAME": "Twickenham", "RANK_TYPE": null, "ATCOCODE": null, "RANK_REFERENCE": "TR6077", "LOCATION_DETAILS": null, "AREA_CODE": "RIC", "TAXI_STATUS": "A", "START_DATE": null, "RANK_NAME": "Twickenham Station, Tw1", "FEATURE_TYPE_CODE": "TTTA", "FEATURE_TYPE_NAME": "TfL Apt - Taxi Rank", "ACCESSIBLE": null, "NIGHT_TUBE": null, "HIGHWAY_AUTHORITY": "RIC", "SECTOR_CODE": "Sector 7", "RANK_LENGTH": null, "TAXI_SHELTER_PRESENT": null, "TAXI_STOP_PRESENT": null, "DATASET_LAST_UPDATED": 1788150607000, "_matched": false}}, {"type": "Feature", "id": 141439, "geometry": {"type": "Point", "coordinates": [-0.134641258593187, 51.518335143427]}, "properties": {"OBJECTID": 141439, "LOCATION": "Charlotte Street", "BOROUGH": null, "NB_SPACES": "2", "DAYS_OP": "Mon - Sun", "TIMES_OP": null, "STATION_NEARBY": null, "STATION_NAME": null, "RANK_TYPE": null, "ATCOCODE": null, "RANK_REFERENCE": "TR6043", "LOCATION_DETAILS": null, "AREA_CODE": "WES", "TAXI_STATUS": "A", "START_DATE": null, "RANK_NAME": "Charlotte Street Hotel", "FEATURE_TYPE_CODE": "TTTA", "FEATURE_TYPE_NAME": "TfL Apt - Taxi Rank", "ACCESSIBLE": null, "NIGHT_TUBE": null, "HIGHWAY_AUTHORITY": "WES", "SECTOR_CODE": "All London", "RANK_LENGTH": null, "TAXI_SHELTER_PRESENT": null, "TAXI_STOP_PRESENT": null, "DATASET_LAST_UPDATED": 1788150607000, "_matched": false}}, {"type": "Feature", "id": 141440, "geometry": {"type": "Point", "coordinates": [-0.120888503773515, 51.5306421923937]}, "properties": {"OBJECTID": 141440, "LOCATION": "King's Cross Bridge", "BOROUGH": null, "NB_SPACES": "2", "DAYS_OP": "Mon - Sun", "TIMES_OP": null, "STATION_NEARBY": null, "STATION_NAME": "Kings Cross Bridge Thameslink", "RANK_TYPE": null, "ATCOCODE": null, "RANK_REFERENCE": "TR5237", "LOCATION_DETAILS": null, "AREA_CODE": "CDN", "TAXI_STATUS": "A", "START_DATE": null, "RANK_NAME": "Kings Cross Bridge (Thameslink), Wc2", "FEATURE_TYPE_CODE": "TTTA", "FEATURE_TYPE_NAME": "TfL Apt - Taxi Rank", "ACCESSIBLE": null, "NIGHT_TUBE": null, "HIGHWAY_AUTHORITY": "CDN", "SECTOR_CODE": "All London", "RANK_LENGTH": null, "TAXI_SHELTER_PRESENT": null, "TAXI_STOP_PRESENT": null, "DATASET_LAST_UPDATED": 1788150607000, "_matched": false}}, {"type": "Feature", "id": 141441, "geometry": {"type": "Point", "coordinates": [-0.141218108191472, 51.5164612031543]}, "properties": {"OBJECTID": 141441, "LOCATION": "Great Portland Street", "BOROUGH": null, "NB_SPACES": "1", "DAYS_OP": "Mon - Sun", "TIMES_OP": null, "STATION_NEARBY": null, "STATION_NAME": null, "RANK_TYPE": null, "ATCOCODE": null, "RANK_REFERENCE": "TR4603", "LOCATION_DETAILS": null, "AREA_CODE": "WES", "TAXI_STATUS": "A", "START_DATE": null, "RANK_NAME": "Great Portland Street (Margaret Street), W1 (R0004)", "FEATURE_TYPE_CODE": "TTRE", "FEATURE_TYPE_NAME": "TfL Apt - Rest Rank", "ACCESSIBLE": null, "NIGHT_TUBE": null, "HIGHWAY_AUTHORITY": "WES", "SECTOR_CODE": "All London", "RANK_LENGTH": null, "TAXI_SHELTER_PRESENT": null, "TAXI_STOP_PRESENT": null, "DATASET_LAST_UPDATED": 1788150607000, "_matched": false}}, {"type": "Feature", "id": 141442, "geometry": {"type": "Point", "coordinates": [0.00849692644816284, 51.4667631878494]}, "properties": {"OBJECTID": 141442, "LOCATION": "Montpelier Vale", "BOROUGH": null, "NB_SPACES": "4", "DAYS_OP": "Mon - Sun", "TIMES_OP": null, "STATION_NEARBY": null, "STATION_NAME": null, "RANK_TYPE": null, "ATCOCODE": null, "RANK_REFERENCE": "TR6117", "LOCATION_DETAILS": null, "AREA_CODE": "LEW", "TAXI_STATUS": "A", "START_DATE": null, "RANK_NAME": "Mordens Wine Bar", "FEATURE_TYPE_CODE": "TTTA", "FEATURE_TYPE_NAME": "TfL Apt - Taxi Rank", "ACCESSIBLE": null, "NIGHT_TUBE": null, "HIGHWAY_AUTHORITY": "LEW", "SECTOR_CODE": "Sector 3", "RANK_LENGTH": null, "TAXI_SHELTER_PRESENT": null, "TAXI_STOP_PRESENT": null, "DATASET_LAST_UPDATED": 1788150607000, "_matched": false}}, {"type": "Feature", "id": 141443, "geometry": {"type": "Point", "coordinates": [-0.10722291752263, 51.5156387626402]}, "properties": {"OBJECTID": 141443, "LOCATION": "Little New Street", "BOROUGH": null, "NB_SPACES": "3", "DAYS_OP": "Mon - Sun", "TIMES_OP": null, "STATION_NEARBY": null, "STATION_NAME": null, "RANK_TYPE": null, "ATCOCODE": null, "RANK_REFERENCE": "TR5912", "LOCATION_DETAILS": null, "AREA_CODE": "CTY", "TAXI_STATUS": "A", "START_DATE": null, "RANK_NAME": "Little New Street (City Of London)", "FEATURE_TYPE_CODE": "TCTA", "FEATURE_TYPE_NAME": "COL - Taxi Rank", "ACCESSIBLE": null, "NIGHT_TUBE": null, "HIGHWAY_AUTHORITY": "CTY", "SECTOR_CODE": "All London", "RANK_LENGTH": null, "TAXI_SHELTER_PRESENT": null, "TAXI_STOP_PRESENT": null, "DATASET_LAST_UPDATED": 1788150607000, "_matched": false}}, {"type": "Feature", "id": 141444, "geometry": {"type": "Point", "coordinates": [-0.0704043127075889, 51.5158301561561]}, "properties": {"OBJECTID": 141444, "LOCATION": "Whitechapel High Street", "BOROUGH": null, "NB_SPACES": "3", "DAYS_OP": "Mon - Sun", "TIMES_OP": null, "STATION_NEARBY": null, "STATION_NAME": "Aldgate East Station", "RANK_TYPE": null, "ATCOCODE": null, "RANK_REFERENCE": "TR6164", "LOCATION_DETAILS": null, "AREA_CODE": "TH", "TAXI_STATUS": "A", "START_DATE": null, "RANK_NAME": "Aldgate Towers", "FEATURE_TYPE_CODE": "TTTA", "FEATURE_TYPE_NAME": "TfL Apt - Taxi Rank", "ACCESSIBLE": null, "NIGHT_TUBE": null, "HIGHWAY_AUTHORITY": "TFL", "SECTOR_CODE": "All London", "RANK_LENGTH": null, "TAXI_SHELTER_PRESENT": null, "TAXI_STOP_PRESENT": null, "DATASET_LAST_UPDATED": 1788150607000, "_matched": false}}, {"type": "Feature", "id": 141445, "geometry": {"type": "Point", "coordinates": [0.250490355732985, 51.5590240523861]}, "properties": {"OBJECTID": 141445, "LOCATION": "Station Road", "BOROUGH": null, "NB_SPACES": "9", "DAYS_OP": "Mon - Sun", "TIMES_OP": null, "STATION_NEARBY": null, "STATION_NAME": "Upminster Station", "RANK_TYPE": null, "ATCOCODE": null, "RANK_REFERENCE": "TR4865", "LOCATION_DETAILS": null, "AREA_CODE": "HAV", "TAXI_STATUS": "A", "START_DATE": null, "RANK_NAME": "Station Road/hall Lane (Upminster Station), Upminister, Rm14", "FEATURE_TYPE_CODE": "TTTA", "FEATURE_TYPE_NAME": "TfL Apt - Taxi Rank", "ACCESSIBLE": null, "NIGHT_TUBE": null, "HIGHWAY_AUTHORITY": "HAV", "SECTOR_CODE": "Sector 2", "RANK_LENGTH": null, "TAXI_SHELTER_PRESENT": null, "TAXI_STOP_PRESENT": null, "DATASET_LAST_UPDATED": 1788150607000, "_matched": true}}, {"type": "Feature", "id": 141446, "geometry": {"type": "Point", "coordinates": [-0.168268254435899, 51.4931825644328]}, "properties": {"OBJECTID": 141446, "LOCATION": "Sloane Avenue", "BOROUGH": null, "NB_SPACES": "3", "DAYS_OP": "Mon - Sun", "TIMES_OP": null, "STATION_NEARBY": null, "STATION_NAME": null, "RANK_TYPE": null, "ATCOCODE": null, "RANK_REFERENCE": "TR5322", "LOCATION_DETAILS": null, "AREA_CODE": "K&C", "TAXI_STATUS": "A", "START_DATE": null, "RANK_NAME": "Sloane Avenue (Conrans), Sw3", "FEATURE_TYPE_CODE": "TTTA", "FEATURE_TYPE_NAME": "TfL Apt - Taxi Rank", "ACCESSIBLE": null, "NIGHT_TUBE": null, "HIGHWAY_AUTHORITY": "K&C", "SECTOR_CODE": "All London", "RANK_LENGTH": null, "TAXI_SHELTER_PRESENT": null, "TAXI_STOP_PRESENT": null, "DATASET_LAST_UPDATED": 1788150607000, "_matched": false}}, {"type": "Feature", "id": 141447, "geometry": {"type": "Point", "coordinates": [-0.0891056394069554, 51.5197783224155]}, "properties": {"OBJECTID": 141447, "LOCATION": "Ropemaker Street", "BOROUGH": null, "NB_SPACES": "4", "DAYS_OP": "Mon - Sun", "TIMES_OP": null, "STATION_NEARBY": null, "STATION_NAME": null, "RANK_TYPE": null, "ATCOCODE": null, "RANK_REFERENCE": "TR5643", "LOCATION_DETAILS": null, "AREA_CODE": "ISL", "TAXI_STATUS": "A", "START_DATE": null, "RANK_NAME": "Ropemaker Street, Ec2", "FEATURE_TYPE_CODE": "TTTA", "FEATURE_TYPE_NAME": "TfL Apt - Taxi Rank", "ACCESSIBLE": null, "NIGHT_TUBE": null, "HIGHWAY_AUTHORITY": "ISL", "SECTOR_CODE": "All London", "RANK_LENGTH": null, "TAXI_SHELTER_PRESENT": null, "TAXI_STOP_PRESENT": null, "DATASET_LAST_UPDATED": 1788150607000, "_matched": false}}, {"type": "Feature", "id": 141448, "geometry": {"type": "Point", "coordinates": [-0.130894995025686, 51.5133745850249]}, "properties": {"OBJECTID": 141448, "LOCATION": "Old Compton Street", "BOROUGH": null, "NB_SPACES": "3", "DAYS_OP": "Mon - Sun", "TIMES_OP": null, "STATION_NEARBY": null, "STATION_NAME": null, "RANK_TYPE": null, "ATCOCODE": null, "RANK_REFERENCE": "TR5481", "LOCATION_DETAILS": null, "AREA_CODE": "WES", "TAXI_STATUS": "A", "START_DATE": null, "RANK_NAME": "Old Compton Street (Greek Street), W1", "FEATURE_TYPE_CODE": "TTTA", "FEATURE_TYPE_NAME": "TfL Apt - Taxi Rank", "ACCESSIBLE": null, "NIGHT_TUBE": null, "HIGHWAY_AUTHORITY": "WES", "SECTOR_CODE": "All London", "RANK_LENGTH": null, "TAXI_SHELTER_PRESENT": null, "TAXI_STOP_PRESENT": null, "DATASET_LAST_UPDATED": 1788150607000, "_matched": false}}, {"type": "Feature", "id": 141449, "geometry": {"type": "Point", "coordinates": [-0.178401183910621, 51.4923152553029]}, "properties": {"OBJECTID": 141449, "LOCATION": "Queen's Gate", "BOROUGH": null, "NB_SPACES": "3", "DAYS_OP": "Mon - Sun", "TIMES_OP": null, "STATION_NEARBY": null, "STATION_NAME": null, "RANK_TYPE": null, "ATCOCODE": null, "RANK_REFERENCE": "TR4034", "LOCATION_DETAILS": null, "AREA_CODE": "K&C", "TAXI_STATUS": "A", "START_DATE": null, "RANK_NAME": "Queen's Gate (Old Brompton Road), Sw7", "FEATURE_TYPE_CODE": "TTTA", "FEATURE_TYPE_NAME": "TfL Apt - Taxi Rank", "ACCESSIBLE": null, "NIGHT_TUBE": null, "HIGHWAY_AUTHORITY": "K&C", "SECTOR_CODE": "All London", "RANK_LENGTH": null, "TAXI_SHELTER_PRESENT": null, "TAXI_STOP_PRESENT": null, "DATASET_LAST_UPDATED": 1788150607000, "_matched": false}}, {"type": "Feature", "id": 141450, "geometry": {"type": "Point", "coordinates": [-0.101471632129327, 51.5170385717147]}, "properties": {"OBJECTID": 141450, "LOCATION": "Giltspur Street", "BOROUGH": null, "NB_SPACES": "4", "DAYS_OP": "Mon - Sun", "TIMES_OP": null, "STATION_NEARBY": null, "STATION_NAME": null, "RANK_TYPE": null, "ATCOCODE": null, "RANK_REFERENCE": "TR5906", "LOCATION_DETAILS": null, "AREA_CODE": "CTY", "TAXI_STATUS": "A", "START_DATE": null, "RANK_NAME": "Giltspur Street (City Of London)", "FEATURE_TYPE_CODE": "TCTA", "FEATURE_TYPE_NAME": "COL - Taxi Rank", "ACCESSIBLE": null, "NIGHT_TUBE": null, "HIGHWAY_AUTHORITY": "CTY", "SECTOR_CODE": "All London", "RANK_LENGTH": null, "TAXI_SHELTER_PRESENT": null, "TAXI_STOP_PRESENT": null, "DATASET_LAST_UPDATED": 1788150607000, "_matched": false}}, {"type": "Feature", "id": 141451, "geometry": {"type": "Point", "coordinates": [-0.105592041524302, 51.5080496990427]}, "properties": {"OBJECTID": 141451, "LOCATION": "Rennie Street", "BOROUGH": null, "NB_SPACES": "2", "DAYS_OP": "Mon - Sun", "TIMES_OP": null, "STATION_NEARBY": null, "STATION_NAME": null, "RANK_TYPE": null, "ATCOCODE": null, "RANK_REFERENCE": "TR6062", "LOCATION_DETAILS": null, "AREA_CODE": "SWK", "TAXI_STATUS": "A", "START_DATE": null, "RANK_NAME": "No.1 Blackfriars", "FEATURE_TYPE_CODE": "TTTA", "FEATURE_TYPE_NAME": "TfL Apt - Taxi Rank", "ACCESSIBLE": null, "NIGHT_TUBE": null, "HIGHWAY_AUTHORITY": "SWK", "SECTOR_CODE": "All London", "RANK_LENGTH": null, "TAXI_SHELTER_PRESENT": null, "TAXI_STOP_PRESENT": null, "DATASET_LAST_UPDATED": 1788150607000, "_matched": false}}, {"type": "Feature", "id": 141452, "geometry": {"type": "Point", "coordinates": [-0.126751126520697, 51.5307719299009]}, "properties": {"OBJECTID": 141452, "LOCATION": "Midland Road", "BOROUGH": null, "NB_SPACES": "40", "DAYS_OP": "Mon - Sun", "TIMES_OP": null, "STATION_NEARBY": null, "STATION_NAME": "London St Pancras International Station", "RANK_TYPE": null, "ATCOCODE": null, "RANK_REFERENCE": "TR5896", "LOCATION_DETAILS": null, "AREA_CODE": "CDN", "TAXI_STATUS": "A", "START_DATE": null, "RANK_NAME": "Midland Road (St. Pancras International Station)", "FEATURE_TYPE_CODE": "TPTA", "FEATURE_TYPE_NAME": "Private - Taxi Rank", "ACCESSIBLE": null, "NIGHT_TUBE": null, "HIGHWAY_AUTHORITY": "CDN", "SECTOR_CODE": "All London", "RANK_LENGTH": null, "TAXI_SHELTER_PRESENT": null, "TAXI_STOP_PRESENT": null, "DATASET_LAST_UPDATED": 1788150607000, "_matched": false}}, {"type": "Feature", "id": 141453, "geometry": {"type": "Point", "coordinates": [-0.275955406909896, 51.4922702659313]}, "properties": {"OBJECTID": 141453, "LOCATION": "Chiswick High Road", "BOROUGH": null, "NB_SPACES": "2", "DAYS_OP": "Mon - Sun", "TIMES_OP": null, "STATION_NEARBY": null, "STATION_NAME": "Gunnersbury Station", "RANK_TYPE": null, "ATCOCODE": null, "RANK_REFERENCE": "TR5551", "LOCATION_DETAILS": null, "AREA_CODE": "HOU", "TAXI_STATUS": "A", "START_DATE": null, "RANK_NAME": "Chiswick High Road (Gunnersbury Station), W1", "FEATURE_TYPE_CODE": "TTTA", "FEATURE_TYPE_NAME": "TfL Apt - Taxi Rank", "ACCESSIBLE": null, "NIGHT_TUBE": null, "HIGHWAY_AUTHORITY": "HOU", "SECTOR_CODE": "Sector 7", "RANK_LENGTH": null, "TAXI_SHELTER_PRESENT": null, "TAXI_STOP_PRESENT": "PCO5551", "DATASET_LAST_UPDATED": 1788150607000, "_matched": false}}, {"type": "Feature", "id": 141454, "geometry": {"type": "Point", "coordinates": [-0.128394509615227, 51.5244494562632]}, "properties": {"OBJECTID": 141454, "LOCATION": "Tavistock Square", "BOROUGH": null, "NB_SPACES": "2", "DAYS_OP": "Mon - Sun", "TIMES_OP": null, "STATION_NEARBY": null, "STATION_NAME": null, "RANK_TYPE": null, "ATCOCODE": null, "RANK_REFERENCE": "TR4557", "LOCATION_DETAILS": null, "AREA_CODE": "CDN", "TAXI_STATUS": "A", "START_DATE": null, "RANK_NAME": "Tavistock Square (South Side, Tavistock Hotel), Wc1", "FEATURE_TYPE_CODE": "TTTA", "FEATURE_TYPE_NAME": "TfL Apt - Taxi Rank", "ACCESSIBLE": null, "NIGHT_TUBE": null, "HIGHWAY_AUTHORITY": "CDN", "SECTOR_CODE": "All London", "RANK_LENGTH": null, "TAXI_SHELTER_PRESENT": null, "TAXI_STOP_PRESENT": null, "DATASET_LAST_UPDATED": 1788150607000, "_matched": true}}, {"type": "Feature", "id": 141455, "geometry": {"type": "Point", "coordinates": [-0.154277964093538, 51.5139247328946]}, "properties": {"OBJECTID": 141455, "LOCATION": "Oxford Street", "BOROUGH": null, "NB_SPACES": "3", "DAYS_OP": "Mon - Sun", "TIMES_OP": null, "STATION_NEARBY": null, "STATION_NAME": null, "RANK_TYPE": null, "ATCOCODE": null, "RANK_REFERENCE": "TR5104", "LOCATION_DETAILS": null, "AREA_CODE": "WES", "TAXI_STATUS": "A", "START_DATE": null, "RANK_NAME": "Oxford Street (Marks And Spencers), W1", "FEATURE_TYPE_CODE": "TTTA", "FEATURE_TYPE_NAME": "TfL Apt - Taxi Rank", "ACCESSIBLE": null, "NIGHT_TUBE": null, "HIGHWAY_AUTHORITY": "WES", "SECTOR_CODE": "All London", "RANK_LENGTH": null, "TAXI_SHELTER_PRESENT": null, "TAXI_STOP_PRESENT": null, "DATASET_LAST_UPDATED": 1788150607000, "_matched": false}}, {"type": "Feature", "id": 141456, "geometry": {"type": "Point", "coordinates": [-0.121753412554142, 51.5124282128825]}, "properties": {"OBJECTID": 141456, "LOCATION": "Russell Street", "BOROUGH": null, "NB_SPACES": "5", "DAYS_OP": "Mon - Sun", "TIMES_OP": null, "STATION_NEARBY": null, "STATION_NAME": null, "RANK_TYPE": null, "ATCOCODE": null, "RANK_REFERENCE": "TR5395", "LOCATION_DETAILS": null, "AREA_CODE": "WES", "TAXI_STATUS": "A", "START_DATE": null, "RANK_NAME": "Russell Street (Covent Garden), Wc2 (R0012)", "FEATURE_TYPE_CODE": "TTRE", "FEATURE_TYPE_NAME": "TfL Apt - Rest Rank", "ACCESSIBLE": null, "NIGHT_TUBE": null, "HIGHWAY_AUTHORITY": "WES", "SECTOR_CODE": "All London", "RANK_LENGTH": null, "TAXI_SHELTER_PRESENT": null, "TAXI_STOP_PRESENT": null, "DATASET_LAST_UPDATED": 1788150607000, "_matched": true}}, {"type": "Feature", "id": 141457, "geometry": {"type": "Point", "coordinates": [-0.212550519460616, 51.4383012656881]}, "properties": {"OBJECTID": 141457, "LOCATION": "Wimbledon Park Road", "BOROUGH": null, "NB_SPACES": "10", "DAYS_OP": "During events only", "TIMES_OP": null, "STATION_NEARBY": null, "STATION_NAME": null, "RANK_TYPE": null, "ATCOCODE": null, "RANK_REFERENCE": "TR6225", "LOCATION_DETAILS": null, "AREA_CODE": "WAN", "TAXI_STATUS": "A", "START_DATE": null, "RANK_NAME": "Wimbledon Tennis - Wimbledon Park Road", "FEATURE_TYPE_CODE": "TTTE", "FEATURE_TYPE_NAME": "TfL Apt - Temporary Rank", "ACCESSIBLE": null, "NIGHT_TUBE": null, "HIGHWAY_AUTHORITY": "WAN", "SECTOR_CODE": "Sector 6", "RANK_LENGTH": null, "TAXI_SHELTER_PRESENT": null, "TAXI_STOP_PRESENT": null, "DATASET_LAST_UPDATED": 1788150607000, "_matched": false}}, {"type": "Feature", "id": 141458, "geometry": {"type": "Point", "coordinates": [-0.120024236514351, 51.5096218160597]}, "properties": {"OBJECTID": 141458, "LOCATION": "Carting Lane", "BOROUGH": null, "NB_SPACES": "2", "DAYS_OP": "Mon - Sun", "TIMES_OP": null, "STATION_NEARBY": null, "STATION_NAME": null, "RANK_TYPE": null, "ATCOCODE": null, "RANK_REFERENCE": "TR5965", "LOCATION_DETAILS": null, "AREA_CODE": "WES", "TAXI_STATUS": "A", "START_DATE": null, "RANK_NAME": "Carting Lane (Savoy Hotel)", "FEATURE_TYPE_CODE": "TPTA", "FEATURE_TYPE_NAME": "Private - Taxi Rank", "ACCESSIBLE": null, "NIGHT_TUBE": null, "HIGHWAY_AUTHORITY": "Private", "SECTOR_CODE": "All London", "RANK_LENGTH": null, "TAXI_SHELTER_PRESENT": null, "TAXI_STOP_PRESENT": null, "DATASET_LAST_UPDATED": 1788150607000, "_matched": false}}, {"type": "Feature", "id": 141459, "geometry": {"type": "Point", "coordinates": [0.165911071938089, 51.5443030890642]}, "properties": {"OBJECTID": 141459, "LOCATION": "Rainham Road South", "BOROUGH": null, "NB_SPACES": "1", "DAYS_OP": "Mon - Sun", "TIMES_OP": null, "STATION_NEARBY": null, "STATION_NAME": "Dagenham East Station", "RANK_TYPE": null, "ATCOCODE": null, "RANK_REFERENCE": "TR5657", "LOCATION_DETAILS": null, "AREA_CODE": "B&D", "TAXI_STATUS": "A", "START_DATE": null, "RANK_NAME": "Rainham Road South (Dagenham East Station), Dagenham, Rm10", "FEATURE_TYPE_CODE": "TTTA", "FEATURE_TYPE_NAME": "TfL Apt - Taxi Rank", "ACCESSIBLE": null, "NIGHT_TUBE": null, "HIGHWAY_AUTHORITY": "B&D", "SECTOR_CODE": "Sector 2", "RANK_LENGTH": null, "TAXI_SHELTER_PRESENT": null, "TAXI_STOP_PRESENT": null, "DATASET_LAST_UPDATED": 1788150607000, "_matched": false}}, {"type": "Feature", "id": 141460, "geometry": {"type": "Point", "coordinates": [0.0654609419396517, 51.5761773513111]}, "properties": {"OBJECTID": 141460, "LOCATION": "Clarence Avenue", "BOROUGH": null, "NB_SPACES": "5", "DAYS_OP": "Mon - Sun", "TIMES_OP": null, "STATION_NEARBY": null, "STATION_NAME": null, "RANK_TYPE": null, "ATCOCODE": null, "RANK_REFERENCE": "TR5673", "LOCATION_DETAILS": null, "AREA_CODE": "RED", "TAXI_STATUS": "A", "START_DATE": null, "RANK_NAME": "Clarence Avenue, Ilford, Ig1", "FEATURE_TYPE_CODE": "TTTA", "FEATURE_TYPE_NAME": "TfL Apt - Taxi Rank", "ACCESSIBLE": null, "NIGHT_TUBE": null, "HIGHWAY_AUTHORITY": "RED", "SECTOR_CODE": "Sector 2", "RANK_LENGTH": null, "TAXI_SHELTER_PRESENT": null, "TAXI_STOP_PRESENT": null, "DATASET_LAST_UPDATED": 1788150607000, "_matched": false}}, {"type": "Feature", "id": 141461, "geometry": {"type": "Point", "coordinates": [-0.207908977002796, 51.4447679666607]}, "properties": {"OBJECTID": 141461, "LOCATION": "Augustus Road", "BOROUGH": null, "NB_SPACES": "19", "DAYS_OP": "Only in operation during Wimbledon Tennis Championships", "TIMES_OP": null, "STATION_NEARBY": null, "STATION_NAME": "Southfields Station", "RANK_TYPE": null, "ATCOCODE": null, "RANK_REFERENCE": "TR5639", "LOCATION_DETAILS": null, "AREA_CODE": "WAN", "TAXI_STATUS": "A", "START_DATE": null, "RANK_NAME": "Augustus Road, Southfields, Sw19", "FEATURE_TYPE_CODE": "TTTE", "FEATURE_TYPE_NAME": "TfL Apt - Temporary Rank", "ACCESSIBLE": null, "NIGHT_TUBE": null, "HIGHWAY_AUTHORITY": "WAN", "SECTOR_CODE": "All London", "RANK_LENGTH": null, "TAXI_SHELTER_PRESENT": null, "TAXI_STOP_PRESENT": null, "DATASET_LAST_UPDATED": 1788150607000, "_matched": false}}, {"type": "Feature", "id": 141462, "geometry": {"type": "Point", "coordinates": [-0.122809171176484, 51.5151428730617]}, "properties": {"OBJECTID": 141462, "LOCATION": "Drury Lane", "BOROUGH": null, "NB_SPACES": "3", "DAYS_OP": "Mon - Sun", "TIMES_OP": null, "STATION_NEARBY": null, "STATION_NAME": null, "RANK_TYPE": null, "ATCOCODE": null, "RANK_REFERENCE": "TR5171", "LOCATION_DETAILS": null, "AREA_CODE": "CDN", "TAXI_STATUS": "A", "START_DATE": null, "RANK_NAME": "Drury Lane (New London Theatre), Wc2", "FEATURE_TYPE_CODE": "TTTA", "FEATURE_TYPE_NAME": "TfL Apt - Taxi Rank", "ACCESSIBLE": null, "NIGHT_TUBE": null, "HIGHWAY_AUTHORITY": "CDN", "SECTOR_CODE": "All London", "RANK_LENGTH": null, "TAXI_SHELTER_PRESENT": null, "TAXI_STOP_PRESENT": null, "DATASET_LAST_UPDATED": 1788150607000, "_matched": false}}, {"type": "Feature", "id": 141463, "geometry": {"type": "Point", "coordinates": [-0.0904593503604706, 51.5136044951545]}, "properties": {"OBJECTID": 141463, "LOCATION": "Poultry", "BOROUGH": null, "NB_SPACES": "3", "DAYS_OP": "Mon - Sun", "TIMES_OP": null, "STATION_NEARBY": null, "STATION_NAME": "Bank", "RANK_TYPE": null, "ATCOCODE": null, "RANK_REFERENCE": "TR6213", "LOCATION_DETAILS": null, "AREA_CODE": "CTY", "TAXI_STATUS": "A", "START_DATE": null, "RANK_NAME": "Bank Junction", "FEATURE_TYPE_CODE": "TCTA", "FEATURE_TYPE_NAME": "COL - Taxi Rank", "ACCESSIBLE": null, "NIGHT_TUBE": null, "HIGHWAY_AUTHORITY": "CTY", "SECTOR_CODE": "All London", "RANK_LENGTH": null, "TAXI_SHELTER_PRESENT": null, "TAXI_STOP_PRESENT": null, "DATASET_LAST_UPDATED": 1788150607000, "_matched": false}}, {"type": "Feature", "id": 141464, "geometry": {"type": "Point", "coordinates": [-0.159136154828811, 51.5138931728786]}, "properties": {"OBJECTID": 141464, "LOCATION": "Great Cumberland Place", "BOROUGH": null, "NB_SPACES": "14", "DAYS_OP": "Mon - Sun", "TIMES_OP": null, "STATION_NEARBY": null, "STATION_NAME": "Marble Arch Station", "RANK_TYPE": null, "ATCOCODE": null, "RANK_REFERENCE": "TR5203", "LOCATION_DETAILS": null, "AREA_CODE": "WES", "TAXI_STATUS": "A", "START_DATE": null, "RANK_NAME": "Great Cumberland Place/bryanston Street (Le Meridien Marble Arch Hotel), W1", "FEATURE_TYPE_CODE": "TTTA", "FEATURE_TYPE_NAME": "TfL Apt - Taxi Rank", "ACCESSIBLE": null, "NIGHT_TUBE": null, "HIGHWAY_AUTHORITY": "WES", "SECTOR_CODE": "All London", "RANK_LENGTH": null, "TAXI_SHELTER_PRESENT": null, "TAXI_STOP_PRESENT": null, "DATASET_LAST_UPDATED": 1788150607000, "_matched": false}}, {"type": "Feature", "id": 141465, "geometry": {"type": "Point", "coordinates": [-0.164457426649727, 51.5876335410682]}, "properties": {"OBJECTID": 141465, "LOCATION": "East Finchley Station", "BOROUGH": null, "NB_SPACES": "2", "DAYS_OP": "Mon - Sun", "TIMES_OP": null, "STATION_NEARBY": null, "STATION_NAME": "East Finchley", "RANK_TYPE": null, "ATCOCODE": null, "RANK_REFERENCE": "TR6024", "LOCATION_DETAILS": null, "AREA_CODE": "BAT", "TAXI_STATUS": "A", "START_DATE": null, "RANK_NAME": "East Finchley Station", "FEATURE_TYPE_CODE": "TTTA", "FEATURE_TYPE_NAME": "TfL Apt - Taxi Rank", "ACCESSIBLE": null, "NIGHT_TUBE": null, "HIGHWAY_AUTHORITY": "BAT", "SECTOR_CODE": "Sector 9", "RANK_LENGTH": null, "TAXI_SHELTER_PRESENT": null, "TAXI_STOP_PRESENT": null, "DATASET_LAST_UPDATED": 1788150607000, "_matched": false}}, {"type": "Feature", "id": 141466, "geometry": {"type": "Point", "coordinates": [0.0814775370274831, 51.5881063865606]}, "properties": {"OBJECTID": 141466, "LOCATION": "Tanners Lane", "BOROUGH": null, "NB_SPACES": "2", "DAYS_OP": "Mon - Sun", "TIMES_OP": null, "STATION_NEARBY": null, "STATION_NAME": null, "RANK_TYPE": null, "ATCOCODE": null, "RANK_REFERENCE": "TR4956", "LOCATION_DETAILS": null, "AREA_CODE": "RED", "TAXI_STATUS": "A", "START_DATE": null, "RANK_NAME": "Tanners Lane (Sainsbury's), Barkingside, E18", "FEATURE_TYPE_CODE": "TTTA", "FEATURE_TYPE_NAME": "TfL Apt - Taxi Rank", "ACCESSIBLE": null, "NIGHT_TUBE": null, "HIGHWAY_AUTHORITY": "RED", "SECTOR_CODE": "Sector 2", "RANK_LENGTH": null, "TAXI_SHELTER_PRESENT": null, "TAXI_STOP_PRESENT": null, "DATASET_LAST_UPDATED": 1788150607000, "_matched": false}}, {"type": "Feature", "id": 141467, "geometry": {"type": "Point", "coordinates": [-0.150433644052031, 51.6517536207764]}, "properties": {"OBJECTID": 141467, "LOCATION": "Chalk Lane", "BOROUGH": null, "NB_SPACES": "2", "DAYS_OP": "Mon - Sun", "TIMES_OP": null, "STATION_NEARBY": null, "STATION_NAME": "Cockfosters Station", "RANK_TYPE": null, "ATCOCODE": null, "RANK_REFERENCE": "TR5343", "LOCATION_DETAILS": null, "AREA_CODE": "ENF", "TAXI_STATUS": "A", "START_DATE": null, "RANK_NAME": "Chalk Lane (Cockfosters Station), Cockfosters, En4", "FEATURE_TYPE_CODE": "TTTA", "FEATURE_TYPE_NAME": "TfL Apt - Taxi Rank", "ACCESSIBLE": null, "NIGHT_TUBE": null, "HIGHWAY_AUTHORITY": "ENF", "SECTOR_CODE": "Sector 1", "RANK_LENGTH": null, "TAXI_SHELTER_PRESENT": null, "TAXI_STOP_PRESENT": null, "DATASET_LAST_UPDATED": 1788150607000, "_matched": false}}, {"type": "Feature", "id": 141468, "geometry": {"type": "Point", "coordinates": [-0.302370788335583, 51.4628908403449]}, "properties": {"OBJECTID": 141468, "LOCATION": "Kew Road", "BOROUGH": null, "NB_SPACES": "30", "DAYS_OP": "Mon - Sun", "TIMES_OP": null, "STATION_NEARBY": null, "STATION_NAME": "Richmond Station", "RANK_TYPE": null, "ATCOCODE": null, "RANK_REFERENCE": "TR5815", "LOCATION_DETAILS": null, "AREA_CODE": "RIC", "TAXI_STATUS": "A", "START_DATE": null, "RANK_NAME": "Kew Road (Richmond Station), Richmond Upon Thames. Tw9", "FEATURE_TYPE_CODE": "TTTA", "FEATURE_TYPE_NAME": "TfL Apt - Taxi Rank", "ACCESSIBLE": null, "NIGHT_TUBE": null, "HIGHWAY_AUTHORITY": "RIC", "SECTOR_CODE": "Sector 7", "RANK_LENGTH": null, "TAXI_SHELTER_PRESENT": null, "TAXI_STOP_PRESENT": null, "DATASET_LAST_UPDATED": 1788150607000, "_matched": false}}, {"type": "Feature", "id": 141469, "geometry": {"type": "Point", "coordinates": [-0.174264693154455, 51.4956141219928]}, "properties": {"OBJECTID": 141469, "LOCATION": "Cromwell Road", "BOROUGH": null, "NB_SPACES": "3", "DAYS_OP": "Mon - Sun", "TIMES_OP": null, "STATION_NEARBY": null, "STATION_NAME": null, "RANK_TYPE": null, "ATCOCODE": null, "RANK_REFERENCE": "TR5111", "LOCATION_DETAILS": null, "AREA_CODE": "K&C", "TAXI_STATUS": "A", "START_DATE": null, "RANK_NAME": "Cromwell Road (Bratts), Sw5", "FEATURE_TYPE_CODE": "TTTA", "FEATURE_TYPE_NAME": "TfL Apt - Taxi Rank", "ACCESSIBLE": null, "NIGHT_TUBE": null, "HIGHWAY_AUTHORITY": "TFL", "SECTOR_CODE": "All London", "RANK_LENGTH": null, "TAXI_SHELTER_PRESENT": null, "TAXI_STOP_PRESENT": null, "DATASET_LAST_UPDATED": 1788150607000, "_matched": false}}, {"type": "Feature", "id": 141470, "geometry": {"type": "Point", "coordinates": [-0.197139948135097, 51.4803300966592]}, "properties": {"OBJECTID": 141470, "LOCATION": "Fulham Broadway", "BOROUGH": null, "NB_SPACES": "2", "DAYS_OP": "Mon - Sun", "TIMES_OP": null, "STATION_NEARBY": null, "STATION_NAME": null, "RANK_TYPE": null, "ATCOCODE": null, "RANK_REFERENCE": "TR6067", "LOCATION_DETAILS": null, "AREA_CODE": "H&F", "TAXI_STATUS": "A", "START_DATE": null, "RANK_NAME": "Elk Bar", "FEATURE_TYPE_CODE": "TTTA", "FEATURE_TYPE_NAME": "TfL Apt - Taxi Rank", "ACCESSIBLE": null, "NIGHT_TUBE": null, "HIGHWAY_AUTHORITY": "H&F", "SECTOR_CODE": "All London", "RANK_LENGTH": null, "TAXI_SHELTER_PRESENT": null, "TAXI_STOP_PRESENT": null, "DATASET_LAST_UPDATED": 1788150607000, "_matched": false}}, {"type": "Feature", "id": 141471, "geometry": {"type": "Point", "coordinates": [-0.145067709725261, 51.5096878454035]}, "properties": {"OBJECTID": 141471, "LOCATION": "Berkeley Square", "BOROUGH": null, "NB_SPACES": "2", "DAYS_OP": "Mon - Sun", "TIMES_OP": null, "STATION_NEARBY": null, "STATION_NAME": null, "RANK_TYPE": null, "ATCOCODE": null, "RANK_REFERENCE": "TR5600", "LOCATION_DETAILS": null, "AREA_CODE": "WES", "TAXI_STATUS": "A", "START_DATE": null, "RANK_NAME": "Berkeley Square (Berkeley Square House), W1", "FEATURE_TYPE_CODE": "TTTA", "FEATURE_TYPE_NAME": "TfL Apt - Taxi Rank", "ACCESSIBLE": null, "NIGHT_TUBE": null, "HIGHWAY_AUTHORITY": "WES", "SECTOR_CODE": "All London", "RANK_LENGTH": null, "TAXI_SHELTER_PRESENT": null, "TAXI_STOP_PRESENT": null, "DATASET_LAST_UPDATED": 1788150607000, "_matched": false}}, {"type": "Feature", "id": 141472, "geometry": {"type": "Point", "coordinates": [-0.124158687522913, 51.5780398799584]}, "properties": {"OBJECTID": 141472, "LOCATION": "Crouch End Hill", "BOROUGH": null, "NB_SPACES": "2", "DAYS_OP": "Mon - Sun", "TIMES_OP": null, "STATION_NEARBY": null, "STATION_NAME": null, "RANK_TYPE": null, "ATCOCODE": null, "RANK_REFERENCE": "TR5615", "LOCATION_DETAILS": null, "AREA_CODE": "HGY", "TAXI_STATUS": "A", "START_DATE": null, "RANK_NAME": "Crouch End Hill, Crouch End, N8", "FEATURE_TYPE_CODE": "TTTA", "FEATURE_TYPE_NAME": "TfL Apt - Taxi Rank", "ACCESSIBLE": null, "NIGHT_TUBE": null, "HIGHWAY_AUTHORITY": "HGY", "SECTOR_CODE": "Sector 1", "RANK_LENGTH": null, "TAXI_SHELTER_PRESENT": null, "TAXI_STOP_PRESENT": null, "DATASET_LAST_UPDATED": 1788150607000, "_matched": false}}, {"type": "Feature", "id": 141473, "geometry": {"type": "Point", "coordinates": [0.0975235328278032, 51.5635043744132]}, "properties": {"OBJECTID": 141473, "LOCATION": "Seven Kings Road", "BOROUGH": null, "NB_SPACES": "1", "DAYS_OP": "Mon - Sun", "TIMES_OP": null, "STATION_NEARBY": null, "STATION_NAME": "Seven Kings Station", "RANK_TYPE": null, "ATCOCODE": null, "RANK_REFERENCE": "TR6110", "LOCATION_DETAILS": null, "AREA_CODE": "RED", "TAXI_STATUS": "A", "START_DATE": null, "RANK_NAME": "Seven Kings Road Seven Kings Station", "FEATURE_TYPE_CODE": "TTTA", "FEATURE_TYPE_NAME": "TfL Apt - Taxi Rank", "ACCESSIBLE": null, "NIGHT_TUBE": null, "HIGHWAY_AUTHORITY": "RED", "SECTOR_CODE": "Sector 2", "RANK_LENGTH": null, "TAXI_SHELTER_PRESENT": null, "TAXI_STOP_PRESENT": null, "DATASET_LAST_UPDATED": 1788150607000, "_matched": false}}, {"type": "Feature", "id": 141474, "geometry": {"type": "Point", "coordinates": [-0.138835947017199, 51.5109020277069]}, "properties": {"OBJECTID": 141474, "LOCATION": "Regent Street", "BOROUGH": null, "NB_SPACES": "8", "DAYS_OP": "Mon - Sun", "TIMES_OP": null, "STATION_NEARBY": null, "STATION_NAME": null, "RANK_TYPE": null, "ATCOCODE": null, "RANK_REFERENCE": "TR5779", "LOCATION_DETAILS": null, "AREA_CODE": "WES", "TAXI_STATUS": "A", "START_DATE": null, "RANK_NAME": "Regent Street (Heddon Street), W1", "FEATURE_TYPE_CODE": "TTTA", "FEATURE_TYPE_NAME": "TfL Apt - Taxi Rank", "ACCESSIBLE": null, "NIGHT_TUBE": null, "HIGHWAY_AUTHORITY": "WES", "SECTOR_CODE": "All London", "RANK_LENGTH": null, "TAXI_SHELTER_PRESENT": null, "TAXI_STOP_PRESENT": null, "DATASET_LAST_UPDATED": 1788150607000, "_matched": false}}, {"type": "Feature", "id": 141475, "geometry": {"type": "Point", "coordinates": [-0.0128898434009749, 51.4652931198269]}, "properties": {"OBJECTID": 141475, "LOCATION": "Station Road, Lewisham", "BOROUGH": null, "NB_SPACES": "19", "DAYS_OP": "Mon - Sun", "TIMES_OP": null, "STATION_NEARBY": null, "STATION_NAME": "Lewisham Dlr & Nr Station", "RANK_TYPE": null, "ATCOCODE": null, "RANK_REFERENCE": "TR6002", "LOCATION_DETAILS": null, "AREA_CODE": "LEW", "TAXI_STATUS": "A", "START_DATE": null, "RANK_NAME": "Station Road (Lewisham Station), Se13", "FEATURE_TYPE_CODE": "TTTA", "FEATURE_TYPE_NAME": "TfL Apt - Taxi Rank", "ACCESSIBLE": null, "NIGHT_TUBE": null, "HIGHWAY_AUTHORITY": "LEW", "SECTOR_CODE": "Sector 3", "RANK_LENGTH": null, "TAXI_SHELTER_PRESENT": null, "TAXI_STOP_PRESENT": "PCO6002", "DATASET_LAST_UPDATED": 1788150607000, "_matched": true}}, {"type": "Feature", "id": 141477, "geometry": {"type": "Point", "coordinates": [-0.105382195898173, 51.5176233726549]}, "properties": {"OBJECTID": 141477, "LOCATION": "Farringdon Street", "BOROUGH": null, "NB_SPACES": "2", "DAYS_OP": "Mon - Sun", "TIMES_OP": null, "STATION_NEARBY": null, "STATION_NAME": null, "RANK_TYPE": null, "ATCOCODE": null, "RANK_REFERENCE": "TR6133", "LOCATION_DETAILS": null, "AREA_CODE": "CTY", "TAXI_STATUS": "A", "START_DATE": null, "RANK_NAME": null, "FEATURE_TYPE_CODE": "TCTA", "FEATURE_TYPE_NAME": "COL - Taxi Rank", "ACCESSIBLE": null, "NIGHT_TUBE": null, "HIGHWAY_AUTHORITY": "TFL", "SECTOR_CODE": "All London", "RANK_LENGTH": null, "TAXI_SHELTER_PRESENT": null, "TAXI_STOP_PRESENT": null, "DATASET_LAST_UPDATED": 1788150607000, "_matched": false}}, {"type": "Feature", "id": 141478, "geometry": {"type": "Point", "coordinates": [-0.136314263974981, 51.5246654804433]}, "properties": {"OBJECTID": 141478, "LOCATION": "Beaumont Place", "BOROUGH": null, "NB_SPACES": "2", "DAYS_OP": "Mon - Sun", "TIMES_OP": null, "STATION_NEARBY": null, "STATION_NAME": null, "RANK_TYPE": null, "ATCOCODE": null, "RANK_REFERENCE": "TR5997", "LOCATION_DETAILS": null, "AREA_CODE": "CDN", "TAXI_STATUS": "A", "START_DATE": null, "RANK_NAME": "Beaumont Place (Uclh), Nw1", "FEATURE_TYPE_CODE": "TTTA", "FEATURE_TYPE_NAME": "TfL Apt - Taxi Rank", "ACCESSIBLE": null, "NIGHT_TUBE": null, "HIGHWAY_AUTHORITY": "CDN", "SECTOR_CODE": "All London", "RANK_LENGTH": null, "TAXI_SHELTER_PRESENT": null, "TAXI_STOP_PRESENT": null, "DATASET_LAST_UPDATED": 1788150607000, "_matched": false}}, {"type": "Feature", "id": 141479, "geometry": {"type": "Point", "coordinates": [-0.0911947588963173, 51.5149743429851]}, "properties": {"OBJECTID": 141479, "LOCATION": "Gresham Street", "BOROUGH": null, "NB_SPACES": "2", "DAYS_OP": "Mon - Sun", "TIMES_OP": null, "STATION_NEARBY": null, "STATION_NAME": null, "RANK_TYPE": null, "ATCOCODE": null, "RANK_REFERENCE": "TR5907", "LOCATION_DETAILS": null, "AREA_CODE": "CTY", "TAXI_STATUS": "A", "START_DATE": null, "RANK_NAME": "Gresham Street (City Of London)", "FEATURE_TYPE_CODE": "TCTA", "FEATURE_TYPE_NAME": "COL - Taxi Rank", "ACCESSIBLE": null, "NIGHT_TUBE": null, "HIGHWAY_AUTHORITY": "CTY", "SECTOR_CODE": "All London", "RANK_LENGTH": null, "TAXI_SHELTER_PRESENT": null, "TAXI_STOP_PRESENT": null, "DATASET_LAST_UPDATED": 1788150607000, "_matched": false}}, {"type": "Feature", "id": 141480, "geometry": {"type": "Point", "coordinates": [-0.139580065237036, 51.5067862696477]}, "properties": {"OBJECTID": 141480, "LOCATION": "St James's Street", "BOROUGH": null, "NB_SPACES": "2", "DAYS_OP": "Mon - Sun", "TIMES_OP": null, "STATION_NEARBY": null, "STATION_NAME": null, "RANK_TYPE": null, "ATCOCODE": null, "RANK_REFERENCE": "TR5714", "LOCATION_DETAILS": null, "AREA_CODE": "WES", "TAXI_STATUS": "A", "START_DATE": null, "RANK_NAME": "St James's Street (Park Place), Sw1", "FEATURE_TYPE_CODE": "TTTA", "FEATURE_TYPE_NAME": "TfL Apt - Taxi Rank", "ACCESSIBLE": null, "NIGHT_TUBE": null, "HIGHWAY_AUTHORITY": "WES", "SECTOR_CODE": "All London", "RANK_LENGTH": null, "TAXI_SHELTER_PRESENT": null, "TAXI_STOP_PRESENT": null, "DATASET_LAST_UPDATED": 1788150607000, "_matched": false}}, {"type": "Feature", "id": 141481, "geometry": {"type": "Point", "coordinates": [-0.331436884100197, 51.4510244893566]}, "properties": {"OBJECTID": 141481, "LOCATION": "London Road", "BOROUGH": null, "NB_SPACES": "30", "DAYS_OP": "Only in operation during events", "TIMES_OP": null, "STATION_NEARBY": null, "STATION_NAME": null, "RANK_TYPE": null, "ATCOCODE": null, "RANK_REFERENCE": "TR5998", "LOCATION_DETAILS": null, "AREA_CODE": "RIC", "TAXI_STATUS": "A", "START_DATE": null, "RANK_NAME": "London Road (Twickenham Stadium) , Tw1", "FEATURE_TYPE_CODE": "TTTE", "FEATURE_TYPE_NAME": "TfL Apt - Temporary Rank", "ACCESSIBLE": null, "NIGHT_TUBE": null, "HIGHWAY_AUTHORITY": "RIC", "SECTOR_CODE": "Sector 7", "RANK_LENGTH": null, "TAXI_SHELTER_PRESENT": null, "TAXI_STOP_PRESENT": null, "DATASET_LAST_UPDATED": 1788150607000, "_matched": false}}, {"type": "Feature", "id": 141482, "geometry": {"type": "Point", "coordinates": [-0.140690001556593, 51.5145644070979]}, "properties": {"OBJECTID": 141482, "LOCATION": "Argyll Street", "BOROUGH": null, "NB_SPACES": "4", "DAYS_OP": "Mon - Sun", "TIMES_OP": null, "STATION_NEARBY": null, "STATION_NAME": "Oxford Circus Station", "RANK_TYPE": null, "ATCOCODE": null, "RANK_REFERENCE": "TR5660", "LOCATION_DETAILS": null, "AREA_CODE": "WES", "TAXI_STATUS": "A", "START_DATE": null, "RANK_NAME": "Argyll Street (London Palladium), W1", "FEATURE_TYPE_CODE": "TTTA", "FEATURE_TYPE_NAME": "TfL Apt - Taxi Rank", "ACCESSIBLE": null, "NIGHT_TUBE": null, "HIGHWAY_AUTHORITY": "WES", "SECTOR_CODE": "All London", "RANK_LENGTH": null, "TAXI_SHELTER_PRESENT": null, "TAXI_STOP_PRESENT": null, "DATASET_LAST_UPDATED": 1788150607000, "_matched": false}}, {"type": "Feature", "id": 141483, "geometry": {"type": "Point", "coordinates": [-0.159501748001776, 51.4354120351609]}, "properties": {"OBJECTID": 141483, "LOCATION": "Stapleton Road", "BOROUGH": null, "NB_SPACES": "2", "DAYS_OP": "Mon - Sun", "TIMES_OP": null, "STATION_NEARBY": null, "STATION_NAME": "Tooting Bec Station", "RANK_TYPE": null, "ATCOCODE": null, "RANK_REFERENCE": "TR5980", "LOCATION_DETAILS": null, "AREA_CODE": "WAN", "TAXI_STATUS": "A", "START_DATE": null, "RANK_NAME": "Stapleton Road  (Tooting Bec Station), Sw17", "FEATURE_TYPE_CODE": "TTTA", "FEATURE_TYPE_NAME": "TfL Apt - Taxi Rank", "ACCESSIBLE": null, "NIGHT_TUBE": null, "HIGHWAY_AUTHORITY": "WAN", "SECTOR_CODE": "All London", "RANK_LENGTH": null, "TAXI_SHELTER_PRESENT": null, "TAXI_STOP_PRESENT": null, "DATASET_LAST_UPDATED": 1788150607000, "_matched": false}}, {"type": "Feature", "id": 141484, "geometry": {"type": "Point", "coordinates": [0.219179468882815, 51.5542068107628]}, "properties": {"OBJECTID": 141484, "LOCATION": "Station Lane", "BOROUGH": null, "NB_SPACES": "2", "DAYS_OP": "Mon - Sun", "TIMES_OP": null, "STATION_NEARBY": null, "STATION_NAME": "Hornchurch Station", "RANK_TYPE": null, "ATCOCODE": null, "RANK_REFERENCE": "TR6019", "LOCATION_DETAILS": null, "AREA_CODE": "HAV", "TAXI_STATUS": "A", "START_DATE": null, "RANK_NAME": "Hornchurch Station (Station Lane), Rm12.", "FEATURE_TYPE_CODE": "TTTA", "FEATURE_TYPE_NAME": "TfL Apt - Taxi Rank", "ACCESSIBLE": null, "NIGHT_TUBE": null, "HIGHWAY_AUTHORITY": "HAV", "SECTOR_CODE": "Sector 2", "RANK_LENGTH": null, "TAXI_SHELTER_PRESENT": null, "TAXI_STOP_PRESENT": null, "DATASET_LAST_UPDATED": 1788150607000, "_matched": false}}, {"type": "Feature", "id": 141485, "geometry": {"type": "Point", "coordinates": [-0.35142956255662, 51.4809281081632]}, "properties": {"OBJECTID": 141485, "LOCATION": "Great West Road", "BOROUGH": null, "NB_SPACES": "2", "DAYS_OP": "Mon - Sun", "TIMES_OP": null, "STATION_NEARBY": null, "STATION_NAME": "Osterley Station", "RANK_TYPE": null, "ATCOCODE": null, "RANK_REFERENCE": "TR6013", "LOCATION_DETAILS": null, "AREA_CODE": "HOU", "TAXI_STATUS": "A", "START_DATE": null, "RANK_NAME": "Osterley Station", "FEATURE_TYPE_CODE": "TTTA", "FEATURE_TYPE_NAME": "TfL Apt - Taxi Rank", "ACCESSIBLE": null, "NIGHT_TUBE": null, "HIGHWAY_AUTHORITY": "TFL", "SECTOR_CODE": "Sector 7", "RANK_LENGTH": null, "TAXI_SHELTER_PRESENT": null, "TAXI_STOP_PRESENT": "PCO6013", "DATASET_LAST_UPDATED": 1788150607000, "_matched": false}}, {"type": "Feature", "id": 141486, "geometry": {"type": "Point", "coordinates": [-0.129785633310458, 51.5003447133529]}, "properties": {"OBJECTID": 141486, "LOCATION": "Matthew Parker Street", "BOROUGH": null, "NB_SPACES": "4", "DAYS_OP": "Mon - Sun", "TIMES_OP": null, "STATION_NEARBY": null, "STATION_NAME": null, "RANK_TYPE": null, "ATCOCODE": null, "RANK_REFERENCE": "TR4884", "LOCATION_DETAILS": null, "AREA_CODE": "WES", "TAXI_STATUS": "A", "START_DATE": null, "RANK_NAME": "Matthew Parker Street (Q.e.ii Centre), Sw1 (R0009)", "FEATURE_TYPE_CODE": "TTRE", "FEATURE_TYPE_NAME": "TfL Apt - Rest Rank", "ACCESSIBLE": null, "NIGHT_TUBE": null, "HIGHWAY_AUTHORITY": "WES", "SECTOR_CODE": "All London", "RANK_LENGTH": null, "TAXI_SHELTER_PRESENT": null, "TAXI_STOP_PRESENT": null, "DATASET_LAST_UPDATED": 1788150607000, "_matched": false}}, {"type": "Feature", "id": 141487, "geometry": {"type": "Point", "coordinates": [-0.131562175319432, 51.5189066182108]}, "properties": {"OBJECTID": 141487, "LOCATION": "Bayley Street", "BOROUGH": null, "NB_SPACES": "2", "DAYS_OP": "Mon - Sun", "TIMES_OP": null, "STATION_NEARBY": null, "STATION_NAME": null, "RANK_TYPE": null, "ATCOCODE": null, "RANK_REFERENCE": "TR6122", "LOCATION_DETAILS": null, "AREA_CODE": "CDN", "TAXI_STATUS": "A", "START_DATE": null, "RANK_NAME": "My Bloomsbury Hotel", "FEATURE_TYPE_CODE": "TTTA", "FEATURE_TYPE_NAME": "TfL Apt - Taxi Rank", "ACCESSIBLE": null, "NIGHT_TUBE": null, "HIGHWAY_AUTHORITY": "CDN", "SECTOR_CODE": "All London", "RANK_LENGTH": null, "TAXI_SHELTER_PRESENT": null, "TAXI_STOP_PRESENT": null, "DATASET_LAST_UPDATED": 1788150607000, "_matched": false}}, {"type": "Feature", "id": 141488, "geometry": {"type": "Point", "coordinates": [-0.147780462722703, 51.5064034906917]}, "properties": {"OBJECTID": 141488, "LOCATION": "Hertford Street", "BOROUGH": null, "NB_SPACES": "1", "DAYS_OP": "Mon - Sun", "TIMES_OP": null, "STATION_NEARBY": null, "STATION_NAME": null, "RANK_TYPE": null, "ATCOCODE": null, "RANK_REFERENCE": "TR6091", "LOCATION_DETAILS": null, "AREA_CODE": "WES", "TAXI_STATUS": "A", "START_DATE": null, "RANK_NAME": "Lou Lou's", "FEATURE_TYPE_CODE": "TTTA", "FEATURE_TYPE_NAME": "TfL Apt - Taxi Rank", "ACCESSIBLE": null, "NIGHT_TUBE": null, "HIGHWAY_AUTHORITY": "WES", "SECTOR_CODE": "All London", "RANK_LENGTH": null, "TAXI_SHELTER_PRESENT": null, "TAXI_STOP_PRESENT": null, "DATASET_LAST_UPDATED": 1788150607000, "_matched": false}}, {"type": "Feature", "id": 141489, "geometry": {"type": "Point", "coordinates": [-0.193951486786823, 51.4016861720072]}, "properties": {"OBJECTID": 141489, "LOCATION": "Aberconway Road", "BOROUGH": null, "NB_SPACES": "6", "DAYS_OP": "Mon - Sun", "TIMES_OP": null, "STATION_NEARBY": null, "STATION_NAME": "Morden Station", "RANK_TYPE": null, "ATCOCODE": null, "RANK_REFERENCE": "TR4805", "LOCATION_DETAILS": null, "AREA_CODE": "MER", "TAXI_STATUS": "A", "START_DATE": null, "RANK_NAME": "Morden Station, Aberconway Rd", "FEATURE_TYPE_CODE": "TTTA", "FEATURE_TYPE_NAME": "TfL Apt - Taxi Rank", "ACCESSIBLE": null, "NIGHT_TUBE": null, "HIGHWAY_AUTHORITY": "MER", "SECTOR_CODE": "Sector 6", "RANK_LENGTH": null, "TAXI_SHELTER_PRESENT": null, "TAXI_STOP_PRESENT": "PCO4805", "DATASET_LAST_UPDATED": 1788150600000, "_matched": false}}, {"type": "Feature", "id": 141490, "geometry": {"type": "Point", "coordinates": [-0.146765647359803, 51.5097506569479]}, "properties": {"OBJECTID": 141490, "LOCATION": "Berkeley Square", "BOROUGH": null, "NB_SPACES": "3", "DAYS_OP": "Mon - Sun", "TIMES_OP": null, "STATION_NEARBY": null, "STATION_NAME": null, "RANK_TYPE": null, "ATCOCODE": null, "RANK_REFERENCE": "TR5868", "LOCATION_DETAILS": null, "AREA_CODE": "WES", "TAXI_STATUS": "A", "START_DATE": null, "RANK_NAME": "Berkely Square (40 Berkeley Square), W1", "FEATURE_TYPE_CODE": "TTTA", "FEATURE_TYPE_NAME": "TfL Apt - Taxi Rank", "ACCESSIBLE": null, "NIGHT_TUBE": null, "HIGHWAY_AUTHORITY": "WES", "SECTOR_CODE": "All London", "RANK_LENGTH": null, "TAXI_SHELTER_PRESENT": null, "TAXI_STOP_PRESENT": null, "DATASET_LAST_UPDATED": 1788150607000, "_matched": false}}, {"type": "Feature", "id": 141491, "geometry": {"type": "Point", "coordinates": [0.0703591990696144, 51.5597872823498]}, "properties": {"OBJECTID": 141491, "LOCATION": "Balfour Road", "BOROUGH": null, "NB_SPACES": "7", "DAYS_OP": "Mon - Sun", "TIMES_OP": null, "STATION_NEARBY": null, "STATION_NAME": null, "RANK_TYPE": null, "ATCOCODE": null, "RANK_REFERENCE": "TR6032", "LOCATION_DETAILS": null, "AREA_CODE": "RED", "TAXI_STATUS": "A", "START_DATE": null, "RANK_NAME": "Ilford Station Balfour Road", "FEATURE_TYPE_CODE": "TTTA", "FEATURE_TYPE_NAME": "TfL Apt - Taxi Rank", "ACCESSIBLE": null, "NIGHT_TUBE": null, "HIGHWAY_AUTHORITY": "RED", "SECTOR_CODE": "Sector 2", "RANK_LENGTH": null, "TAXI_SHELTER_PRESENT": null, "TAXI_STOP_PRESENT": null, "DATASET_LAST_UPDATED": 1788150607000, "_matched": true}}, {"type": "Feature", "id": 141492, "geometry": {"type": "Point", "coordinates": [-0.452294553271525, 51.4729147728719]}, "properties": {"OBJECTID": 141492, "LOCATION": "Heathrow Airport Terminal1 Departures", "BOROUGH": null, "NB_SPACES": "6", "DAYS_OP": "Mon - Sun", "TIMES_OP": null, "STATION_NEARBY": null, "STATION_NAME": "Heathrow Terminals 1-3 Station", "RANK_TYPE": null, "ATCOCODE": null, "RANK_REFERENCE": "TR5932", "LOCATION_DETAILS": null, "AREA_CODE": "HIL", "TAXI_STATUS": "A", "START_DATE": null, "RANK_NAME": "Heathrow Airport (Teminal 1)", "FEATURE_TYPE_CODE": "TPTA", "FEATURE_TYPE_NAME": "Private - Taxi Rank", "ACCESSIBLE": null, "NIGHT_TUBE": null, "HIGHWAY_AUTHORITY": "BAA", "SECTOR_CODE": "All London", "RANK_LENGTH": null, "TAXI_SHELTER_PRESENT": null, "TAXI_STOP_PRESENT": null, "DATASET_LAST_UPDATED": 1788150607000, "_matched": false}}, {"type": "Feature", "id": 141493, "geometry": {"type": "Point", "coordinates": [-0.0735254956594261, 51.5825611140254]}, "properties": {"OBJECTID": 141493, "LOCATION": "Seven Sisters Road", "BOROUGH": null, "NB_SPACES": "2", "DAYS_OP": "Mon - Sun", "TIMES_OP": null, "STATION_NEARBY": null, "STATION_NAME": "Seven Sisters Station", "RANK_TYPE": null, "ATCOCODE": null, "RANK_REFERENCE": "TR5982", "LOCATION_DETAILS": null, "AREA_CODE": "HGY", "TAXI_STATUS": "A", "START_DATE": null, "RANK_NAME": "Seven Sisters Road (Seven Sisters Station), N15", "FEATURE_TYPE_CODE": "TTTA", "FEATURE_TYPE_NAME": "TfL Apt - Taxi Rank", "ACCESSIBLE": null, "NIGHT_TUBE": null, "HIGHWAY_AUTHORITY": "HGY", "SECTOR_CODE": "Sector 1", "RANK_LENGTH": null, "TAXI_SHELTER_PRESENT": null, "TAXI_STOP_PRESENT": null, "DATASET_LAST_UPDATED": 1788150607000, "_matched": false}}, {"type": "Feature", "id": 141494, "geometry": {"type": "Point", "coordinates": [-0.137601453455397, 51.5242093224275]}, "properties": {"OBJECTID": 141494, "LOCATION": "Tottenham Court Road", "BOROUGH": null, "NB_SPACES": "3", "DAYS_OP": "Mon - Sun", "TIMES_OP": null, "STATION_NEARBY": null, "STATION_NAME": null, "RANK_TYPE": null, "ATCOCODE": null, "RANK_REFERENCE": "TR6128", "LOCATION_DETAILS": null, "AREA_CODE": "CDN", "TAXI_STATUS": "A", "START_DATE": null, "RANK_NAME": "Spearmint Rhino", "FEATURE_TYPE_CODE": "TTTA", "FEATURE_TYPE_NAME": "TfL Apt - Taxi Rank", "ACCESSIBLE": null, "NIGHT_TUBE": null, "HIGHWAY_AUTHORITY": "CDN", "SECTOR_CODE": "All London", "RANK_LENGTH": null, "TAXI_SHELTER_PRESENT": null, "TAXI_STOP_PRESENT": null, "DATASET_LAST_UPDATED": 1788150607000, "_matched": false}}, {"type": "Feature", "id": 141495, "geometry": {"type": "Point", "coordinates": [-0.00921201701379252, 51.5444561794559]}, "properties": {"OBJECTID": 141495, "LOCATION": "Roundhouse Lane (Westfield Shopping Ctr)", "BOROUGH": null, "NB_SPACES": "11", "DAYS_OP": "Mon - Sun", "TIMES_OP": null, "STATION_NEARBY": null, "STATION_NAME": null, "RANK_TYPE": null, "ATCOCODE": null, "RANK_REFERENCE": "TR5984", "LOCATION_DETAILS": null, "AREA_CODE": "NEW", "TAXI_STATUS": "A", "START_DATE": null, "RANK_NAME": "Roundhouse Lane (Westfield Shopping Centre)", "FEATURE_TYPE_CODE": "TTTA", "FEATURE_TYPE_NAME": "TfL Apt - Taxi Rank", "ACCESSIBLE": null, "NIGHT_TUBE": null, "HIGHWAY_AUTHORITY": "NEW", "SECTOR_CODE": "Sector 2", "RANK_LENGTH": null, "TAXI_SHELTER_PRESENT": null, "TAXI_STOP_PRESENT": null, "DATASET_LAST_UPDATED": 1788150607000, "_matched": true}}, {"type": "Feature", "id": 141496, "geometry": {"type": "Point", "coordinates": [-0.0217472388349375, 51.5034909701345]}, "properties": {"OBJECTID": 141496, "LOCATION": "Bank Street, Canary Wharf", "BOROUGH": null, "NB_SPACES": "2", "DAYS_OP": "Mon - Sun", "TIMES_OP": null, "STATION_NEARBY": null, "STATION_NAME": "Canary Wharf Station", "RANK_TYPE": null, "ATCOCODE": null, "RANK_REFERENCE": "TR5953", "LOCATION_DETAILS": null, "AREA_CODE": "TH", "TAXI_STATUS": "A", "START_DATE": null, "RANK_NAME": "20 Bank Street (Morgan Stanley)", "FEATURE_TYPE_CODE": "TPTA", "FEATURE_TYPE_NAME": "Private - Taxi Rank", "ACCESSIBLE": null, "NIGHT_TUBE": null, "HIGHWAY_AUTHORITY": "TH", "SECTOR_CODE": "All London", "RANK_LENGTH": null, "TAXI_SHELTER_PRESENT": null, "TAXI_STOP_PRESENT": null, "DATASET_LAST_UPDATED": 1788150607000, "_matched": false}}, {"type": "Feature", "id": 141497, "geometry": {"type": "Point", "coordinates": [-0.134756932038293, 51.5652327336993]}, "properties": {"OBJECTID": 141497, "LOCATION": "Junction Road", "BOROUGH": null, "NB_SPACES": "4", "DAYS_OP": "Mon - Sun", "TIMES_OP": null, "STATION_NEARBY": null, "STATION_NAME": "Archway Station", "RANK_TYPE": null, "ATCOCODE": null, "RANK_REFERENCE": "TR5786", "LOCATION_DETAILS": null, "AREA_CODE": "ISL", "TAXI_STATUS": "A", "START_DATE": null, "RANK_NAME": "Junction Road, Archway, N19", "FEATURE_TYPE_CODE": "TTTA", "FEATURE_TYPE_NAME": "TfL Apt - Taxi Rank", "ACCESSIBLE": null, "NIGHT_TUBE": null, "HIGHWAY_AUTHORITY": "ISL", "SECTOR_CODE": "Island", "RANK_LENGTH": null, "TAXI_SHELTER_PRESENT": null, "TAXI_STOP_PRESENT": null, "DATASET_LAST_UPDATED": 1788150607000, "_matched": false}}, {"type": "Feature", "id": 141498, "geometry": {"type": "Point", "coordinates": [-0.191317480375733, 51.5011839192066]}, "properties": {"OBJECTID": 141498, "LOCATION": "Derry Street", "BOROUGH": null, "NB_SPACES": "2", "DAYS_OP": "Mon - Sun", "TIMES_OP": null, "STATION_NEARBY": null, "STATION_NAME": null, "RANK_TYPE": null, "ATCOCODE": null, "RANK_REFERENCE": "TR5663", "LOCATION_DETAILS": null, "AREA_CODE": "K&C", "TAXI_STATUS": "A", "START_DATE": null, "RANK_NAME": "Derry Street (Roof Gardens), Kensington, W8", "FEATURE_TYPE_CODE": "TTTA", "FEATURE_TYPE_NAME": "TfL Apt - Taxi Rank", "ACCESSIBLE": null, "NIGHT_TUBE": null, "HIGHWAY_AUTHORITY": "K&C", "SECTOR_CODE": "All London", "RANK_LENGTH": null, "TAXI_SHELTER_PRESENT": null, "TAXI_STOP_PRESENT": null, "DATASET_LAST_UPDATED": 1788150607000, "_matched": false}}, {"type": "Feature", "id": 141499, "geometry": {"type": "Point", "coordinates": [-0.222671089431418, 51.5755446456167]}, "properties": {"OBJECTID": 141499, "LOCATION": "Brent Cross Bus Station", "BOROUGH": null, "NB_SPACES": "10", "DAYS_OP": "Mon - Sun", "TIMES_OP": null, "STATION_NEARBY": null, "STATION_NAME": null, "RANK_TYPE": null, "ATCOCODE": null, "RANK_REFERENCE": "TR5893", "LOCATION_DETAILS": null, "AREA_CODE": "BAT", "TAXI_STATUS": "A", "START_DATE": null, "RANK_NAME": "Brent Cross Bus Station (Brent Cross Shopping Centre)", "FEATURE_TYPE_CODE": "TPTA", "FEATURE_TYPE_NAME": "Private - Taxi Rank", "ACCESSIBLE": null, "NIGHT_TUBE": null, "HIGHWAY_AUTHORITY": "BAT", "SECTOR_CODE": "Sector 9", "RANK_LENGTH": null, "TAXI_SHELTER_PRESENT": null, "TAXI_STOP_PRESENT": null, "DATASET_LAST_UPDATED": 1788150607000, "_matched": false}}, {"type": "Feature", "id": 141500, "geometry": {"type": "Point", "coordinates": [0.118952295747591, 51.4927685959796]}, "properties": {"OBJECTID": 141500, "LOCATION": "Felixstowe Road", "BOROUGH": null, "NB_SPACES": "3", "DAYS_OP": "Mon - Sun", "TIMES_OP": null, "STATION_NEARBY": null, "STATION_NAME": "Abbey Wood Station", "RANK_TYPE": null, "ATCOCODE": null, "RANK_REFERENCE": "TR6118", "LOCATION_DETAILS": null, "AREA_CODE": "GRE", "TAXI_STATUS": "A", "START_DATE": null, "RANK_NAME": "Abbey Wood Station #", "FEATURE_TYPE_CODE": "TTTA", "FEATURE_TYPE_NAME": "TfL Apt - Taxi Rank", "ACCESSIBLE": null, "NIGHT_TUBE": null, "HIGHWAY_AUTHORITY": "GRE", "SECTOR_CODE": "Sector 3", "RANK_LENGTH": null, "TAXI_SHELTER_PRESENT": null, "TAXI_STOP_PRESENT": null, "DATASET_LAST_UPDATED": 1788150607000, "_matched": false}}, {"type": "Feature", "id": 141501, "geometry": {"type": "Point", "coordinates": [-0.301417731907959, 51.4125463690052]}, "properties": {"OBJECTID": 141501, "LOCATION": "Wood Street", "BOROUGH": null, "NB_SPACES": "4", "DAYS_OP": "Mon - Sun", "TIMES_OP": null, "STATION_NEARBY": null, "STATION_NAME": "Kingston Station", "RANK_TYPE": null, "ATCOCODE": null, "RANK_REFERENCE": "TR6021", "LOCATION_DETAILS": null, "AREA_CODE": "KIN", "TAXI_STATUS": "A", "START_DATE": null, "RANK_NAME": "Kingston Station", "FEATURE_TYPE_CODE": "TTTA", "FEATURE_TYPE_NAME": "TfL Apt - Taxi Rank", "ACCESSIBLE": null, "NIGHT_TUBE": null, "HIGHWAY_AUTHORITY": "KIN", "SECTOR_CODE": "Sector 7", "RANK_LENGTH": null, "TAXI_SHELTER_PRESENT": null, "TAXI_STOP_PRESENT": "PCO6021", "DATASET_LAST_UPDATED": 1788150607000, "_matched": true}}, {"type": "Feature", "id": 141502, "geometry": {"type": "Point", "coordinates": [-0.304055892007646, 51.4609279062439]}, "properties": {"OBJECTID": 141502, "LOCATION": "George Street", "BOROUGH": null, "NB_SPACES": "2", "DAYS_OP": "Mon - Sun", "TIMES_OP": null, "STATION_NEARBY": null, "STATION_NAME": null, "RANK_TYPE": null, "ATCOCODE": null, "RANK_REFERENCE": "TR5747", "LOCATION_DETAILS": null, "AREA_CODE": "RIC", "TAXI_STATUS": "A", "START_DATE": null, "RANK_NAME": "George Street (Tesco Metro), Ricmond, Tw9", "FEATURE_TYPE_CODE": "TTTA", "FEATURE_TYPE_NAME": "TfL Apt - Taxi Rank", "ACCESSIBLE": null, "NIGHT_TUBE": null, "HIGHWAY_AUTHORITY": "RIC", "SECTOR_CODE": "Sector 7", "RANK_LENGTH": null, "TAXI_SHELTER_PRESENT": null, "TAXI_STOP_PRESENT": null, "DATASET_LAST_UPDATED": 1788150607000, "_matched": false}}, {"type": "Feature", "id": 141503, "geometry": {"type": "Point", "coordinates": [-0.186695335600931, 51.5022006343644]}, "properties": {"OBJECTID": 141503, "LOCATION": "Kensington Court", "BOROUGH": null, "NB_SPACES": "3", "DAYS_OP": "Mon - Sun", "TIMES_OP": null, "STATION_NEARBY": null, "STATION_NAME": null, "RANK_TYPE": null, "ATCOCODE": null, "RANK_REFERENCE": "TR4858", "LOCATION_DETAILS": null, "AREA_CODE": "K&C", "TAXI_STATUS": "A", "START_DATE": null, "RANK_NAME": "Kensington Road (Kensington Court), W2", "FEATURE_TYPE_CODE": "TTTA", "FEATURE_TYPE_NAME": "TfL Apt - Taxi Rank", "ACCESSIBLE": null, "NIGHT_TUBE": null, "HIGHWAY_AUTHORITY": "K&C", "SECTOR_CODE": "All London", "RANK_LENGTH": null, "TAXI_SHELTER_PRESENT": null, "TAXI_STOP_PRESENT": null, "DATASET_LAST_UPDATED": 1788150607000, "_matched": false}}, {"type": "Feature", "id": 141505, "geometry": {"type": "Point", "coordinates": [-0.140110477476785, 51.5082694546988]}, "properties": {"OBJECTID": 141505, "LOCATION": "Old Bond Street", "BOROUGH": null, "NB_SPACES": "3", "DAYS_OP": "Mon - Sun", "TIMES_OP": null, "STATION_NEARBY": null, "STATION_NAME": null, "RANK_TYPE": null, "ATCOCODE": null, "RANK_REFERENCE": "TR6054", "LOCATION_DETAILS": null, "AREA_CODE": "WES", "TAXI_STATUS": "A", "START_DATE": null, "RANK_NAME": "Old Bond St Piccadilly", "FEATURE_TYPE_CODE": "TTTA", "FEATURE_TYPE_NAME": "TfL Apt - Taxi Rank", "ACCESSIBLE": null, "NIGHT_TUBE": null, "HIGHWAY_AUTHORITY": "WES", "SECTOR_CODE": "All London", "RANK_LENGTH": null, "TAXI_SHELTER_PRESENT": null, "TAXI_STOP_PRESENT": null, "DATASET_LAST_UPDATED": 1788150607000, "_matched": false}}, {"type": "Feature", "id": 141506, "geometry": {"type": "Point", "coordinates": [-0.140743961239674, 51.5068676740789]}, "properties": {"OBJECTID": 141506, "LOCATION": "Arlington Street", "BOROUGH": null, "NB_SPACES": "2", "DAYS_OP": "Mon - Sun", "TIMES_OP": null, "STATION_NEARBY": null, "STATION_NAME": null, "RANK_TYPE": null, "ATCOCODE": null, "RANK_REFERENCE": "TR4150", "LOCATION_DETAILS": null, "AREA_CODE": "WES", "TAXI_STATUS": "A", "START_DATE": null, "RANK_NAME": "Arlington Street / Bennett Street", "FEATURE_TYPE_CODE": "TTTA", "FEATURE_TYPE_NAME": "TfL Apt - Taxi Rank", "ACCESSIBLE": null, "NIGHT_TUBE": null, "HIGHWAY_AUTHORITY": "WES", "SECTOR_CODE": "All London", "RANK_LENGTH": null, "TAXI_SHELTER_PRESENT": null, "TAXI_STOP_PRESENT": null, "DATASET_LAST_UPDATED": 1788150607000, "_matched": false}}, {"type": "Feature", "id": 141507, "geometry": {"type": "Point", "coordinates": [-0.131531349501985, 51.513672484782]}, "properties": {"OBJECTID": 141507, "LOCATION": "Frith Street", "BOROUGH": null, "NB_SPACES": "3", "DAYS_OP": "Mon - Sun", "TIMES_OP": null, "STATION_NEARBY": null, "STATION_NAME": null, "RANK_TYPE": null, "ATCOCODE": null, "RANK_REFERENCE": "TR6046", "LOCATION_DETAILS": null, "AREA_CODE": "WES", "TAXI_STATUS": "A", "START_DATE": null, "RANK_NAME": "Ronnie Scotts", "FEATURE_TYPE_CODE": "TTTA", "FEATURE_TYPE_NAME": "TfL Apt - Taxi Rank", "ACCESSIBLE": null, "NIGHT_TUBE": null, "HIGHWAY_AUTHORITY": "WES", "SECTOR_CODE": "All London", "RANK_LENGTH": null, "TAXI_SHELTER_PRESENT": null, "TAXI_STOP_PRESENT": null, "DATASET_LAST_UPDATED": 1788150607000, "_matched": false}}, {"type": "Feature", "id": 141509, "geometry": {"type": "Point", "coordinates": [-0.096466460635368, 51.507794030573]}, "properties": {"OBJECTID": 141509, "LOCATION": "New Globe Walk", "BOROUGH": null, "NB_SPACES": "3", "DAYS_OP": "Mon - Sun", "TIMES_OP": null, "STATION_NEARBY": null, "STATION_NAME": null, "RANK_TYPE": null, "ATCOCODE": null, "RANK_REFERENCE": "TR5415", "LOCATION_DETAILS": null, "AREA_CODE": "SWK", "TAXI_STATUS": "A", "START_DATE": null, "RANK_NAME": "New Globe Walk (Globe Theatre), Se1", "FEATURE_TYPE_CODE": "TTTA", "FEATURE_TYPE_NAME": "TfL Apt - Taxi Rank", "ACCESSIBLE": null, "NIGHT_TUBE": null, "HIGHWAY_AUTHORITY": "SWK", "SECTOR_CODE": "All London", "RANK_LENGTH": null, "TAXI_SHELTER_PRESENT": null, "TAXI_STOP_PRESENT": null, "DATASET_LAST_UPDATED": 1788150607000, "_matched": false}}, {"type": "Feature", "id": 141510, "geometry": {"type": "Point", "coordinates": [-0.114396644073543, 51.337870586388]}, "properties": {"OBJECTID": 141510, "LOCATION": "Station Approach", "BOROUGH": null, "NB_SPACES": "5", "DAYS_OP": "Mon - Sun", "TIMES_OP": null, "STATION_NEARBY": null, "STATION_NAME": "Purley Station", "RANK_TYPE": null, "ATCOCODE": null, "RANK_REFERENCE": "TR6098", "LOCATION_DETAILS": null, "AREA_CODE": "CRO", "TAXI_STATUS": "A", "START_DATE": null, "RANK_NAME": "Purley Station, Cr8", "FEATURE_TYPE_CODE": "TPTA", "FEATURE_TYPE_NAME": "Private - Taxi Rank", "ACCESSIBLE": null, "NIGHT_TUBE": null, "HIGHWAY_AUTHORITY": "Private", "SECTOR_CODE": "Sector 5", "RANK_LENGTH": null, "TAXI_SHELTER_PRESENT": null, "TAXI_STOP_PRESENT": null, "DATASET_LAST_UPDATED": 1788150607000, "_matched": false}}, {"type": "Feature", "id": 141511, "geometry": {"type": "Point", "coordinates": [-0.00421035993542415, 51.5427435284346]}, "properties": {"OBJECTID": 141511, "LOCATION": "Montfichet Road", "BOROUGH": null, "NB_SPACES": "4", "DAYS_OP": "Mon - Sun", "TIMES_OP": null, "STATION_NEARBY": null, "STATION_NAME": "Stratford Station", "RANK_TYPE": null, "ATCOCODE": null, "RANK_REFERENCE": "TR5983", "LOCATION_DETAILS": null, "AREA_CODE": "NEW", "TAXI_STATUS": "A", "START_DATE": null, "RANK_NAME": "Montfichet Road (Westfield Shopping Centre/stratford Station), E20", "FEATURE_TYPE_CODE": "TTTA", "FEATURE_TYPE_NAME": "TfL Apt - Taxi Rank", "ACCESSIBLE": null, "NIGHT_TUBE": null, "HIGHWAY_AUTHORITY": "NEW", "SECTOR_CODE": "Sector 2", "RANK_LENGTH": null, "TAXI_SHELTER_PRESENT": null, "TAXI_STOP_PRESENT": null, "DATASET_LAST_UPDATED": 1788150607000, "_matched": true}}, {"type": "Feature", "id": 141512, "geometry": {"type": "Point", "coordinates": [-0.0261332818545206, 51.4790148821741]}, "properties": {"OBJECTID": 141512, "LOCATION": "Deptford High Street", "BOROUGH": null, "NB_SPACES": "4", "DAYS_OP": "Mon - Sun", "TIMES_OP": null, "STATION_NEARBY": null, "STATION_NAME": "Deptford Station", "RANK_TYPE": null, "ATCOCODE": null, "RANK_REFERENCE": "TR6034", "LOCATION_DETAILS": null, "AREA_CODE": "LEW", "TAXI_STATUS": "A", "START_DATE": null, "RANK_NAME": "Deptford Station", "FEATURE_TYPE_CODE": "TTTA", "FEATURE_TYPE_NAME": "TfL Apt - Taxi Rank", "ACCESSIBLE": null, "NIGHT_TUBE": null, "HIGHWAY_AUTHORITY": "LEW", "SECTOR_CODE": "Sector 3", "RANK_LENGTH": null, "TAXI_SHELTER_PRESENT": null, "TAXI_STOP_PRESENT": null, "DATASET_LAST_UPDATED": 1788150607000, "_matched": false}}, {"type": "Feature", "id": 141513, "geometry": {"type": "Point", "coordinates": [-0.279412655799328, 51.5630187628104]}, "properties": {"OBJECTID": 141513, "LOCATION": "Bridge Road - Wembley", "BOROUGH": null, "NB_SPACES": "17", "DAYS_OP": "Mon - Sun", "TIMES_OP": null, "STATION_NEARBY": null, "STATION_NAME": "Wembley Park Station", "RANK_TYPE": null, "ATCOCODE": null, "RANK_REFERENCE": "TR5583", "LOCATION_DETAILS": null, "AREA_CODE": "BRE", "TAXI_STATUS": "A", "START_DATE": null, "RANK_NAME": "Wembley Park Station", "FEATURE_TYPE_CODE": "TTTA", "FEATURE_TYPE_NAME": "TfL Apt - Taxi Rank", "ACCESSIBLE": null, "NIGHT_TUBE": null, "HIGHWAY_AUTHORITY": "BRE", "SECTOR_CODE": "Sector 9", "RANK_LENGTH": null, "TAXI_SHELTER_PRESENT": null, "TAXI_STOP_PRESENT": "PCO5583", "DATASET_LAST_UPDATED": 1788150607000, "_matched": false}}, {"type": "Feature", "id": 141514, "geometry": {"type": "Point", "coordinates": [-0.334799964606306, 51.5926288328613]}, "properties": {"OBJECTID": 141514, "LOCATION": "Service Road, Hrw & Wealdstone Station", "BOROUGH": null, "NB_SPACES": "3", "DAYS_OP": "Mon - Sun", "TIMES_OP": null, "STATION_NEARBY": null, "STATION_NAME": "Harrow & Wealdstone Station", "RANK_TYPE": null, "ATCOCODE": null, "RANK_REFERENCE": "TR5401", "LOCATION_DETAILS": null, "AREA_CODE": "HRW", "TAXI_STATUS": "A", "START_DATE": null, "RANK_NAME": "Service Road, Harrow And Wealdstone Station, Ha3", "FEATURE_TYPE_CODE": "TTTA", "FEATURE_TYPE_NAME": "TfL Apt - Taxi Rank", "ACCESSIBLE": null, "NIGHT_TUBE": null, "HIGHWAY_AUTHORITY": "HRW", "SECTOR_CODE": "Sector 9", "RANK_LENGTH": null, "TAXI_SHELTER_PRESENT": null, "TAXI_STOP_PRESENT": "PCO5401", "DATASET_LAST_UPDATED": 1788150607000, "_matched": true}}, {"type": "Feature", "id": 141515, "geometry": {"type": "Point", "coordinates": [-0.456354454814696, 51.4720780549819]}, "properties": {"OBJECTID": 141515, "LOCATION": "Heathrow Airport Terminal3 Bus Park", "BOROUGH": null, "NB_SPACES": "8", "DAYS_OP": "Mon - Sun", "TIMES_OP": null, "STATION_NEARBY": null, "STATION_NAME": "Heathrow Terminals 1-3 Station", "RANK_TYPE": null, "ATCOCODE": null, "RANK_REFERENCE": "TR5934", "LOCATION_DETAILS": null, "AREA_CODE": "HIL", "TAXI_STATUS": "A", "START_DATE": null, "RANK_NAME": "Heathrow Airport (Terminal 3)", "FEATURE_TYPE_CODE": "TPTA", "FEATURE_TYPE_NAME": "Private - Taxi Rank", "ACCESSIBLE": null, "NIGHT_TUBE": null, "HIGHWAY_AUTHORITY": "BAA", "SECTOR_CODE": "All London", "RANK_LENGTH": null, "TAXI_SHELTER_PRESENT": null, "TAXI_STOP_PRESENT": null, "DATASET_LAST_UPDATED": 1788150607000, "_matched": false}}, {"type": "Feature", "id": 141516, "geometry": {"type": "Point", "coordinates": [-0.126906350546503, 51.5104783089275]}, "properties": {"OBJECTID": 141516, "LOCATION": "St Martin's Lane", "BOROUGH": null, "NB_SPACES": "3", "DAYS_OP": "Mon - Sun", "TIMES_OP": null, "STATION_NEARBY": null, "STATION_NAME": null, "RANK_TYPE": null, "ATCOCODE": null, "RANK_REFERENCE": "TR5364", "LOCATION_DETAILS": null, "AREA_CODE": "WES", "TAXI_STATUS": "A", "START_DATE": null, "RANK_NAME": "St. Martins Lane (St. Martins Lane Hotel), Wc2", "FEATURE_TYPE_CODE": "TTTA", "FEATURE_TYPE_NAME": "TfL Apt - Taxi Rank", "ACCESSIBLE": null, "NIGHT_TUBE": null, "HIGHWAY_AUTHORITY": "WES", "SECTOR_CODE": "All London", "RANK_LENGTH": null, "TAXI_SHELTER_PRESENT": null, "TAXI_STOP_PRESENT": null, "DATASET_LAST_UPDATED": 1788150607000, "_matched": false}}, {"type": "Feature", "id": 141517, "geometry": {"type": "Point", "coordinates": [-0.105730533704761, 51.5647947050244]}, "properties": {"OBJECTID": 141517, "LOCATION": "Finsbury Park Station Place Bus Station", "BOROUGH": null, "NB_SPACES": "4", "DAYS_OP": "Mon - Sun", "TIMES_OP": null, "STATION_NEARBY": null, "STATION_NAME": "Finsbury Park Station", "RANK_TYPE": null, "ATCOCODE": null, "RANK_REFERENCE": "TR5870", "LOCATION_DETAILS": null, "AREA_CODE": "ISL", "TAXI_STATUS": "A", "START_DATE": null, "RANK_NAME": "Finsbury Park (Bus Station/station Place), N4", "FEATURE_TYPE_CODE": "TTTA", "FEATURE_TYPE_NAME": "TfL Apt - Taxi Rank", "ACCESSIBLE": null, "NIGHT_TUBE": null, "HIGHWAY_AUTHORITY": "ISL", "SECTOR_CODE": "Island", "RANK_LENGTH": null, "TAXI_SHELTER_PRESENT": null, "TAXI_STOP_PRESENT": "PCO5593", "DATASET_LAST_UPDATED": 1788150607000, "_matched": true}}, {"type": "Feature", "id": 141518, "geometry": {"type": "Point", "coordinates": [-0.227576807459676, 51.5833612255364]}, "properties": {"OBJECTID": 141518, "LOCATION": "Watford Way", "BOROUGH": null, "NB_SPACES": "2", "DAYS_OP": "Mon - Sun", "TIMES_OP": null, "STATION_NEARBY": null, "STATION_NAME": "Hendon Central Station", "RANK_TYPE": null, "ATCOCODE": null, "RANK_REFERENCE": "TR5837", "LOCATION_DETAILS": null, "AREA_CODE": "BAT", "TAXI_STATUS": "A", "START_DATE": null, "RANK_NAME": "Watford Way (Hendon Central Station), Nw4", "FEATURE_TYPE_CODE": "TTTA", "FEATURE_TYPE_NAME": "TfL Apt - Taxi Rank", "ACCESSIBLE": null, "NIGHT_TUBE": null, "HIGHWAY_AUTHORITY": "BAT", "SECTOR_CODE": "Sector 9", "RANK_LENGTH": null, "TAXI_SHELTER_PRESENT": null, "TAXI_STOP_PRESENT": null, "DATASET_LAST_UPDATED": 1788150607000, "_matched": false}}, {"type": "Feature", "id": 141519, "geometry": {"type": "Point", "coordinates": [0.249508344902186, 51.5300585785599]}, "properties": {"OBJECTID": 141519, "LOCATION": "Damyns Hall Aerodrome", "BOROUGH": null, "NB_SPACES": "20", "DAYS_OP": "Only in operation during events", "TIMES_OP": null, "STATION_NEARBY": null, "STATION_NAME": null, "RANK_TYPE": null, "ATCOCODE": null, "RANK_REFERENCE": "TR5803", "LOCATION_DETAILS": null, "AREA_CODE": "HAV", "TAXI_STATUS": "A", "START_DATE": null, "RANK_NAME": "The Standing Shall Be Within Damyns Hall Aerodrome And For Approximately 20 Taxis With Additional Sp", "FEATURE_TYPE_CODE": "TTTE", "FEATURE_TYPE_NAME": "TfL Apt - Temporary Rank", "ACCESSIBLE": null, "NIGHT_TUBE": null, "HIGHWAY_AUTHORITY": "HAV", "SECTOR_CODE": "Sector 2", "RANK_LENGTH": null, "TAXI_SHELTER_PRESENT": null, "TAXI_STOP_PRESENT": null, "DATASET_LAST_UPDATED": 1788150607000, "_matched": false}}, {"type": "Feature", "id": 141520, "geometry": {"type": "Point", "coordinates": [-0.0898410297939176, 51.5276947532473]}, "properties": {"OBJECTID": 141520, "LOCATION": "City Road", "BOROUGH": null, "NB_SPACES": "2", "DAYS_OP": "Mon - Sun", "TIMES_OP": null, "STATION_NEARBY": null, "STATION_NAME": null, "RANK_TYPE": null, "ATCOCODE": null, "RANK_REFERENCE": "TR5116", "LOCATION_DETAILS": null, "AREA_CODE": "ISL", "TAXI_STATUS": "A", "START_DATE": null, "RANK_NAME": "City Road (Moorfields Eye Hospital), Ec1", "FEATURE_TYPE_CODE": "TTTA", "FEATURE_TYPE_NAME": "TfL Apt - Taxi Rank", "ACCESSIBLE": null, "NIGHT_TUBE": null, "HIGHWAY_AUTHORITY": "ISL", "SECTOR_CODE": "All London", "RANK_LENGTH": null, "TAXI_SHELTER_PRESENT": null, "TAXI_STOP_PRESENT": "PCO5116", "DATASET_LAST_UPDATED": 1788150607000, "_matched": false}}, {"type": "Feature", "id": 141521, "geometry": {"type": "Point", "coordinates": [-0.278231387641227, 51.5851224186161]}, "properties": {"OBJECTID": 141521, "LOCATION": "Kingsbury Road", "BOROUGH": null, "NB_SPACES": "2", "DAYS_OP": "Mon - Sun", "TIMES_OP": null, "STATION_NEARBY": null, "STATION_NAME": "Kingsbury Station", "RANK_TYPE": null, "ATCOCODE": null, "RANK_REFERENCE": "TR5196", "LOCATION_DETAILS": null, "AREA_CODE": "BRE", "TAXI_STATUS": "A", "START_DATE": null, "RANK_NAME": "Kingsbury Road (Kingsbury Station), Kingsbury, Nw9", "FEATURE_TYPE_CODE": "TTTA", "FEATURE_TYPE_NAME": "TfL Apt - Taxi Rank", "ACCESSIBLE": null, "NIGHT_TUBE": null, "HIGHWAY_AUTHORITY": "BRE", "SECTOR_CODE": "Sector 8", "RANK_LENGTH": null, "TAXI_SHELTER_PRESENT": null, "TAXI_STOP_PRESENT": null, "DATASET_LAST_UPDATED": 1788150607000, "_matched": false}}, {"type": "Feature", "id": 141523, "geometry": {"type": "Point", "coordinates": [-0.351814344059936, 51.5648852999258]}, "properties": {"OBJECTID": 141523, "LOCATION": "South Hill Avenue", "BOROUGH": null, "NB_SPACES": "2", "DAYS_OP": "Mon - Sun", "TIMES_OP": null, "STATION_NEARBY": null, "STATION_NAME": "South Harrow Station", "RANK_TYPE": null, "ATCOCODE": null, "RANK_REFERENCE": "TR5391", "LOCATION_DETAILS": null, "AREA_CODE": "HRW", "TAXI_STATUS": "A", "START_DATE": null, "RANK_NAME": "South Hill Avenue (South Harrow Station), South Harrow, Ha1", "FEATURE_TYPE_CODE": "TTTA", "FEATURE_TYPE_NAME": "TfL Apt - Taxi Rank", "ACCESSIBLE": null, "NIGHT_TUBE": null, "HIGHWAY_AUTHORITY": "HRW", "SECTOR_CODE": "Sector 9", "RANK_LENGTH": null, "TAXI_SHELTER_PRESENT": null, "TAXI_STOP_PRESENT": null, "DATASET_LAST_UPDATED": 1788150607000, "_matched": false}}, {"type": "Feature", "id": 141524, "geometry": {"type": "Point", "coordinates": [-0.092909598793675, 51.5125652547005]}, "properties": {"OBJECTID": 141524, "LOCATION": "Queen Victoria Street", "BOROUGH": null, "NB_SPACES": "2", "DAYS_OP": "Mon - Sun", "TIMES_OP": null, "STATION_NEARBY": null, "STATION_NAME": null, "RANK_TYPE": null, "ATCOCODE": null, "RANK_REFERENCE": "TR5921", "LOCATION_DETAILS": null, "AREA_CODE": "CTY", "TAXI_STATUS": "A", "START_DATE": null, "RANK_NAME": "Queen Victoria Street (City Of London)", "FEATURE_TYPE_CODE": "TCTA", "FEATURE_TYPE_NAME": "COL - Taxi Rank", "ACCESSIBLE": null, "NIGHT_TUBE": null, "HIGHWAY_AUTHORITY": "CTY", "SECTOR_CODE": "All London", "RANK_LENGTH": null, "TAXI_SHELTER_PRESENT": null, "TAXI_STOP_PRESENT": null, "DATASET_LAST_UPDATED": 1788150607000, "_matched": false}}, {"type": "Feature", "id": 141525, "geometry": {"type": "Point", "coordinates": [-0.107180281551117, 51.5934590681233]}, "properties": {"OBJECTID": 141525, "LOCATION": "High Road", "BOROUGH": null, "NB_SPACES": "2", "DAYS_OP": "Mon - Sun", "TIMES_OP": null, "STATION_NEARBY": null, "STATION_NAME": null, "RANK_TYPE": null, "ATCOCODE": null, "RANK_REFERENCE": "TR5564", "LOCATION_DETAILS": null, "AREA_CODE": "HGY", "TAXI_STATUS": "A", "START_DATE": null, "RANK_NAME": "High Road (Lymington Avenue) Wood Green, N22", "FEATURE_TYPE_CODE": "TTTA", "FEATURE_TYPE_NAME": "TfL Apt - Taxi Rank", "ACCESSIBLE": null, "NIGHT_TUBE": null, "HIGHWAY_AUTHORITY": "HGY", "SECTOR_CODE": "Sector 1", "RANK_LENGTH": null, "TAXI_SHELTER_PRESENT": null, "TAXI_STOP_PRESENT": null, "DATASET_LAST_UPDATED": 1788150607000, "_matched": false}}, {"type": "Feature", "id": 141526, "geometry": {"type": "Point", "coordinates": [-0.191311720066504, 51.3596228811517]}, "properties": {"OBJECTID": 141526, "LOCATION": "High Street", "BOROUGH": null, "NB_SPACES": "15", "DAYS_OP": "Mon - Sun", "TIMES_OP": null, "STATION_NEARBY": null, "STATION_NAME": "Sutton (London) Station", "RANK_TYPE": null, "ATCOCODE": null, "RANK_REFERENCE": "TR5994", "LOCATION_DETAILS": null, "AREA_CODE": "SUT", "TAXI_STATUS": "A", "START_DATE": null, "RANK_NAME": "High Street/mulgrave Road (Sutton Station), Sm2", "FEATURE_TYPE_CODE": "TTTA", "FEATURE_TYPE_NAME": "TfL Apt - Taxi Rank", "ACCESSIBLE": null, "NIGHT_TUBE": null, "HIGHWAY_AUTHORITY": "SUT", "SECTOR_CODE": "Sector 6", "RANK_LENGTH": null, "TAXI_SHELTER_PRESENT": null, "TAXI_STOP_PRESENT": "PCO5482", "DATASET_LAST_UPDATED": 1788150607000, "_matched": true}}, {"type": "Feature", "id": 141527, "geometry": {"type": "Point", "coordinates": [0.0528217370567381, 51.4550871416513]}, "properties": {"OBJECTID": 141527, "LOCATION": "Glenlea Path", "BOROUGH": null, "NB_SPACES": "6", "DAYS_OP": "Mon - Sun", "TIMES_OP": null, "STATION_NEARBY": null, "STATION_NAME": "Eltham Station", "RANK_TYPE": null, "ATCOCODE": null, "RANK_REFERENCE": "TR5871", "LOCATION_DETAILS": null, "AREA_CODE": "GRE", "TAXI_STATUS": "A", "START_DATE": null, "RANK_NAME": "Glenlea Path (Eltham Station), Se9", "FEATURE_TYPE_CODE": "TTTA", "FEATURE_TYPE_NAME": "TfL Apt - Taxi Rank", "ACCESSIBLE": null, "NIGHT_TUBE": null, "HIGHWAY_AUTHORITY": "GRE", "SECTOR_CODE": "Sector 3", "RANK_LENGTH": null, "TAXI_SHELTER_PRESENT": null, "TAXI_STOP_PRESENT": null, "DATASET_LAST_UPDATED": 1788150607000, "_matched": false}}, {"type": "Feature", "id": 141528, "geometry": {"type": "Point", "coordinates": [-0.254530136818119, 51.4927716472825]}, "properties": {"OBJECTID": 141528, "LOCATION": "Chiswick High Road", "BOROUGH": null, "NB_SPACES": "2", "DAYS_OP": "Mon - Sun", "TIMES_OP": null, "STATION_NEARBY": null, "STATION_NAME": null, "RANK_TYPE": null, "ATCOCODE": null, "RANK_REFERENCE": "TR6202", "LOCATION_DETAILS": null, "AREA_CODE": "HOU", "TAXI_STATUS": "A", "START_DATE": null, "RANK_NAME": "High Road Brasserie", "FEATURE_TYPE_CODE": "TTTA", "FEATURE_TYPE_NAME": "TfL Apt - Taxi Rank", "ACCESSIBLE": null, "NIGHT_TUBE": null, "HIGHWAY_AUTHORITY": "HOU", "SECTOR_CODE": "Sector 7", "RANK_LENGTH": null, "TAXI_SHELTER_PRESENT": null, "TAXI_STOP_PRESENT": null, "DATASET_LAST_UPDATED": 1788150607000, "_matched": false}}, {"type": "Feature", "id": 141529, "geometry": {"type": "Point", "coordinates": [-0.204987823202415, 51.5346209644713]}, "properties": {"OBJECTID": 141529, "LOCATION": "Salusbury Road", "BOROUGH": null, "NB_SPACES": "2", "DAYS_OP": "Mon - Sun", "TIMES_OP": null, "STATION_NEARBY": null, "STATION_NAME": "Queens Park Station", "RANK_TYPE": null, "ATCOCODE": null, "RANK_REFERENCE": "TR6144", "LOCATION_DETAILS": null, "AREA_CODE": "BRE", "TAXI_STATUS": "A", "START_DATE": null, "RANK_NAME": "Queens Park Station", "FEATURE_TYPE_CODE": "TTTA", "FEATURE_TYPE_NAME": "TfL Apt - Taxi Rank", "ACCESSIBLE": null, "NIGHT_TUBE": null, "HIGHWAY_AUTHORITY": "BRE", "SECTOR_CODE": "Sector 9", "RANK_LENGTH": null, "TAXI_SHELTER_PRESENT": null, "TAXI_STOP_PRESENT": null, "DATASET_LAST_UPDATED": 1788150607000, "_matched": false}}, {"type": "Feature", "id": 141530, "geometry": {"type": "Point", "coordinates": [-0.15293074832877, 51.5365375864495]}, "properties": {"OBJECTID": 141530, "LOCATION": "Outer Circle", "BOROUGH": null, "NB_SPACES": "16", "DAYS_OP": "Event time only", "TIMES_OP": null, "STATION_NEARBY": null, "STATION_NAME": null, "RANK_TYPE": null, "ATCOCODE": null, "RANK_REFERENCE": "TR5847", "LOCATION_DETAILS": null, "AREA_CODE": "CDN", "TAXI_STATUS": "A", "START_DATE": null, "RANK_NAME": "Outer Circle (Regents Park - Brunswick Place), Nw1", "FEATURE_TYPE_CODE": "TTTE", "FEATURE_TYPE_NAME": "TfL Apt - Temporary Rank", "ACCESSIBLE": null, "NIGHT_TUBE": null, "HIGHWAY_AUTHORITY": "CDN", "SECTOR_CODE": "All London", "RANK_LENGTH": null, "TAXI_SHELTER_PRESENT": null, "TAXI_STOP_PRESENT": null, "DATASET_LAST_UPDATED": 1788150607000, "_matched": false}}, {"type": "Feature", "id": 141531, "geometry": {"type": "Point", "coordinates": [-0.0370467309937926, 51.4757269255602]}, "properties": {"OBJECTID": 141531, "LOCATION": "New Cross Road", "BOROUGH": null, "NB_SPACES": "4", "DAYS_OP": "Mon - Sun", "TIMES_OP": null, "STATION_NEARBY": null, "STATION_NAME": null, "RANK_TYPE": null, "ATCOCODE": null, "RANK_REFERENCE": "TR6007", "LOCATION_DETAILS": null, "AREA_CODE": "LEW", "TAXI_STATUS": "A", "START_DATE": null, "RANK_NAME": "New Cross Road ( The Venue), Se14", "FEATURE_TYPE_CODE": "TTTA", "FEATURE_TYPE_NAME": "TfL Apt - Taxi Rank", "ACCESSIBLE": null, "NIGHT_TUBE": null, "HIGHWAY_AUTHORITY": "TFL", "SECTOR_CODE": "Sector 3", "RANK_LENGTH": null, "TAXI_SHELTER_PRESENT": null, "TAXI_STOP_PRESENT": null, "DATASET_LAST_UPDATED": 1788150607000, "_matched": false}}, {"type": "Feature", "id": 141532, "geometry": {"type": "Point", "coordinates": [-0.206027209579995, 51.4208100219752]}, "properties": {"OBJECTID": 141532, "LOCATION": "The Broadway", "BOROUGH": null, "NB_SPACES": "2", "DAYS_OP": "Mon - Sun", "TIMES_OP": null, "STATION_NEARBY": null, "STATION_NAME": "Wimbledon Station", "RANK_TYPE": null, "ATCOCODE": null, "RANK_REFERENCE": "TR5679", "LOCATION_DETAILS": null, "AREA_CODE": "MER", "TAXI_STATUS": "A", "START_DATE": null, "RANK_NAME": "Broadway (Centre Court) Wimbledon, Sw19", "FEATURE_TYPE_CODE": "TTTA", "FEATURE_TYPE_NAME": "TfL Apt - Taxi Rank", "ACCESSIBLE": null, "NIGHT_TUBE": null, "HIGHWAY_AUTHORITY": "MER", "SECTOR_CODE": "Sector 6", "RANK_LENGTH": null, "TAXI_SHELTER_PRESENT": null, "TAXI_STOP_PRESENT": null, "DATASET_LAST_UPDATED": 1788150607000, "_matched": false}}, {"type": "Feature", "id": 141533, "geometry": {"type": "Point", "coordinates": [-0.0259265312515247, 51.4107295645795]}, "properties": {"OBJECTID": 141533, "LOCATION": "Station Approach", "BOROUGH": null, "NB_SPACES": "1", "DAYS_OP": "Mon - Sun", "TIMES_OP": null, "STATION_NEARBY": null, "STATION_NAME": "Beckenham Junction", "RANK_TYPE": null, "ATCOCODE": null, "RANK_REFERENCE": "TR6095", "LOCATION_DETAILS": null, "AREA_CODE": "BRO", "TAXI_STATUS": "A", "START_DATE": null, "RANK_NAME": "Beckenham Junction, Br3", "FEATURE_TYPE_CODE": "TPTA", "FEATURE_TYPE_NAME": "Private - Taxi Rank", "ACCESSIBLE": null, "NIGHT_TUBE": null, "HIGHWAY_AUTHORITY": "Private", "SECTOR_CODE": "Sector 3", "RANK_LENGTH": null, "TAXI_SHELTER_PRESENT": null, "TAXI_STOP_PRESENT": null, "DATASET_LAST_UPDATED": 1788150607000, "_matched": false}}, {"type": "Feature", "id": 141534, "geometry": {"type": "Point", "coordinates": [0.219290643077262, 51.5633055214212]}, "properties": {"OBJECTID": 141534, "LOCATION": "Leather Lane", "BOROUGH": null, "NB_SPACES": "3", "DAYS_OP": "Mon - Sun", "TIMES_OP": null, "STATION_NEARBY": null, "STATION_NAME": null, "RANK_TYPE": null, "ATCOCODE": null, "RANK_REFERENCE": "TR5001", "LOCATION_DETAILS": null, "AREA_CODE": "HAV", "TAXI_STATUS": "A", "START_DATE": null, "RANK_NAME": "Leather Lane (Sainsbury's), Hornchurch, Rm11", "FEATURE_TYPE_CODE": "TTTA", "FEATURE_TYPE_NAME": "TfL Apt - Taxi Rank", "ACCESSIBLE": null, "NIGHT_TUBE": null, "HIGHWAY_AUTHORITY": "HAV", "SECTOR_CODE": "Sector 2", "RANK_LENGTH": null, "TAXI_SHELTER_PRESENT": null, "TAXI_STOP_PRESENT": null, "DATASET_LAST_UPDATED": 1788150607000, "_matched": false}}, {"type": "Feature", "id": 141535, "geometry": {"type": "Point", "coordinates": [-0.385630744175416, 51.4728342616343]}, "properties": {"OBJECTID": 141535, "LOCATION": "Bath Road", "BOROUGH": null, "NB_SPACES": "2", "DAYS_OP": "Mon - Sun", "TIMES_OP": null, "STATION_NEARBY": null, "STATION_NAME": "Hounslow West Station", "RANK_TYPE": null, "ATCOCODE": null, "RANK_REFERENCE": "TR5556", "LOCATION_DETAILS": null, "AREA_CODE": "HOU", "TAXI_STATUS": "A", "START_DATE": null, "RANK_NAME": "Bath Road (Hounslow West Station), Tw6", "FEATURE_TYPE_CODE": "TTTA", "FEATURE_TYPE_NAME": "TfL Apt - Taxi Rank", "ACCESSIBLE": null, "NIGHT_TUBE": null, "HIGHWAY_AUTHORITY": "HOU", "SECTOR_CODE": "Sector 7", "RANK_LENGTH": null, "TAXI_SHELTER_PRESENT": null, "TAXI_STOP_PRESENT": "PCO5556", "DATASET_LAST_UPDATED": 1788150607000, "_matched": false}}, {"type": "Feature", "id": 141536, "geometry": {"type": "Point", "coordinates": [-0.143947749050507, 51.5407841290815]}, "properties": {"OBJECTID": 141536, "LOCATION": "Hawley Crescent", "BOROUGH": null, "NB_SPACES": "3", "DAYS_OP": "Sat - Sun", "TIMES_OP": null, "STATION_NEARBY": null, "STATION_NAME": null, "RANK_TYPE": null, "ATCOCODE": null, "RANK_REFERENCE": "TR5300", "LOCATION_DETAILS": null, "AREA_CODE": "CDN", "TAXI_STATUS": "A", "START_DATE": null, "RANK_NAME": "Hawley Crescent, Camden Market, Nw1", "FEATURE_TYPE_CODE": "TTTA", "FEATURE_TYPE_NAME": "TfL Apt - Taxi Rank", "ACCESSIBLE": null, "NIGHT_TUBE": null, "HIGHWAY_AUTHORITY": "CDN", "SECTOR_CODE": "All London", "RANK_LENGTH": null, "TAXI_SHELTER_PRESENT": null, "TAXI_STOP_PRESENT": null, "DATASET_LAST_UPDATED": 1788150607000, "_matched": false}}, {"type": "Feature", "id": 141537, "geometry": {"type": "Point", "coordinates": [-0.130629612080624, 51.5166885937815]}, "properties": {"OBJECTID": 141537, "LOCATION": "Tottenham Court Road", "BOROUGH": null, "NB_SPACES": "4", "DAYS_OP": "Mon - Sun", "TIMES_OP": null, "STATION_NEARBY": null, "STATION_NAME": "Tottenham Court Road", "RANK_TYPE": null, "ATCOCODE": null, "RANK_REFERENCE": "TR6126", "LOCATION_DETAILS": null, "AREA_CODE": "CDN", "TAXI_STATUS": "A", "START_DATE": null, "RANK_NAME": "Dominion Theatre", "FEATURE_TYPE_CODE": "TTTA", "FEATURE_TYPE_NAME": "TfL Apt - Taxi Rank", "ACCESSIBLE": null, "NIGHT_TUBE": null, "HIGHWAY_AUTHORITY": "CDN", "SECTOR_CODE": "All London", "RANK_LENGTH": null, "TAXI_SHELTER_PRESENT": null, "TAXI_STOP_PRESENT": null, "DATASET_LAST_UPDATED": 1788150607000, "_matched": false}}, {"type": "Feature", "id": 141538, "geometry": {"type": "Point", "coordinates": [-0.13394996733422, 51.5123261425112]}, "properties": {"OBJECTID": 141538, "LOCATION": "Brewer Street", "BOROUGH": null, "NB_SPACES": "3", "DAYS_OP": "Mon - Sun", "TIMES_OP": null, "STATION_NEARBY": null, "STATION_NAME": null, "RANK_TYPE": null, "ATCOCODE": null, "RANK_REFERENCE": "TR5017", "LOCATION_DETAILS": null, "AREA_CODE": "WES", "TAXI_STATUS": "A", "START_DATE": null, "RANK_NAME": "Brewer Street (Madame Jo-Jo's), W1", "FEATURE_TYPE_CODE": "TTTA", "FEATURE_TYPE_NAME": "TfL Apt - Taxi Rank", "ACCESSIBLE": null, "NIGHT_TUBE": null, "HIGHWAY_AUTHORITY": "WES", "SECTOR_CODE": "All London", "RANK_LENGTH": null, "TAXI_SHELTER_PRESENT": null, "TAXI_STOP_PRESENT": null, "DATASET_LAST_UPDATED": 1788150607000, "_matched": false}}, {"type": "Feature", "id": 141539, "geometry": {"type": "Point", "coordinates": [-0.162279379415892, 51.5009663007232]}, "properties": {"OBJECTID": 141539, "LOCATION": "Knightsbridge Green", "BOROUGH": null, "NB_SPACES": "2", "DAYS_OP": "Mon - Sun", "TIMES_OP": null, "STATION_NEARBY": null, "STATION_NAME": null, "RANK_TYPE": null, "ATCOCODE": null, "RANK_REFERENCE": "TR5410", "LOCATION_DETAILS": null, "AREA_CODE": "WES", "TAXI_STATUS": "A", "START_DATE": null, "RANK_NAME": "Knightsbridge Green, Sw1", "FEATURE_TYPE_CODE": "TTTA", "FEATURE_TYPE_NAME": "TfL Apt - Taxi Rank", "ACCESSIBLE": null, "NIGHT_TUBE": null, "HIGHWAY_AUTHORITY": "TFL", "SECTOR_CODE": "All London", "RANK_LENGTH": null, "TAXI_SHELTER_PRESENT": null, "TAXI_STOP_PRESENT": null, "DATASET_LAST_UPDATED": 1788150607000, "_matched": false}}, {"type": "Feature", "id": 141540, "geometry": {"type": "Point", "coordinates": [0.0749796205924106, 51.3891568258063]}, "properties": {"OBJECTID": 141540, "LOCATION": "Petts Wood Station", "BOROUGH": null, "NB_SPACES": "2", "DAYS_OP": "Mon - Sun", "TIMES_OP": null, "STATION_NEARBY": null, "STATION_NAME": "Petts Wood Station", "RANK_TYPE": null, "ATCOCODE": null, "RANK_REFERENCE": "TR5475", "LOCATION_DETAILS": null, "AREA_CODE": "BRO", "TAXI_STATUS": "A", "START_DATE": null, "RANK_NAME": "Petts Wood Square, Petts Wood Station, Br5", "FEATURE_TYPE_CODE": "TTTA", "FEATURE_TYPE_NAME": "TfL Apt - Taxi Rank", "ACCESSIBLE": null, "NIGHT_TUBE": null, "HIGHWAY_AUTHORITY": "BRO", "SECTOR_CODE": "Sector 4", "RANK_LENGTH": null, "TAXI_SHELTER_PRESENT": null, "TAXI_STOP_PRESENT": null, "DATASET_LAST_UPDATED": 1788150607000, "_matched": false}}, {"type": "Feature", "id": 141541, "geometry": {"type": "Point", "coordinates": [-0.202682353996987, 51.5137142555066]}, "properties": {"OBJECTID": 141541, "LOCATION": "Westbourne Grove", "BOROUGH": null, "NB_SPACES": "4", "DAYS_OP": "Mon - Sun", "TIMES_OP": null, "STATION_NEARBY": null, "STATION_NAME": null, "RANK_TYPE": null, "ATCOCODE": null, "RANK_REFERENCE": "TR5622", "LOCATION_DETAILS": null, "AREA_CODE": "K&C", "TAXI_STATUS": "A", "START_DATE": null, "RANK_NAME": "Westbourne Grove (Portobello Road), W11", "FEATURE_TYPE_CODE": "TTTA", "FEATURE_TYPE_NAME": "TfL Apt - Taxi Rank", "ACCESSIBLE": null, "NIGHT_TUBE": null, "HIGHWAY_AUTHORITY": "K&C", "SECTOR_CODE": "All London", "RANK_LENGTH": null, "TAXI_SHELTER_PRESENT": null, "TAXI_STOP_PRESENT": null, "DATASET_LAST_UPDATED": 1788150607000, "_matched": false}}, {"type": "Feature", "id": 141542, "geometry": {"type": "Point", "coordinates": [-0.220377855297029, 51.5074915472413]}, "properties": {"OBJECTID": 141542, "LOCATION": "White City Bus Station", "BOROUGH": null, "NB_SPACES": "10", "DAYS_OP": "Mon - Sun", "TIMES_OP": null, "STATION_NEARBY": null, "STATION_NAME": null, "RANK_TYPE": null, "ATCOCODE": null, "RANK_REFERENCE": "TR5931", "LOCATION_DETAILS": null, "AREA_CODE": "H&F", "TAXI_STATUS": "A", "START_DATE": null, "RANK_NAME": "White City (Westfield Shepherds Bush Centre)", "FEATURE_TYPE_CODE": "TPTA", "FEATURE_TYPE_NAME": "Private - Taxi Rank", "ACCESSIBLE": null, "NIGHT_TUBE": null, "HIGHWAY_AUTHORITY": "H&F", "SECTOR_CODE": "All London", "RANK_LENGTH": null, "TAXI_SHELTER_PRESENT": null, "TAXI_STOP_PRESENT": null, "DATASET_LAST_UPDATED": 1788150607000, "_matched": false}}, {"type": "Feature", "id": 141543, "geometry": {"type": "Point", "coordinates": [-0.185714645270394, 51.4681129059495]}, "properties": {"OBJECTID": 141543, "LOCATION": "William Morris Way", "BOROUGH": null, "NB_SPACES": "2", "DAYS_OP": "Mon - Sun", "TIMES_OP": null, "STATION_NEARBY": null, "STATION_NAME": null, "RANK_TYPE": null, "ATCOCODE": null, "RANK_REFERENCE": "TR6016", "LOCATION_DETAILS": null, "AREA_CODE": "H&F", "TAXI_STATUS": "A", "START_DATE": null, "RANK_NAME": "Townmead Business Centre", "FEATURE_TYPE_CODE": "TTTA", "FEATURE_TYPE_NAME": "TfL Apt - Taxi Rank", "ACCESSIBLE": null, "NIGHT_TUBE": null, "HIGHWAY_AUTHORITY": "H&F", "SECTOR_CODE": "All London", "RANK_LENGTH": null, "TAXI_SHELTER_PRESENT": null, "TAXI_STOP_PRESENT": null, "DATASET_LAST_UPDATED": 1788150607000, "_matched": false}}, {"type": "Feature", "id": 141544, "geometry": {"type": "Point", "coordinates": [-0.00998955897833191, 51.5454765451]}, "properties": {"OBJECTID": 141544, "LOCATION": "International Way", "BOROUGH": null, "NB_SPACES": "25", "DAYS_OP": "Event times", "TIMES_OP": null, "STATION_NEARBY": null, "STATION_NAME": null, "RANK_TYPE": null, "ATCOCODE": null, "RANK_REFERENCE": "TR5769", "LOCATION_DETAILS": null, "AREA_CODE": "NEW", "TAXI_STATUS": "A", "START_DATE": null, "RANK_NAME": "International Way (Stratford)", "FEATURE_TYPE_CODE": "TTTE", "FEATURE_TYPE_NAME": "TfL Apt - Temporary Rank", "ACCESSIBLE": null, "NIGHT_TUBE": null, "HIGHWAY_AUTHORITY": "NEW", "SECTOR_CODE": "Sector 2", "RANK_LENGTH": null, "TAXI_SHELTER_PRESENT": null, "TAXI_STOP_PRESENT": null, "DATASET_LAST_UPDATED": 1788150607000, "_matched": false}}, {"type": "Feature", "id": 141545, "geometry": {"type": "Point", "coordinates": [-0.136925729957259, 51.5238119144386]}, "properties": {"OBJECTID": 141545, "LOCATION": "Grafton Way", "BOROUGH": null, "NB_SPACES": "2", "DAYS_OP": "Mon-Sun", "TIMES_OP": null, "STATION_NEARBY": null, "STATION_NAME": null, "RANK_TYPE": null, "ATCOCODE": null, "RANK_REFERENCE": "TR6148", "LOCATION_DETAILS": null, "AREA_CODE": "CDN", "TAXI_STATUS": "A", "START_DATE": null, "RANK_NAME": "Grafton Way", "FEATURE_TYPE_CODE": "TTTA", "FEATURE_TYPE_NAME": "TfL Apt - Taxi Rank", "ACCESSIBLE": null, "NIGHT_TUBE": null, "HIGHWAY_AUTHORITY": "CDN", "SECTOR_CODE": "All London", "RANK_LENGTH": null, "TAXI_SHELTER_PRESENT": null, "TAXI_STOP_PRESENT": null, "DATASET_LAST_UPDATED": 1788150607000, "_matched": false}}, {"type": "Feature", "id": 141546, "geometry": {"type": "Point", "coordinates": [-0.0876523045880368, 51.5197186657618]}, "properties": {"OBJECTID": 141546, "LOCATION": "Finsbury Pavement", "BOROUGH": null, "NB_SPACES": "4", "DAYS_OP": "Mon - Sun", "TIMES_OP": null, "STATION_NEARBY": null, "STATION_NAME": null, "RANK_TYPE": null, "ATCOCODE": null, "RANK_REFERENCE": "TR5290", "LOCATION_DETAILS": null, "AREA_CODE": "ISL", "TAXI_STATUS": "A", "START_DATE": null, "RANK_NAME": "Finsbury Pavement, Ec2", "FEATURE_TYPE_CODE": "TTTA", "FEATURE_TYPE_NAME": "TfL Apt - Taxi Rank", "ACCESSIBLE": null, "NIGHT_TUBE": null, "HIGHWAY_AUTHORITY": "ISL", "SECTOR_CODE": "All London", "RANK_LENGTH": null, "TAXI_SHELTER_PRESENT": null, "TAXI_STOP_PRESENT": "PCO5290", "DATASET_LAST_UPDATED": 1788150607000, "_matched": true}}, {"type": "Feature", "id": 141547, "geometry": {"type": "Point", "coordinates": [-0.133934336087182, 51.513413988087]}, "properties": {"OBJECTID": 141547, "LOCATION": "Wardour Street", "BOROUGH": null, "NB_SPACES": "3", "DAYS_OP": "Mon - Sun", "TIMES_OP": null, "STATION_NEARBY": null, "STATION_NAME": null, "RANK_TYPE": null, "ATCOCODE": null, "RANK_REFERENCE": "TR5468", "LOCATION_DETAILS": null, "AREA_CODE": "WES", "TAXI_STATUS": "A", "START_DATE": null, "RANK_NAME": "Wardour Street (Humus Bros Restaurant), W1", "FEATURE_TYPE_CODE": "TTTA", "FEATURE_TYPE_NAME": "TfL Apt - Taxi Rank", "ACCESSIBLE": null, "NIGHT_TUBE": null, "HIGHWAY_AUTHORITY": "WES", "SECTOR_CODE": "All London", "RANK_LENGTH": null, "TAXI_SHELTER_PRESENT": null, "TAXI_STOP_PRESENT": null, "DATASET_LAST_UPDATED": 1788150607000, "_matched": false}}, {"type": "Feature", "id": 141548, "geometry": {"type": "Point", "coordinates": [-0.0921771636899069, 51.3750825793443]}, "properties": {"OBJECTID": 141548, "LOCATION": "Billington Hill", "BOROUGH": null, "NB_SPACES": "25", "DAYS_OP": "Mon - Sun", "TIMES_OP": null, "STATION_NEARBY": null, "STATION_NAME": "East Croydon Station", "RANK_TYPE": null, "ATCOCODE": null, "RANK_REFERENCE": "TR6096", "LOCATION_DETAILS": null, "AREA_CODE": "CRO", "TAXI_STATUS": "A", "START_DATE": null, "RANK_NAME": "East Croydon Station", "FEATURE_TYPE_CODE": "TPTA", "FEATURE_TYPE_NAME": "Private - Taxi Rank", "ACCESSIBLE": null, "NIGHT_TUBE": null, "HIGHWAY_AUTHORITY": "Private", "SECTOR_CODE": "Sector 5", "RANK_LENGTH": null, "TAXI_SHELTER_PRESENT": null, "TAXI_STOP_PRESENT": null, "DATASET_LAST_UPDATED": 1788150607000, "_matched": true}}, {"type": "Feature", "id": 141549, "geometry": {"type": "Point", "coordinates": [-0.15013875059975, 51.5043904195424]}, "properties": {"OBJECTID": 141549, "LOCATION": "Hamilton Place", "BOROUGH": null, "NB_SPACES": "5", "DAYS_OP": "Mon - Sun", "TIMES_OP": null, "STATION_NEARBY": null, "STATION_NAME": null, "RANK_TYPE": null, "ATCOCODE": null, "RANK_REFERENCE": "TR4457", "LOCATION_DETAILS": null, "AREA_CODE": "WES", "TAXI_STATUS": "A", "START_DATE": null, "RANK_NAME": "Hamilton Place (Four Seasons Hotel), W1", "FEATURE_TYPE_CODE": "TTTA", "FEATURE_TYPE_NAME": "TfL Apt - Taxi Rank", "ACCESSIBLE": null, "NIGHT_TUBE": null, "HIGHWAY_AUTHORITY": "WES", "SECTOR_CODE": "All London", "RANK_LENGTH": null, "TAXI_SHELTER_PRESENT": null, "TAXI_STOP_PRESENT": null, "DATASET_LAST_UPDATED": 1788150607000, "_matched": false}}, {"type": "Feature", "id": 141550, "geometry": {"type": "Point", "coordinates": [-0.153870328045581, 51.5478828649106]}, "properties": {"OBJECTID": 141550, "LOCATION": "Blackburn Road", "BOROUGH": null, "NB_SPACES": "2", "DAYS_OP": "Mon - Sun", "TIMES_OP": null, "STATION_NEARBY": null, "STATION_NAME": null, "RANK_TYPE": null, "ATCOCODE": null, "RANK_REFERENCE": "TR5818", "LOCATION_DETAILS": null, "AREA_CODE": "CDN", "TAXI_STATUS": "A", "START_DATE": null, "RANK_NAME": "Blackburn Road (O2 Centre), Finchley Road. Nw6", "FEATURE_TYPE_CODE": "TTTA", "FEATURE_TYPE_NAME": "TfL Apt - Taxi Rank", "ACCESSIBLE": null, "NIGHT_TUBE": null, "HIGHWAY_AUTHORITY": "CDN", "SECTOR_CODE": "All London", "RANK_LENGTH": null, "TAXI_SHELTER_PRESENT": null, "TAXI_STOP_PRESENT": null, "DATASET_LAST_UPDATED": 1788150607000, "_matched": false}}, {"type": "Feature", "id": 141551, "geometry": {"type": "Point", "coordinates": [-0.149167385915055, 51.5169825795378]}, "properties": {"OBJECTID": 141551, "LOCATION": "Welbeck Street", "BOROUGH": null, "NB_SPACES": "2", "DAYS_OP": "Mon - Sun", "TIMES_OP": null, "STATION_NEARBY": null, "STATION_NAME": null, "RANK_TYPE": null, "ATCOCODE": null, "RANK_REFERENCE": "TR6084", "LOCATION_DETAILS": null, "AREA_CODE": "WES", "TAXI_STATUS": "A", "START_DATE": null, "RANK_NAME": "Holiday Inn Hotel", "FEATURE_TYPE_CODE": "TTTA", "FEATURE_TYPE_NAME": "TfL Apt - Taxi Rank", "ACCESSIBLE": null, "NIGHT_TUBE": null, "HIGHWAY_AUTHORITY": "WES", "SECTOR_CODE": "All London", "RANK_LENGTH": null, "TAXI_SHELTER_PRESENT": null, "TAXI_STOP_PRESENT": null, "DATASET_LAST_UPDATED": 1788150607000, "_matched": false}}, {"type": "Feature", "id": 141552, "geometry": {"type": "Point", "coordinates": [-0.422989323708963, 51.4671739297278]}, "properties": {"OBJECTID": 141552, "LOCATION": "Hatton Cross Bus Station", "BOROUGH": null, "NB_SPACES": "5", "DAYS_OP": "Mon - Sun", "TIMES_OP": null, "STATION_NEARBY": null, "STATION_NAME": null, "RANK_TYPE": null, "ATCOCODE": null, "RANK_REFERENCE": "TR6064", "LOCATION_DETAILS": null, "AREA_CODE": "HIL", "TAXI_STATUS": "A", "START_DATE": null, "RANK_NAME": "Hatton Cross Station", "FEATURE_TYPE_CODE": "TTTA", "FEATURE_TYPE_NAME": "TfL Apt - Taxi Rank", "ACCESSIBLE": null, "NIGHT_TUBE": null, "HIGHWAY_AUTHORITY": "LT", "SECTOR_CODE": "Sector 8", "RANK_LENGTH": null, "TAXI_SHELTER_PRESENT": null, "TAXI_STOP_PRESENT": null, "DATASET_LAST_UPDATED": 1788150607000, "_matched": false}}, {"type": "Feature", "id": 141553, "geometry": {"type": "Point", "coordinates": [0.00132015605002362, 51.5409317134582]}, "properties": {"OBJECTID": 141553, "LOCATION": "Broadway", "BOROUGH": null, "NB_SPACES": "7", "DAYS_OP": "Mon - Sun", "TIMES_OP": null, "STATION_NEARBY": null, "STATION_NAME": null, "RANK_TYPE": null, "ATCOCODE": null, "RANK_REFERENCE": "TR6051", "LOCATION_DETAILS": null, "AREA_CODE": "NEW", "TAXI_STATUS": "A", "START_DATE": null, "RANK_NAME": "Stratford Broadway", "FEATURE_TYPE_CODE": "TTTA", "FEATURE_TYPE_NAME": "TfL Apt - Taxi Rank", "ACCESSIBLE": null, "NIGHT_TUBE": null, "HIGHWAY_AUTHORITY": "NEW", "SECTOR_CODE": "Sector 2", "RANK_LENGTH": null, "TAXI_SHELTER_PRESENT": null, "TAXI_STOP_PRESENT": null, "DATASET_LAST_UPDATED": 1788150607000, "_matched": true}}, {"type": "Feature", "id": 141554, "geometry": {"type": "Point", "coordinates": [-0.124595187606041, 51.6070473967753]}, "properties": {"OBJECTID": 141554, "LOCATION": "Bounds Green Road", "BOROUGH": null, "NB_SPACES": "2", "DAYS_OP": "Mon - Sun", "TIMES_OP": null, "STATION_NEARBY": null, "STATION_NAME": "Bounds Green Station", "RANK_TYPE": null, "ATCOCODE": null, "RANK_REFERENCE": "TR6037", "LOCATION_DETAILS": null, "AREA_CODE": "HGY", "TAXI_STATUS": "A", "START_DATE": null, "RANK_NAME": "Bounds Green Station", "FEATURE_TYPE_CODE": "TTTA", "FEATURE_TYPE_NAME": "TfL Apt - Taxi Rank", "ACCESSIBLE": null, "NIGHT_TUBE": null, "HIGHWAY_AUTHORITY": "HGY", "SECTOR_CODE": "Sector 7", "RANK_LENGTH": null, "TAXI_SHELTER_PRESENT": null, "TAXI_STOP_PRESENT": null, "DATASET_LAST_UPDATED": 1788150607000, "_matched": false}}, {"type": "Feature", "id": 141555, "geometry": {"type": "Point", "coordinates": [-0.167705031478748, 51.5126155291086]}, "properties": {"OBJECTID": 141555, "LOCATION": "Hyde Park Street", "BOROUGH": null, "NB_SPACES": "6", "DAYS_OP": "Mon - Sun", "TIMES_OP": null, "STATION_NEARBY": null, "STATION_NAME": null, "RANK_TYPE": null, "ATCOCODE": null, "RANK_REFERENCE": "TR3228", "LOCATION_DETAILS": null, "AREA_CODE": "WES", "TAXI_STATUS": "A", "START_DATE": null, "RANK_NAME": "Hyde Park Street (Bayswater Road), W2", "FEATURE_TYPE_CODE": "TTRE", "FEATURE_TYPE_NAME": "TfL Apt - Rest Rank", "ACCESSIBLE": null, "NIGHT_TUBE": null, "HIGHWAY_AUTHORITY": "WES", "SECTOR_CODE": "All London", "RANK_LENGTH": null, "TAXI_SHELTER_PRESENT": null, "TAXI_STOP_PRESENT": null, "DATASET_LAST_UPDATED": 1788150607000, "_matched": false}}, {"type": "Feature", "id": 141556, "geometry": {"type": "Point", "coordinates": [-0.142498442447485, 51.5388368024586]}, "properties": {"OBJECTID": 141556, "LOCATION": "Camden High Street", "BOROUGH": null, "NB_SPACES": "5", "DAYS_OP": "Mon - Sun", "TIMES_OP": null, "STATION_NEARBY": null, "STATION_NAME": "Camden Town Station", "RANK_TYPE": null, "ATCOCODE": null, "RANK_REFERENCE": "TR4312", "LOCATION_DETAILS": null, "AREA_CODE": "CDN", "TAXI_STATUS": "A", "START_DATE": null, "RANK_NAME": "Camden High Street And Greenland Street, Nw1", "FEATURE_TYPE_CODE": "TTTA", "FEATURE_TYPE_NAME": "TfL Apt - Taxi Rank", "ACCESSIBLE": null, "NIGHT_TUBE": null, "HIGHWAY_AUTHORITY": "CDN", "SECTOR_CODE": "All London", "RANK_LENGTH": null, "TAXI_SHELTER_PRESENT": null, "TAXI_STOP_PRESENT": null, "DATASET_LAST_UPDATED": 1788150607000, "_matched": true}}, {"type": "Feature", "id": 141557, "geometry": {"type": "Point", "coordinates": [-0.155854749859879, 51.5184188002909]}, "properties": {"OBJECTID": 141557, "LOCATION": "Baker Street", "BOROUGH": null, "NB_SPACES": "1", "DAYS_OP": "Mon - Sun", "TIMES_OP": null, "STATION_NEARBY": null, "STATION_NAME": null, "RANK_TYPE": null, "ATCOCODE": null, "RANK_REFERENCE": "TR6086", "LOCATION_DETAILS": null, "AREA_CODE": "WES", "TAXI_STATUS": "A", "START_DATE": null, "RANK_NAME": "Baker Street/blandford Street", "FEATURE_TYPE_CODE": "TTTA", "FEATURE_TYPE_NAME": "TfL Apt - Taxi Rank", "ACCESSIBLE": null, "NIGHT_TUBE": null, "HIGHWAY_AUTHORITY": "WES", "SECTOR_CODE": "All London", "RANK_LENGTH": null, "TAXI_SHELTER_PRESENT": null, "TAXI_STOP_PRESENT": null, "DATASET_LAST_UPDATED": 1788150607000, "_matched": false}}, {"type": "Feature", "id": 141558, "geometry": {"type": "Point", "coordinates": [-0.0786166600240202, 51.5237795199195]}, "properties": {"OBJECTID": 141558, "LOCATION": "Holywell Lane", "BOROUGH": null, "NB_SPACES": "1", "DAYS_OP": "Mon - Sun", "TIMES_OP": null, "STATION_NEARBY": null, "STATION_NAME": null, "RANK_TYPE": null, "ATCOCODE": null, "RANK_REFERENCE": "TR6018", "LOCATION_DETAILS": null, "AREA_CODE": "HAC", "TAXI_STATUS": "A", "START_DATE": null, "RANK_NAME": "Citizenm Shoreditch", "FEATURE_TYPE_CODE": "TTTA", "FEATURE_TYPE_NAME": "TfL Apt - Taxi Rank", "ACCESSIBLE": null, "NIGHT_TUBE": null, "HIGHWAY_AUTHORITY": "TFL", "SECTOR_CODE": "All London", "RANK_LENGTH": null, "TAXI_SHELTER_PRESENT": null, "TAXI_STOP_PRESENT": null, "DATASET_LAST_UPDATED": 1788150607000, "_matched": false}}, {"type": "Feature", "id": 141559, "geometry": {"type": "Point", "coordinates": [0.0969482176902435, 51.5641711276997]}, "properties": {"OBJECTID": 141559, "LOCATION": "Cameron Road", "BOROUGH": null, "NB_SPACES": "1", "DAYS_OP": "Mon - Sun", "TIMES_OP": null, "STATION_NEARBY": null, "STATION_NAME": "Seven Kings Station", "RANK_TYPE": null, "ATCOCODE": null, "RANK_REFERENCE": "TR6109", "LOCATION_DETAILS": null, "AREA_CODE": "RED", "TAXI_STATUS": "A", "START_DATE": null, "RANK_NAME": "Seven Kings Station (Crossrail)", "FEATURE_TYPE_CODE": "TTTA", "FEATURE_TYPE_NAME": "TfL Apt - Taxi Rank", "ACCESSIBLE": null, "NIGHT_TUBE": null, "HIGHWAY_AUTHORITY": "RED", "SECTOR_CODE": "Sector 2", "RANK_LENGTH": null, "TAXI_SHELTER_PRESENT": null, "TAXI_STOP_PRESENT": null, "DATASET_LAST_UPDATED": 1788150607000, "_matched": false}}, {"type": "Feature", "id": 141560, "geometry": {"type": "Point", "coordinates": [-0.149670304584287, 51.5180875981303]}, "properties": {"OBJECTID": 141560, "LOCATION": "Welbeck Street", "BOROUGH": null, "NB_SPACES": "3", "DAYS_OP": "Mon - Sun", "TIMES_OP": null, "STATION_NEARBY": null, "STATION_NAME": null, "RANK_TYPE": null, "ATCOCODE": null, "RANK_REFERENCE": "TR4871", "LOCATION_DETAILS": null, "AREA_CODE": "WES", "TAXI_STATUS": "A", "START_DATE": null, "RANK_NAME": "Welbeck Street (The Marylebone Hotel), W1", "FEATURE_TYPE_CODE": "TTTA", "FEATURE_TYPE_NAME": "TfL Apt - Taxi Rank", "ACCESSIBLE": null, "NIGHT_TUBE": null, "HIGHWAY_AUTHORITY": "WES", "SECTOR_CODE": "All London", "RANK_LENGTH": null, "TAXI_SHELTER_PRESENT": null, "TAXI_STOP_PRESENT": null, "DATASET_LAST_UPDATED": 1788150607000, "_matched": false}}, {"type": "Feature", "id": 141561, "geometry": {"type": "Point", "coordinates": [-0.128235474270121, 51.5114527355959]}, "properties": {"OBJECTID": 141561, "LOCATION": "Cranbourn Street", "BOROUGH": null, "NB_SPACES": "5", "DAYS_OP": "Mon - Sun", "TIMES_OP": null, "STATION_NEARBY": null, "STATION_NAME": "Leicester Square Station", "RANK_TYPE": null, "ATCOCODE": null, "RANK_REFERENCE": "TR5737", "LOCATION_DETAILS": null, "AREA_CODE": "WES", "TAXI_STATUS": "A", "START_DATE": null, "RANK_NAME": "Cranbourn Street, Wc2", "FEATURE_TYPE_CODE": "TTTA", "FEATURE_TYPE_NAME": "TfL Apt - Taxi Rank", "ACCESSIBLE": null, "NIGHT_TUBE": null, "HIGHWAY_AUTHORITY": "WES", "SECTOR_CODE": "All London", "RANK_LENGTH": null, "TAXI_SHELTER_PRESENT": null, "TAXI_STOP_PRESENT": null, "DATASET_LAST_UPDATED": 1788150607000, "_matched": false}}, {"type": "Feature", "id": 141562, "geometry": {"type": "Point", "coordinates": [-0.146847496639829, 51.5102195604242]}, "properties": {"OBJECTID": 141562, "LOCATION": "Berkeley Square", "BOROUGH": null, "NB_SPACES": "2", "DAYS_OP": "Mon - Sun", "TIMES_OP": null, "STATION_NEARBY": null, "STATION_NAME": null, "RANK_TYPE": null, "ATCOCODE": null, "RANK_REFERENCE": "TR5862", "LOCATION_DETAILS": null, "AREA_CODE": "WES", "TAXI_STATUS": "A", "START_DATE": null, "RANK_NAME": "Berkeley Square (North West Corner), W1", "FEATURE_TYPE_CODE": "TTTA", "FEATURE_TYPE_NAME": "TfL Apt - Taxi Rank", "ACCESSIBLE": null, "NIGHT_TUBE": null, "HIGHWAY_AUTHORITY": "WES", "SECTOR_CODE": "All London", "RANK_LENGTH": null, "TAXI_SHELTER_PRESENT": null, "TAXI_STOP_PRESENT": null, "DATASET_LAST_UPDATED": 1788150607000, "_matched": false}}, {"type": "Feature", "id": 141563, "geometry": {"type": "Point", "coordinates": [-0.152309624955107, 51.507005489073]}, "properties": {"OBJECTID": 141563, "LOCATION": "Deanery Street", "BOROUGH": null, "NB_SPACES": "11", "DAYS_OP": "Mon - Sun", "TIMES_OP": null, "STATION_NEARBY": null, "STATION_NAME": null, "RANK_TYPE": null, "ATCOCODE": null, "RANK_REFERENCE": "TR5966", "LOCATION_DETAILS": null, "AREA_CODE": "WES", "TAXI_STATUS": "A", "START_DATE": null, "RANK_NAME": "Dorchester Hotel Forecourt", "FEATURE_TYPE_CODE": "TPTA", "FEATURE_TYPE_NAME": "Private - Taxi Rank", "ACCESSIBLE": null, "NIGHT_TUBE": null, "HIGHWAY_AUTHORITY": "WES", "SECTOR_CODE": "All London", "RANK_LENGTH": null, "TAXI_SHELTER_PRESENT": null, "TAXI_STOP_PRESENT": null, "DATASET_LAST_UPDATED": 1788150607000, "_matched": false}}, {"type": "Feature", "id": 141564, "geometry": {"type": "Point", "coordinates": [-0.0025477064633284, 51.5408627477102]}, "properties": {"OBJECTID": 141564, "LOCATION": "Station Street", "BOROUGH": null, "NB_SPACES": "13", "DAYS_OP": "Mon - Sun", "TIMES_OP": null, "STATION_NEARBY": null, "STATION_NAME": "Stratford Station", "RANK_TYPE": null, "ATCOCODE": null, "RANK_REFERENCE": "TR6026", "LOCATION_DETAILS": null, "AREA_CODE": "NEW", "TAXI_STATUS": "A", "START_DATE": null, "RANK_NAME": "Station Street (Stratford Station)", "FEATURE_TYPE_CODE": "TTTA", "FEATURE_TYPE_NAME": "TfL Apt - Taxi Rank", "ACCESSIBLE": null, "NIGHT_TUBE": null, "HIGHWAY_AUTHORITY": "NEW", "SECTOR_CODE": "Sector 2", "RANK_LENGTH": null, "TAXI_SHELTER_PRESENT": "0125/T1120", "TAXI_STOP_PRESENT": "PCO6026", "DATASET_LAST_UPDATED": 1788150607000, "_matched": false}}, {"type": "Feature", "id": 141565, "geometry": {"type": "Point", "coordinates": [-0.13678815457834, 51.5091699288636]}, "properties": {"OBJECTID": 141565, "LOCATION": "Piccadilly", "BOROUGH": null, "NB_SPACES": "4", "DAYS_OP": "Mon - Sun", "TIMES_OP": null, "STATION_NEARBY": null, "STATION_NAME": "Piccadilly Circus Station", "RANK_TYPE": null, "ATCOCODE": null, "RANK_REFERENCE": "TR5687", "LOCATION_DETAILS": null, "AREA_CODE": "WES", "TAXI_STATUS": "A", "START_DATE": null, "RANK_NAME": "Piccadilly (The Dilly Hotel), W1", "FEATURE_TYPE_CODE": "TTTA", "FEATURE_TYPE_NAME": "TfL Apt - Taxi Rank", "ACCESSIBLE": null, "NIGHT_TUBE": null, "HIGHWAY_AUTHORITY": "WES", "SECTOR_CODE": "All London", "RANK_LENGTH": null, "TAXI_SHELTER_PRESENT": null, "TAXI_STOP_PRESENT": null, "DATASET_LAST_UPDATED": 1788150607000, "_matched": true}}, {"type": "Feature", "id": 141566, "geometry": {"type": "Point", "coordinates": [0.149420874557872, 51.4416018330552]}, "properties": {"OBJECTID": 141566, "LOCATION": "Bexley High Street", "BOROUGH": null, "NB_SPACES": "2", "DAYS_OP": "Mon - Sun", "TIMES_OP": null, "STATION_NEARBY": null, "STATION_NAME": null, "RANK_TYPE": null, "ATCOCODE": null, "RANK_REFERENCE": "TR6076", "LOCATION_DETAILS": null, "AREA_CODE": "BEX", "TAXI_STATUS": "A", "START_DATE": null, "RANK_NAME": "Tanyard Lane Bar", "FEATURE_TYPE_CODE": "TTTA", "FEATURE_TYPE_NAME": "TfL Apt - Taxi Rank", "ACCESSIBLE": null, "NIGHT_TUBE": null, "HIGHWAY_AUTHORITY": "BEX", "SECTOR_CODE": "Sector 3", "RANK_LENGTH": null, "TAXI_SHELTER_PRESENT": null, "TAXI_STOP_PRESENT": null, "DATASET_LAST_UPDATED": 1788150607000, "_matched": false}}, {"type": "Feature", "id": 141567, "geometry": {"type": "Point", "coordinates": [-0.1154322315464, 51.5126415527785]}, "properties": {"OBJECTID": 141567, "LOCATION": "Strand", "BOROUGH": null, "NB_SPACES": "3", "DAYS_OP": "Mon - Sun", "TIMES_OP": null, "STATION_NEARBY": null, "STATION_NAME": "No", "RANK_TYPE": null, "ATCOCODE": null, "RANK_REFERENCE": "TR6178", "LOCATION_DETAILS": null, "AREA_CODE": "WES", "TAXI_STATUS": "A", "START_DATE": null, "RANK_NAME": "Australia House", "FEATURE_TYPE_CODE": "TTTA", "FEATURE_TYPE_NAME": "TfL Apt - Taxi Rank", "ACCESSIBLE": null, "NIGHT_TUBE": null, "HIGHWAY_AUTHORITY": "WES", "SECTOR_CODE": "All London", "RANK_LENGTH": null, "TAXI_SHELTER_PRESENT": null, "TAXI_STOP_PRESENT": null, "DATASET_LAST_UPDATED": 1788150607000, "_matched": false}}, {"type": "Feature", "id": 141568, "geometry": {"type": "Point", "coordinates": [-0.159145318937639, 51.4968615288374]}, "properties": {"OBJECTID": 141568, "LOCATION": "Pavilion Street", "BOROUGH": null, "NB_SPACES": "1", "DAYS_OP": "Mon - Sun", "TIMES_OP": null, "STATION_NEARBY": null, "STATION_NAME": null, "RANK_TYPE": null, "ATCOCODE": null, "RANK_REFERENCE": "TR6166", "LOCATION_DETAILS": null, "AREA_CODE": "K&C", "TAXI_STATUS": "A", "START_DATE": null, "RANK_NAME": "Cadogan Hotel", "FEATURE_TYPE_CODE": "TTTA", "FEATURE_TYPE_NAME": "TfL Apt - Taxi Rank", "ACCESSIBLE": null, "NIGHT_TUBE": null, "HIGHWAY_AUTHORITY": "K&C", "SECTOR_CODE": "All London", "RANK_LENGTH": null, "TAXI_SHELTER_PRESENT": null, "TAXI_STOP_PRESENT": null, "DATASET_LAST_UPDATED": 1788150607000, "_matched": false}}, {"type": "Feature", "id": 141569, "geometry": {"type": "Point", "coordinates": [-0.0745444365212484, 51.5198459372342]}, "properties": {"OBJECTID": 141569, "LOCATION": "Commercial Street", "BOROUGH": null, "NB_SPACES": "3", "DAYS_OP": "Mon - Sun", "TIMES_OP": null, "STATION_NEARBY": null, "STATION_NAME": null, "RANK_TYPE": null, "ATCOCODE": null, "RANK_REFERENCE": "TR6107", "LOCATION_DETAILS": null, "AREA_CODE": "TH", "TAXI_STATUS": "A", "START_DATE": null, "RANK_NAME": "Smithfield Market", "FEATURE_TYPE_CODE": "TTTA", "FEATURE_TYPE_NAME": "TfL Apt - Taxi Rank", "ACCESSIBLE": null, "NIGHT_TUBE": null, "HIGHWAY_AUTHORITY": "TFL", "SECTOR_CODE": "All London", "RANK_LENGTH": null, "TAXI_SHELTER_PRESENT": null, "TAXI_STOP_PRESENT": null, "DATASET_LAST_UPDATED": 1788150607000, "_matched": false}}, {"type": "Feature", "id": 141570, "geometry": {"type": "Point", "coordinates": [-0.18489567175731, 51.5304450647949]}, "properties": {"OBJECTID": 141570, "LOCATION": "Elgin Avenue", "BOROUGH": null, "NB_SPACES": "6", "DAYS_OP": "Mon - Sun", "TIMES_OP": null, "STATION_NEARBY": null, "STATION_NAME": null, "RANK_TYPE": null, "ATCOCODE": null, "RANK_REFERENCE": "TR5426", "LOCATION_DETAILS": null, "AREA_CODE": "WES", "TAXI_STATUS": "A", "START_DATE": null, "RANK_NAME": "Elgin Avenue, Maida Vale W9", "FEATURE_TYPE_CODE": "TTTA", "FEATURE_TYPE_NAME": "TfL Apt - Taxi Rank", "ACCESSIBLE": null, "NIGHT_TUBE": null, "HIGHWAY_AUTHORITY": "WES", "SECTOR_CODE": "All London", "RANK_LENGTH": null, "TAXI_SHELTER_PRESENT": null, "TAXI_STOP_PRESENT": null, "DATASET_LAST_UPDATED": 1788150607000, "_matched": false}}, {"type": "Feature", "id": 141571, "geometry": {"type": "Point", "coordinates": [0.236174260961424, 51.5589381013886]}, "properties": {"OBJECTID": 141571, "LOCATION": "Upminster Road", "BOROUGH": null, "NB_SPACES": "4", "DAYS_OP": "Mon - Sun", "TIMES_OP": null, "STATION_NEARBY": null, "STATION_NAME": "Upminster Bridge Station", "RANK_TYPE": null, "ATCOCODE": null, "RANK_REFERENCE": "TR5857", "LOCATION_DETAILS": null, "AREA_CODE": "HAV", "TAXI_STATUS": "A", "START_DATE": null, "RANK_NAME": "Upminster Road (Upminster Bridge Station), Rm14", "FEATURE_TYPE_CODE": "TTTA", "FEATURE_TYPE_NAME": "TfL Apt - Taxi Rank", "ACCESSIBLE": null, "NIGHT_TUBE": null, "HIGHWAY_AUTHORITY": "HAV", "SECTOR_CODE": "Sector 2", "RANK_LENGTH": null, "TAXI_SHELTER_PRESENT": null, "TAXI_STOP_PRESENT": null, "DATASET_LAST_UPDATED": 1788150607000, "_matched": false}}, {"type": "Feature", "id": 141572, "geometry": {"type": "Point", "coordinates": [-0.159582892653249, 51.5020930414185]}, "properties": {"OBJECTID": 141572, "LOCATION": "Knightsbridge", "BOROUGH": null, "NB_SPACES": "2", "DAYS_OP": "Mon - Sun", "TIMES_OP": null, "STATION_NEARBY": null, "STATION_NAME": null, "RANK_TYPE": null, "ATCOCODE": null, "RANK_REFERENCE": "TR5942", "LOCATION_DETAILS": null, "AREA_CODE": "WES", "TAXI_STATUS": "A", "START_DATE": null, "RANK_NAME": "Knightsbridge (Mandarin Oriental Hotel), Se1", "FEATURE_TYPE_CODE": "TTTE", "FEATURE_TYPE_NAME": "TfL Apt - Temporary Rank", "ACCESSIBLE": null, "NIGHT_TUBE": null, "HIGHWAY_AUTHORITY": "TFL", "SECTOR_CODE": "All London", "RANK_LENGTH": null, "TAXI_SHELTER_PRESENT": null, "TAXI_STOP_PRESENT": null, "DATASET_LAST_UPDATED": 1788150607000, "_matched": false}}, {"type": "Feature", "id": 141573, "geometry": {"type": "Point", "coordinates": [0.0703980730399099, 51.5584197058864]}, "properties": {"OBJECTID": 141573, "LOCATION": "High Road", "BOROUGH": null, "NB_SPACES": "8", "DAYS_OP": "Mon - Sun", "TIMES_OP": null, "STATION_NEARBY": null, "STATION_NAME": null, "RANK_TYPE": null, "ATCOCODE": null, "RANK_REFERENCE": "TR5544", "LOCATION_DETAILS": null, "AREA_CODE": "RED", "TAXI_STATUS": "A", "START_DATE": null, "RANK_NAME": "High Road (The Exchange), Ilford, Ig1", "FEATURE_TYPE_CODE": "TTTA", "FEATURE_TYPE_NAME": "TfL Apt - Taxi Rank", "ACCESSIBLE": null, "NIGHT_TUBE": null, "HIGHWAY_AUTHORITY": "RED", "SECTOR_CODE": "Sector 2", "RANK_LENGTH": null, "TAXI_SHELTER_PRESENT": null, "TAXI_STOP_PRESENT": null, "DATASET_LAST_UPDATED": 1788150607000, "_matched": false}}, {"type": "Feature", "id": 141574, "geometry": {"type": "Point", "coordinates": [-0.099003519620757, 51.3663806494743]}, "properties": {"OBJECTID": 141574, "LOCATION": "South End", "BOROUGH": null, "NB_SPACES": "2", "DAYS_OP": "Mon - Sun", "TIMES_OP": null, "STATION_NEARBY": null, "STATION_NAME": null, "RANK_TYPE": null, "ATCOCODE": null, "RANK_REFERENCE": "TR6066", "LOCATION_DETAILS": null, "AREA_CODE": "CRO", "TAXI_STATUS": "A", "START_DATE": null, "RANK_NAME": "South End", "FEATURE_TYPE_CODE": "TTTA", "FEATURE_TYPE_NAME": "TfL Apt - Taxi Rank", "ACCESSIBLE": null, "NIGHT_TUBE": null, "HIGHWAY_AUTHORITY": "CRO", "SECTOR_CODE": "Sector 5", "RANK_LENGTH": null, "TAXI_SHELTER_PRESENT": null, "TAXI_STOP_PRESENT": null, "DATASET_LAST_UPDATED": 1788150607000, "_matched": false}}, {"type": "Feature", "id": 141575, "geometry": {"type": "Point", "coordinates": [-0.135373573993456, 51.4887523848521]}, "properties": {"OBJECTID": 141575, "LOCATION": "Lupus Street", "BOROUGH": null, "NB_SPACES": "13", "DAYS_OP": "Mon - Sun", "TIMES_OP": null, "STATION_NEARBY": null, "STATION_NAME": null, "RANK_TYPE": null, "ATCOCODE": null, "RANK_REFERENCE": "TR5495", "LOCATION_DETAILS": null, "AREA_CODE": "WES", "TAXI_STATUS": "A", "START_DATE": null, "RANK_NAME": "Lupus Street And St George's Square, Sw1", "FEATURE_TYPE_CODE": "TTRF", "FEATURE_TYPE_NAME": "TfL Apt - Refreshment Rank", "ACCESSIBLE": null, "NIGHT_TUBE": null, "HIGHWAY_AUTHORITY": "WES", "SECTOR_CODE": "All London", "RANK_LENGTH": null, "TAXI_SHELTER_PRESENT": null, "TAXI_STOP_PRESENT": null, "DATASET_LAST_UPDATED": 1788150607000, "_matched": false}}, {"type": "Feature", "id": 141576, "geometry": {"type": "Point", "coordinates": [-0.0327812871520738, 51.5253128541953]}, "properties": {"OBJECTID": 141576, "LOCATION": "Maplin Street", "BOROUGH": null, "NB_SPACES": "5", "DAYS_OP": "Mon - Sun", "TIMES_OP": null, "STATION_NEARBY": null, "STATION_NAME": "Mile End Station", "RANK_TYPE": null, "ATCOCODE": null, "RANK_REFERENCE": "TR6163", "LOCATION_DETAILS": null, "AREA_CODE": "TH", "TAXI_STATUS": "A", "START_DATE": null, "RANK_NAME": "Mile End Station", "FEATURE_TYPE_CODE": "TTTA", "FEATURE_TYPE_NAME": "TfL Apt - Taxi Rank", "ACCESSIBLE": null, "NIGHT_TUBE": null, "HIGHWAY_AUTHORITY": "TH", "SECTOR_CODE": "All London", "RANK_LENGTH": null, "TAXI_SHELTER_PRESENT": null, "TAXI_STOP_PRESENT": null, "DATASET_LAST_UPDATED": 1788150607000, "_matched": false}}, {"type": "Feature", "id": 141577, "geometry": {"type": "Point", "coordinates": [-0.188864559997566, 51.5179889366707]}, "properties": {"OBJECTID": 141577, "LOCATION": "Porchester Road", "BOROUGH": null, "NB_SPACES": "4", "DAYS_OP": "Mon - Sun", "TIMES_OP": null, "STATION_NEARBY": null, "STATION_NAME": null, "RANK_TYPE": null, "ATCOCODE": null, "RANK_REFERENCE": "TR5860", "LOCATION_DETAILS": null, "AREA_CODE": "WES", "TAXI_STATUS": "A", "START_DATE": null, "RANK_NAME": "Porchester Road, Paddington, W2", "FEATURE_TYPE_CODE": "TTTA", "FEATURE_TYPE_NAME": "TfL Apt - Taxi Rank", "ACCESSIBLE": null, "NIGHT_TUBE": null, "HIGHWAY_AUTHORITY": "WES", "SECTOR_CODE": "All London", "RANK_LENGTH": null, "TAXI_SHELTER_PRESENT": null, "TAXI_STOP_PRESENT": null, "DATASET_LAST_UPDATED": 1788150607000, "_matched": false}}, {"type": "Feature", "id": 141578, "geometry": {"type": "Point", "coordinates": [-0.128031790647481, 51.6326855580831]}, "properties": {"OBJECTID": 141578, "LOCATION": "Chase Side", "BOROUGH": null, "NB_SPACES": "6", "DAYS_OP": "Mon - Sun", "TIMES_OP": null, "STATION_NEARBY": null, "STATION_NAME": "Southgate Station", "RANK_TYPE": null, "ATCOCODE": null, "RANK_REFERENCE": "TR5780", "LOCATION_DETAILS": null, "AREA_CODE": "ENF", "TAXI_STATUS": "A", "START_DATE": null, "RANK_NAME": "Chase Side/the Bourne (Southgate Station), N14", "FEATURE_TYPE_CODE": "TTTA", "FEATURE_TYPE_NAME": "TfL Apt - Taxi Rank", "ACCESSIBLE": null, "NIGHT_TUBE": null, "HIGHWAY_AUTHORITY": "ENF", "SECTOR_CODE": "Sector 1", "RANK_LENGTH": null, "TAXI_SHELTER_PRESENT": null, "TAXI_STOP_PRESENT": null, "DATASET_LAST_UPDATED": 1788150607000, "_matched": false}}, {"type": "Feature", "id": 141579, "geometry": {"type": "Point", "coordinates": [-0.284918361424047, 51.594221559486]}, "properties": {"OBJECTID": 141579, "LOCATION": "Queensbury Station Parade", "BOROUGH": null, "NB_SPACES": "2", "DAYS_OP": "Mon - Sun", "TIMES_OP": null, "STATION_NEARBY": null, "STATION_NAME": "Queensbury Station", "RANK_TYPE": null, "ATCOCODE": null, "RANK_REFERENCE": "TR5831", "LOCATION_DETAILS": null, "AREA_CODE": "BRE", "TAXI_STATUS": "A", "START_DATE": null, "RANK_NAME": "Queensbury Station Parade (Queensbury Station), Ha8", "FEATURE_TYPE_CODE": "TTTA", "FEATURE_TYPE_NAME": "TfL Apt - Taxi Rank", "ACCESSIBLE": null, "NIGHT_TUBE": null, "HIGHWAY_AUTHORITY": "BRE", "SECTOR_CODE": "Sector 9", "RANK_LENGTH": null, "TAXI_SHELTER_PRESENT": null, "TAXI_STOP_PRESENT": null, "DATASET_LAST_UPDATED": 1788150607000, "_matched": false}}, {"type": "Feature", "id": 141580, "geometry": {"type": "Point", "coordinates": [-0.142051267013423, 51.5090915567265]}, "properties": {"OBJECTID": 141580, "LOCATION": "Albermarle Street", "BOROUGH": null, "NB_SPACES": "2", "DAYS_OP": "Mon - Sun", "TIMES_OP": null, "STATION_NEARBY": null, "STATION_NAME": null, "RANK_TYPE": null, "ATCOCODE": null, "RANK_REFERENCE": "TR5267", "LOCATION_DETAILS": null, "AREA_CODE": "WES", "TAXI_STATUS": "A", "START_DATE": null, "RANK_NAME": "Albermarle Street (Rocco Forte Brown's Hotel), W1", "FEATURE_TYPE_CODE": "TTTA", "FEATURE_TYPE_NAME": "TfL Apt - Taxi Rank", "ACCESSIBLE": null, "NIGHT_TUBE": null, "HIGHWAY_AUTHORITY": "WES", "SECTOR_CODE": "All London", "RANK_LENGTH": null, "TAXI_SHELTER_PRESENT": null, "TAXI_STOP_PRESENT": null, "DATASET_LAST_UPDATED": 1788150600000, "_matched": false}}, {"type": "Feature", "id": 141581, "geometry": {"type": "Point", "coordinates": [-0.157113791677298, 51.4904359441629]}, "properties": {"OBJECTID": 141581, "LOCATION": "Lower Sloane Street", "BOROUGH": null, "NB_SPACES": "1", "DAYS_OP": "Mon - Sun", "TIMES_OP": null, "STATION_NEARBY": null, "STATION_NAME": null, "RANK_TYPE": null, "ATCOCODE": null, "RANK_REFERENCE": "TR5091", "LOCATION_DETAILS": null, "AREA_CODE": "K&C", "TAXI_STATUS": "A", "START_DATE": null, "RANK_NAME": "Lower Sloane Street (Sloane Club), Sw1", "FEATURE_TYPE_CODE": "TTTA", "FEATURE_TYPE_NAME": "TfL Apt - Taxi Rank", "ACCESSIBLE": null, "NIGHT_TUBE": null, "HIGHWAY_AUTHORITY": "K&C", "SECTOR_CODE": "All London", "RANK_LENGTH": null, "TAXI_SHELTER_PRESENT": null, "TAXI_STOP_PRESENT": null, "DATASET_LAST_UPDATED": 1788150607000, "_matched": false}}, {"type": "Feature", "id": 141582, "geometry": {"type": "Point", "coordinates": [0.100607332976714, 51.3753455606741]}, "properties": {"OBJECTID": 141582, "LOCATION": "Homefield Rise", "BOROUGH": null, "NB_SPACES": "2", "DAYS_OP": "Mon - Sun", "TIMES_OP": null, "STATION_NEARBY": null, "STATION_NAME": null, "RANK_TYPE": null, "ATCOCODE": null, "RANK_REFERENCE": "TR4993", "LOCATION_DETAILS": null, "AREA_CODE": "BRO", "TAXI_STATUS": "A", "START_DATE": null, "RANK_NAME": "Homefield Rise (Sainsbury's), Orpington, Kent, Br6", "FEATURE_TYPE_CODE": "TTTA", "FEATURE_TYPE_NAME": "TfL Apt - Taxi Rank", "ACCESSIBLE": null, "NIGHT_TUBE": null, "HIGHWAY_AUTHORITY": "BRO", "SECTOR_CODE": "Sector 4", "RANK_LENGTH": null, "TAXI_SHELTER_PRESENT": null, "TAXI_STOP_PRESENT": null, "DATASET_LAST_UPDATED": 1788150607000, "_matched": false}}, {"type": "Feature", "id": 141583, "geometry": {"type": "Point", "coordinates": [-0.224873594860462, 51.5123166642384]}, "properties": {"OBJECTID": 141583, "LOCATION": "Wood Lane", "BOROUGH": null, "NB_SPACES": "3", "DAYS_OP": "Fri - Sat", "TIMES_OP": null, "STATION_NEARBY": null, "STATION_NAME": "White City Station", "RANK_TYPE": null, "ATCOCODE": null, "RANK_REFERENCE": "TR5986", "LOCATION_DETAILS": null, "AREA_CODE": "H&F", "TAXI_STATUS": "A", "START_DATE": null, "RANK_NAME": "Wood Lane (White City Station), W12", "FEATURE_TYPE_CODE": "TTTA", "FEATURE_TYPE_NAME": "TfL Apt - Taxi Rank", "ACCESSIBLE": null, "NIGHT_TUBE": null, "HIGHWAY_AUTHORITY": "H&F", "SECTOR_CODE": "All London", "RANK_LENGTH": null, "TAXI_SHELTER_PRESENT": null, "TAXI_STOP_PRESENT": null, "DATASET_LAST_UPDATED": 1788150607000, "_matched": false}}, {"type": "Feature", "id": 141584, "geometry": {"type": "Point", "coordinates": [-0.000907179767915012, 51.6075508262867]}, "properties": {"OBJECTID": 141584, "LOCATION": "Hale End Road", "BOROUGH": null, "NB_SPACES": "1", "DAYS_OP": "Mon - Sun", "TIMES_OP": null, "STATION_NEARBY": null, "STATION_NAME": "Highams Park London Overground Station", "RANK_TYPE": null, "ATCOCODE": null, "RANK_REFERENCE": "TR6182", "LOCATION_DETAILS": null, "AREA_CODE": "WF", "TAXI_STATUS": "A", "START_DATE": null, "RANK_NAME": "Highams Park Station", "FEATURE_TYPE_CODE": "TTTA", "FEATURE_TYPE_NAME": "TfL Apt - Taxi Rank", "ACCESSIBLE": null, "NIGHT_TUBE": null, "HIGHWAY_AUTHORITY": "WF", "SECTOR_CODE": "Sector 2", "RANK_LENGTH": null, "TAXI_SHELTER_PRESENT": null, "TAXI_STOP_PRESENT": null, "DATASET_LAST_UPDATED": 1788150607000, "_matched": false}}, {"type": "Feature", "id": 141585, "geometry": {"type": "Point", "coordinates": [-0.192146640565771, 51.6010392719335]}, "properties": {"OBJECTID": 141585, "LOCATION": "Chaville Way (Finchley Central Station)", "BOROUGH": null, "NB_SPACES": "2", "DAYS_OP": "Fri - Sat", "TIMES_OP": null, "STATION_NEARBY": null, "STATION_NAME": "Finchley Central Station", "RANK_TYPE": null, "ATCOCODE": null, "RANK_REFERENCE": "TR5834", "LOCATION_DETAILS": null, "AREA_CODE": "BAT", "TAXI_STATUS": "A", "START_DATE": null, "RANK_NAME": "Chaville Way (Finchley Central Station), N3", "FEATURE_TYPE_CODE": "TTTA", "FEATURE_TYPE_NAME": "TfL Apt - Taxi Rank", "ACCESSIBLE": null, "NIGHT_TUBE": null, "HIGHWAY_AUTHORITY": "BAT", "SECTOR_CODE": "Sector 9", "RANK_LENGTH": null, "TAXI_SHELTER_PRESENT": null, "TAXI_STOP_PRESENT": null, "DATASET_LAST_UPDATED": 1788150607000, "_matched": false}}, {"type": "Feature", "id": 141586, "geometry": {"type": "Point", "coordinates": [0.0512603312370575, 51.5386841902934]}, "properties": {"OBJECTID": 141586, "LOCATION": "High Street North", "BOROUGH": null, "NB_SPACES": "2", "DAYS_OP": "Mon - Sun", "TIMES_OP": null, "STATION_NEARBY": null, "STATION_NAME": "East Ham Station", "RANK_TYPE": null, "ATCOCODE": null, "RANK_REFERENCE": "TR5808", "LOCATION_DETAILS": null, "AREA_CODE": "NEW", "TAXI_STATUS": "A", "START_DATE": null, "RANK_NAME": "High Street (East Ham Station), E6", "FEATURE_TYPE_CODE": "TTTA", "FEATURE_TYPE_NAME": "TfL Apt - Taxi Rank", "ACCESSIBLE": null, "NIGHT_TUBE": null, "HIGHWAY_AUTHORITY": "NEW", "SECTOR_CODE": "Sector 2", "RANK_LENGTH": null, "TAXI_SHELTER_PRESENT": null, "TAXI_STOP_PRESENT": "PCO5808", "DATASET_LAST_UPDATED": 1788150607000, "_matched": false}}, {"type": "Feature", "id": 141587, "geometry": {"type": "Point", "coordinates": [0.0137494996088816, 51.4065112875121]}, "properties": {"OBJECTID": 141587, "LOCATION": "Walters Yard", "BOROUGH": null, "NB_SPACES": "6", "DAYS_OP": "Mon - Sun", "TIMES_OP": null, "STATION_NEARBY": null, "STATION_NAME": null, "RANK_TYPE": null, "ATCOCODE": null, "RANK_REFERENCE": "TR5105", "LOCATION_DETAILS": null, "AREA_CODE": "BRO", "TAXI_STATUS": "A", "START_DATE": null, "RANK_NAME": "Walters Yard (Sainsbury's), Bromley, Br1", "FEATURE_TYPE_CODE": "TTTA", "FEATURE_TYPE_NAME": "TfL Apt - Taxi Rank", "ACCESSIBLE": null, "NIGHT_TUBE": null, "HIGHWAY_AUTHORITY": "BRO", "SECTOR_CODE": "Sector 4", "RANK_LENGTH": null, "TAXI_SHELTER_PRESENT": null, "TAXI_STOP_PRESENT": null, "DATASET_LAST_UPDATED": 1788150607000, "_matched": false}}, {"type": "Feature", "id": 141588, "geometry": {"type": "Point", "coordinates": [0.233241194122372, 51.5932928782173]}, "properties": {"OBJECTID": 141588, "LOCATION": "Station Road", "BOROUGH": null, "NB_SPACES": "6", "DAYS_OP": "Mon - Sun", "TIMES_OP": null, "STATION_NEARBY": null, "STATION_NAME": "Harold Wood Station", "RANK_TYPE": null, "ATCOCODE": null, "RANK_REFERENCE": "TR4693", "LOCATION_DETAILS": null, "AREA_CODE": "HAV", "TAXI_STATUS": "A", "START_DATE": null, "RANK_NAME": "Station Road (Harold Wood Station), Harold Wood, Rm3", "FEATURE_TYPE_CODE": "TTTA", "FEATURE_TYPE_NAME": "TfL Apt - Taxi Rank", "ACCESSIBLE": null, "NIGHT_TUBE": null, "HIGHWAY_AUTHORITY": "HAV", "SECTOR_CODE": "Sector 2", "RANK_LENGTH": null, "TAXI_SHELTER_PRESENT": null, "TAXI_STOP_PRESENT": null, "DATASET_LAST_UPDATED": 1788150607000, "_matched": false}}, {"type": "Feature", "id": 141589, "geometry": {"type": "Point", "coordinates": [-0.076892178113465, 51.5106490767556]}, "properties": {"OBJECTID": 141589, "LOCATION": "Trinity Square", "BOROUGH": null, "NB_SPACES": "2", "DAYS_OP": "Mon - Sun", "TIMES_OP": null, "STATION_NEARBY": null, "STATION_NAME": "Tower Hill Station", "RANK_TYPE": null, "ATCOCODE": null, "RANK_REFERENCE": "TR5269", "LOCATION_DETAILS": null, "AREA_CODE": "TH", "TAXI_STATUS": "A", "START_DATE": null, "RANK_NAME": "Trinity Square (Tower Hill Station), Ec3", "FEATURE_TYPE_CODE": "TTTA", "FEATURE_TYPE_NAME": "TfL Apt - Taxi Rank", "ACCESSIBLE": null, "NIGHT_TUBE": null, "HIGHWAY_AUTHORITY": "TH", "SECTOR_CODE": "All London", "RANK_LENGTH": null, "TAXI_SHELTER_PRESENT": null, "TAXI_STOP_PRESENT": null, "DATASET_LAST_UPDATED": 1788150607000, "_matched": false}}, {"type": "Feature", "id": 141590, "geometry": {"type": "Point", "coordinates": [-0.0959537267813339, 51.3720235340746]}, "properties": {"OBJECTID": 141590, "LOCATION": "Park Lane", "BOROUGH": null, "NB_SPACES": "3", "DAYS_OP": "Mon - Sun", "TIMES_OP": null, "STATION_NEARBY": null, "STATION_NAME": null, "RANK_TYPE": null, "ATCOCODE": null, "RANK_REFERENCE": "TR6094", "LOCATION_DETAILS": null, "AREA_CODE": "CRO", "TAXI_STATUS": "A", "START_DATE": null, "RANK_NAME": "Fairfield Halls", "FEATURE_TYPE_CODE": "TTTA", "FEATURE_TYPE_NAME": "TfL Apt - Taxi Rank", "ACCESSIBLE": null, "NIGHT_TUBE": null, "HIGHWAY_AUTHORITY": "CRO", "SECTOR_CODE": "Sector 5", "RANK_LENGTH": null, "TAXI_SHELTER_PRESENT": null, "TAXI_STOP_PRESENT": null, "DATASET_LAST_UPDATED": 1788150607000, "_matched": false}}, {"type": "Feature", "id": 141591, "geometry": {"type": "Point", "coordinates": [-0.154631176310349, 51.4852082156475]}, "properties": {"OBJECTID": 141591, "LOCATION": "Chelsea Embankment", "BOROUGH": null, "NB_SPACES": "9", "DAYS_OP": "Only in operation during Chelsea Flower Show", "TIMES_OP": null, "STATION_NEARBY": null, "STATION_NAME": null, "RANK_TYPE": null, "ATCOCODE": null, "RANK_REFERENCE": "TR5754", "LOCATION_DETAILS": null, "AREA_CODE": "K&C", "TAXI_STATUS": "A", "START_DATE": null, "RANK_NAME": "Royal Hospital Chelsea (Rhs Chelsea Flower Show), Sw3", "FEATURE_TYPE_CODE": "TTTE", "FEATURE_TYPE_NAME": "TfL Apt - Temporary Rank", "ACCESSIBLE": null, "NIGHT_TUBE": null, "HIGHWAY_AUTHORITY": "K&C", "SECTOR_CODE": "All London", "RANK_LENGTH": null, "TAXI_SHELTER_PRESENT": null, "TAXI_STOP_PRESENT": null, "DATASET_LAST_UPDATED": 1788150607000, "_matched": false}}, {"type": "Feature", "id": 141592, "geometry": {"type": "Point", "coordinates": [-0.141997110083097, 51.4941271439227]}, "properties": {"OBJECTID": 141592, "LOCATION": "Wilton Road", "BOROUGH": null, "NB_SPACES": "2", "DAYS_OP": "Mon - Sun", "TIMES_OP": null, "STATION_NEARBY": null, "STATION_NAME": "No", "RANK_TYPE": null, "ATCOCODE": null, "RANK_REFERENCE": "TR6189", "LOCATION_DETAILS": null, "AREA_CODE": "WES", "TAXI_STATUS": "A", "START_DATE": null, "RANK_NAME": "Park Plaza Victoria", "FEATURE_TYPE_CODE": "TTTA", "FEATURE_TYPE_NAME": "TfL Apt - Taxi Rank", "ACCESSIBLE": null, "NIGHT_TUBE": null, "HIGHWAY_AUTHORITY": "WES", "SECTOR_CODE": "All London", "RANK_LENGTH": null, "TAXI_SHELTER_PRESENT": null, "TAXI_STOP_PRESENT": null, "DATASET_LAST_UPDATED": 1788150607000, "_matched": false}}, {"type": "Feature", "id": 141593, "geometry": {"type": "Point", "coordinates": [-0.133012220529319, 51.5933782507636]}, "properties": {"OBJECTID": 141593, "LOCATION": "Alexandra Palace Private Road", "BOROUGH": null, "NB_SPACES": "4", "DAYS_OP": "Only in operation during events", "TIMES_OP": null, "STATION_NEARBY": null, "STATION_NAME": null, "RANK_TYPE": null, "ATCOCODE": null, "RANK_REFERENCE": "TR5746", "LOCATION_DETAILS": null, "AREA_CODE": "HGY", "TAXI_STATUS": "A", "START_DATE": null, "RANK_NAME": "Alexandra Palace (Outside Main Entrance To Palm Court/behind Bus Stp B), Haringey, N22.", "FEATURE_TYPE_CODE": "TTTA", "FEATURE_TYPE_NAME": "TfL Apt - Taxi Rank", "ACCESSIBLE": null, "NIGHT_TUBE": null, "HIGHWAY_AUTHORITY": "HGY", "SECTOR_CODE": "Sector 1", "RANK_LENGTH": null, "TAXI_SHELTER_PRESENT": null, "TAXI_STOP_PRESENT": null, "DATASET_LAST_UPDATED": 1788150607000, "_matched": false}}, {"type": "Feature", "id": 141594, "geometry": {"type": "Point", "coordinates": [0.0170894396725083, 51.4000689228792]}, "properties": {"OBJECTID": 141594, "LOCATION": "High Street", "BOROUGH": null, "NB_SPACES": "32", "DAYS_OP": "Mon - Sun", "TIMES_OP": null, "STATION_NEARBY": null, "STATION_NAME": "Bromley South Station", "RANK_TYPE": null, "ATCOCODE": null, "RANK_REFERENCE": "TR5891", "LOCATION_DETAILS": null, "AREA_CODE": "BRO", "TAXI_STATUS": "A", "START_DATE": null, "RANK_NAME": "High Street/elmfield Park (Bromley South Station), Br1", "FEATURE_TYPE_CODE": "TTTA", "FEATURE_TYPE_NAME": "TfL Apt - Taxi Rank", "ACCESSIBLE": null, "NIGHT_TUBE": null, "HIGHWAY_AUTHORITY": "BRO", "SECTOR_CODE": "Sector 4", "RANK_LENGTH": null, "TAXI_SHELTER_PRESENT": null, "TAXI_STOP_PRESENT": "PCO5754", "DATASET_LAST_UPDATED": 1788150607000, "_matched": false}}, {"type": "Feature", "id": 141595, "geometry": {"type": "Point", "coordinates": [-0.170361731039823, 51.5419813916761]}, "properties": {"OBJECTID": 141595, "LOCATION": "Adelaide Road", "BOROUGH": null, "NB_SPACES": "1", "DAYS_OP": "Mon - Sun", "TIMES_OP": null, "STATION_NEARBY": null, "STATION_NAME": null, "RANK_TYPE": null, "ATCOCODE": null, "RANK_REFERENCE": "TR5895", "LOCATION_DETAILS": null, "AREA_CODE": "CDN", "TAXI_STATUS": "A", "START_DATE": null, "RANK_NAME": "London Marriott Hotel, Regents Park, Swiss Cottage", "FEATURE_TYPE_CODE": "TPTA", "FEATURE_TYPE_NAME": "Private - Taxi Rank", "ACCESSIBLE": null, "NIGHT_TUBE": null, "HIGHWAY_AUTHORITY": "CDN", "SECTOR_CODE": "All London", "RANK_LENGTH": null, "TAXI_SHELTER_PRESENT": null, "TAXI_STOP_PRESENT": null, "DATASET_LAST_UPDATED": 1788150600000, "_matched": false}}, {"type": "Feature", "id": 141596, "geometry": {"type": "Point", "coordinates": [-0.0793219621543406, 51.5083867920423]}, "properties": {"OBJECTID": 141596, "LOCATION": "Lower Thames Street", "BOROUGH": null, "NB_SPACES": "9", "DAYS_OP": "Mon - Sun", "TIMES_OP": null, "STATION_NEARBY": null, "STATION_NAME": null, "RANK_TYPE": null, "ATCOCODE": null, "RANK_REFERENCE": "TR5915", "LOCATION_DETAILS": null, "AREA_CODE": "CTY", "TAXI_STATUS": "A", "START_DATE": null, "RANK_NAME": "Lower Thames Street (City Of London)", "FEATURE_TYPE_CODE": "TCTA", "FEATURE_TYPE_NAME": "COL - Taxi Rank", "ACCESSIBLE": null, "NIGHT_TUBE": null, "HIGHWAY_AUTHORITY": "CTY", "SECTOR_CODE": "All London", "RANK_LENGTH": null, "TAXI_SHELTER_PRESENT": null, "TAXI_STOP_PRESENT": null, "DATASET_LAST_UPDATED": 1788150607000, "_matched": true}}, {"type": "Feature", "id": 141597, "geometry": {"type": "Point", "coordinates": [-0.149584814805667, 51.5113059088542]}, "properties": {"OBJECTID": 141597, "LOCATION": "Grosvenor Square", "BOROUGH": null, "NB_SPACES": "2", "DAYS_OP": "Mon - Sun", "TIMES_OP": null, "STATION_NEARBY": null, "STATION_NAME": null, "RANK_TYPE": null, "ATCOCODE": null, "RANK_REFERENCE": "TR6230", "LOCATION_DETAILS": null, "AREA_CODE": "WES", "TAXI_STATUS": "A", "START_DATE": null, "RANK_NAME": "Rosewood Hotel", "FEATURE_TYPE_CODE": "TTTA", "FEATURE_TYPE_NAME": "TfL Apt - Taxi Rank", "ACCESSIBLE": null, "NIGHT_TUBE": null, "HIGHWAY_AUTHORITY": "WES", "SECTOR_CODE": "All London", "RANK_LENGTH": null, "TAXI_SHELTER_PRESENT": null, "TAXI_STOP_PRESENT": null, "DATASET_LAST_UPDATED": 1788150607000, "_matched": false}}, {"type": "Feature", "id": 141598, "geometry": {"type": "Point", "coordinates": [0.0352810166421226, 51.5350956751342]}, "properties": {"OBJECTID": 141598, "LOCATION": "Queens Road", "BOROUGH": null, "NB_SPACES": "2", "DAYS_OP": "Mon - Sun", "TIMES_OP": null, "STATION_NEARBY": null, "STATION_NAME": "Upton Park Station", "RANK_TYPE": null, "ATCOCODE": null, "RANK_REFERENCE": "TR5827", "LOCATION_DETAILS": null, "AREA_CODE": "NEW", "TAXI_STATUS": "A", "START_DATE": null, "RANK_NAME": "Queen's Road (Upton Park Station) E13", "FEATURE_TYPE_CODE": "TTTA", "FEATURE_TYPE_NAME": "TfL Apt - Taxi Rank", "ACCESSIBLE": null, "NIGHT_TUBE": null, "HIGHWAY_AUTHORITY": "NEW", "SECTOR_CODE": "Sector 2", "RANK_LENGTH": null, "TAXI_SHELTER_PRESENT": null, "TAXI_STOP_PRESENT": null, "DATASET_LAST_UPDATED": 1788150607000, "_matched": false}}, {"type": "Feature", "id": 141599, "geometry": {"type": "Point", "coordinates": [-0.21647320253633, 51.6505181865008]}, "properties": {"OBJECTID": 141599, "LOCATION": "Barnet Hospital", "BOROUGH": null, "NB_SPACES": "3", "DAYS_OP": "Mon - Sun", "TIMES_OP": null, "STATION_NEARBY": null, "STATION_NAME": null, "RANK_TYPE": null, "ATCOCODE": null, "RANK_REFERENCE": "TR6030", "LOCATION_DETAILS": null, "AREA_CODE": "BAT", "TAXI_STATUS": "A", "START_DATE": null, "RANK_NAME": "Barnet General Hospital", "FEATURE_TYPE_CODE": "TPTA", "FEATURE_TYPE_NAME": "Private - Taxi Rank", "ACCESSIBLE": null, "NIGHT_TUBE": null, "HIGHWAY_AUTHORITY": "Private", "SECTOR_CODE": "Sector 9", "RANK_LENGTH": null, "TAXI_SHELTER_PRESENT": null, "TAXI_STOP_PRESENT": null, "DATASET_LAST_UPDATED": 1788150607000, "_matched": false}}, {"type": "Feature", "id": 141600, "geometry": {"type": "Point", "coordinates": [-0.128109137664796, 51.631508792576]}, "properties": {"OBJECTID": 141600, "LOCATION": "Ashfield Parade", "BOROUGH": null, "NB_SPACES": "5", "DAYS_OP": "Mon - Sun", "TIMES_OP": null, "STATION_NEARBY": null, "STATION_NAME": "Southgate Station", "RANK_TYPE": null, "ATCOCODE": null, "RANK_REFERENCE": "TR5794", "LOCATION_DETAILS": null, "AREA_CODE": "ENF", "TAXI_STATUS": "A", "START_DATE": null, "RANK_NAME": "Ashfield Parade, Southgate, N14", "FEATURE_TYPE_CODE": "TTTA", "FEATURE_TYPE_NAME": "TfL Apt - Taxi Rank", "ACCESSIBLE": null, "NIGHT_TUBE": null, "HIGHWAY_AUTHORITY": "ENF", "SECTOR_CODE": "Sector 1", "RANK_LENGTH": null, "TAXI_SHELTER_PRESENT": null, "TAXI_STOP_PRESENT": null, "DATASET_LAST_UPDATED": 1788150607000, "_matched": false}}, {"type": "Feature", "id": 141601, "geometry": {"type": "Point", "coordinates": [-0.179978172112221, 51.511673567086]}, "properties": {"OBJECTID": 141601, "LOCATION": "Lancaster Gate", "BOROUGH": null, "NB_SPACES": "4", "DAYS_OP": "Mon - Sun", "TIMES_OP": null, "STATION_NEARBY": null, "STATION_NAME": null, "RANK_TYPE": null, "ATCOCODE": null, "RANK_REFERENCE": "TR5431", "LOCATION_DETAILS": null, "AREA_CODE": "WES", "TAXI_STATUS": "A", "START_DATE": null, "RANK_NAME": "Lancaster Gate, W2 (R0007)", "FEATURE_TYPE_CODE": "TTRE", "FEATURE_TYPE_NAME": "TfL Apt - Rest Rank", "ACCESSIBLE": null, "NIGHT_TUBE": null, "HIGHWAY_AUTHORITY": "WES", "SECTOR_CODE": "All London", "RANK_LENGTH": null, "TAXI_SHELTER_PRESENT": null, "TAXI_STOP_PRESENT": null, "DATASET_LAST_UPDATED": 1788150607000, "_matched": false}}, {"type": "Feature", "id": 141602, "geometry": {"type": "Point", "coordinates": [-0.224671549091076, 51.5690195172934]}, "properties": {"OBJECTID": 141602, "LOCATION": "Arbour Street", "BOROUGH": null, "NB_SPACES": "4", "DAYS_OP": "Mon - Sun", "TIMES_OP": null, "STATION_NEARBY": null, "STATION_NAME": "Brent Cross West Station", "RANK_TYPE": null, "ATCOCODE": null, "RANK_REFERENCE": "TR6238", "LOCATION_DETAILS": null, "AREA_CODE": "BAT", "TAXI_STATUS": "A", "START_DATE": null, "RANK_NAME": "Brent Cross West Station", "FEATURE_TYPE_CODE": "TTTA", "FEATURE_TYPE_NAME": "TfL Apt - Taxi Rank", "ACCESSIBLE": null, "NIGHT_TUBE": null, "HIGHWAY_AUTHORITY": "BAT", "SECTOR_CODE": "Sector 9", "RANK_LENGTH": null, "TAXI_SHELTER_PRESENT": null, "TAXI_STOP_PRESENT": null, "DATASET_LAST_UPDATED": 1788150607000, "_matched": false}}, {"type": "Feature", "id": 141603, "geometry": {"type": "Point", "coordinates": [-0.259676634640575, 51.5229276503371]}, "properties": {"OBJECTID": 141603, "LOCATION": "Victoria Road", "BOROUGH": null, "NB_SPACES": "2", "DAYS_OP": "Mon - Sun", "TIMES_OP": null, "STATION_NEARBY": null, "STATION_NAME": "North Acton Station", "RANK_TYPE": null, "ATCOCODE": null, "RANK_REFERENCE": "TR5991", "LOCATION_DETAILS": null, "AREA_CODE": "EAL", "TAXI_STATUS": "A", "START_DATE": null, "RANK_NAME": "Victoria Road - North Acton Station", "FEATURE_TYPE_CODE": "TTTA", "FEATURE_TYPE_NAME": "TfL Apt - Taxi Rank", "ACCESSIBLE": null, "NIGHT_TUBE": null, "HIGHWAY_AUTHORITY": "EAL", "SECTOR_CODE": "Sector 8", "RANK_LENGTH": null, "TAXI_SHELTER_PRESENT": null, "TAXI_STOP_PRESENT": null, "DATASET_LAST_UPDATED": 1788150607000, "_matched": false}}, {"type": "Feature", "id": 141604, "geometry": {"type": "Point", "coordinates": [-0.159573338753017, 51.5152039436913]}, "properties": {"OBJECTID": 141604, "LOCATION": "Wallenberg Place", "BOROUGH": null, "NB_SPACES": "2", "DAYS_OP": "Mon - Sun", "TIMES_OP": null, "STATION_NEARBY": null, "STATION_NAME": null, "RANK_TYPE": null, "ATCOCODE": null, "RANK_REFERENCE": "TR4583", "LOCATION_DETAILS": null, "AREA_CODE": "WES", "TAXI_STATUS": "A", "START_DATE": null, "RANK_NAME": "Great Cumberland Place (The Montcalm Hotel), W1", "FEATURE_TYPE_CODE": "TTTA", "FEATURE_TYPE_NAME": "TfL Apt - Taxi Rank", "ACCESSIBLE": null, "NIGHT_TUBE": null, "HIGHWAY_AUTHORITY": "WES", "SECTOR_CODE": "All London", "RANK_LENGTH": null, "TAXI_SHELTER_PRESENT": null, "TAXI_STOP_PRESENT": null, "DATASET_LAST_UPDATED": 1788150607000, "_matched": false}}, {"type": "Feature", "id": 141605, "geometry": {"type": "Point", "coordinates": [-0.136295711341183, 51.5071118105286]}, "properties": {"OBJECTID": 141605, "LOCATION": "St James's Square", "BOROUGH": null, "NB_SPACES": "1", "DAYS_OP": "Mon - Sun", "TIMES_OP": null, "STATION_NEARBY": null, "STATION_NAME": null, "RANK_TYPE": null, "ATCOCODE": null, "RANK_REFERENCE": "TR5800", "LOCATION_DETAILS": null, "AREA_CODE": "WES", "TAXI_STATUS": "A", "START_DATE": null, "RANK_NAME": "St James's Square (South West Arm, East India Club), Sw1", "FEATURE_TYPE_CODE": "TTTA", "FEATURE_TYPE_NAME": "TfL Apt - Taxi Rank", "ACCESSIBLE": null, "NIGHT_TUBE": null, "HIGHWAY_AUTHORITY": "WES", "SECTOR_CODE": "All London", "RANK_LENGTH": null, "TAXI_SHELTER_PRESENT": null, "TAXI_STOP_PRESENT": null, "DATASET_LAST_UPDATED": 1788150607000, "_matched": false}}, {"type": "Feature", "id": 141606, "geometry": {"type": "Point", "coordinates": [-0.263052518792914, 51.4921608041107]}, "properties": {"OBJECTID": 141606, "LOCATION": "Heathfield Terrace", "BOROUGH": null, "NB_SPACES": "2", "DAYS_OP": "Mon - Sun", "TIMES_OP": null, "STATION_NEARBY": null, "STATION_NAME": null, "RANK_TYPE": null, "ATCOCODE": null, "RANK_REFERENCE": "TR5218", "LOCATION_DETAILS": null, "AREA_CODE": "HOU", "TAXI_STATUS": "A", "START_DATE": null, "RANK_NAME": "Heathfield Terrace, Chiswick, W4", "FEATURE_TYPE_CODE": "TTTA", "FEATURE_TYPE_NAME": "TfL Apt - Taxi Rank", "ACCESSIBLE": null, "NIGHT_TUBE": null, "HIGHWAY_AUTHORITY": "HOU", "SECTOR_CODE": "Sector 7", "RANK_LENGTH": null, "TAXI_SHELTER_PRESENT": null, "TAXI_STOP_PRESENT": null, "DATASET_LAST_UPDATED": 1788150607000, "_matched": false}}, {"type": "Feature", "id": 141607, "geometry": {"type": "Point", "coordinates": [-0.206951559314457, 51.4963792189276]}, "properties": {"OBJECTID": 141607, "LOCATION": "Russell Road", "BOROUGH": null, "NB_SPACES": "6", "DAYS_OP": "Mon - Sun", "TIMES_OP": null, "STATION_NEARBY": null, "STATION_NAME": null, "RANK_TYPE": null, "ATCOCODE": null, "RANK_REFERENCE": "TR5496", "LOCATION_DETAILS": null, "AREA_CODE": "K&C", "TAXI_STATUS": "A", "START_DATE": null, "RANK_NAME": "Russell Road (London Olympia Hilton), W14", "FEATURE_TYPE_CODE": "TTTA", "FEATURE_TYPE_NAME": "TfL Apt - Taxi Rank", "ACCESSIBLE": null, "NIGHT_TUBE": null, "HIGHWAY_AUTHORITY": "K&C", "SECTOR_CODE": "All London", "RANK_LENGTH": null, "TAXI_SHELTER_PRESENT": null, "TAXI_STOP_PRESENT": null, "DATASET_LAST_UPDATED": 1788150607000, "_matched": false}}, {"type": "Feature", "id": 141608, "geometry": {"type": "Point", "coordinates": [-0.145421852991521, 51.5158712944388]}, "properties": {"OBJECTID": 141608, "LOCATION": "Cavendish Square", "BOROUGH": null, "NB_SPACES": "6", "DAYS_OP": "Mon - Sun", "TIMES_OP": null, "STATION_NEARBY": null, "STATION_NAME": null, "RANK_TYPE": null, "ATCOCODE": null, "RANK_REFERENCE": "TR5576", "LOCATION_DETAILS": null, "AREA_CODE": "WES", "TAXI_STATUS": "A", "START_DATE": null, "RANK_NAME": "Cavendish Square (John Lewis'), W1", "FEATURE_TYPE_CODE": "TTTA", "FEATURE_TYPE_NAME": "TfL Apt - Taxi Rank", "ACCESSIBLE": null, "NIGHT_TUBE": null, "HIGHWAY_AUTHORITY": "WES", "SECTOR_CODE": "All London", "RANK_LENGTH": null, "TAXI_SHELTER_PRESENT": null, "TAXI_STOP_PRESENT": "PCO5424", "DATASET_LAST_UPDATED": 1788150607000, "_matched": true}}, {"type": "Feature", "id": 141609, "geometry": {"type": "Point", "coordinates": [-0.247323639878928, 51.5165299964021]}, "properties": {"OBJECTID": 141609, "LOCATION": "Erconwald Street", "BOROUGH": null, "NB_SPACES": "3", "DAYS_OP": "Fri - Sat", "TIMES_OP": null, "STATION_NEARBY": null, "STATION_NAME": "East Acton Station", "RANK_TYPE": null, "ATCOCODE": null, "RANK_REFERENCE": "TR5987", "LOCATION_DETAILS": null, "AREA_CODE": "H&F", "TAXI_STATUS": "A", "START_DATE": null, "RANK_NAME": "East Acton Station", "FEATURE_TYPE_CODE": "TTTA", "FEATURE_TYPE_NAME": "TfL Apt - Taxi Rank", "ACCESSIBLE": null, "NIGHT_TUBE": null, "HIGHWAY_AUTHORITY": "H&F", "SECTOR_CODE": "All London", "RANK_LENGTH": null, "TAXI_SHELTER_PRESENT": null, "TAXI_STOP_PRESENT": null, "DATASET_LAST_UPDATED": 1788150607000, "_matched": false}}, {"type": "Feature", "id": 141610, "geometry": {"type": "Point", "coordinates": [-0.229605900846716, 51.4095052241883]}, "properties": {"OBJECTID": 141610, "LOCATION": "Coombe Lane", "BOROUGH": null, "NB_SPACES": "2", "DAYS_OP": "Mon - Sat", "TIMES_OP": null, "STATION_NEARBY": null, "STATION_NAME": "Raynes Park Station", "RANK_TYPE": null, "ATCOCODE": null, "RANK_REFERENCE": "TR5634", "LOCATION_DETAILS": null, "AREA_CODE": "MER", "TAXI_STATUS": "A", "START_DATE": null, "RANK_NAME": "Coombe Lane (Raynes Park Station), Raynes Park, Sw20", "FEATURE_TYPE_CODE": "TTTA", "FEATURE_TYPE_NAME": "TfL Apt - Taxi Rank", "ACCESSIBLE": null, "NIGHT_TUBE": null, "HIGHWAY_AUTHORITY": "MER", "SECTOR_CODE": "Sector 6", "RANK_LENGTH": null, "TAXI_SHELTER_PRESENT": null, "TAXI_STOP_PRESENT": null, "DATASET_LAST_UPDATED": 1788150607000, "_matched": false}}, {"type": "Feature", "id": 141611, "geometry": {"type": "Point", "coordinates": [-0.194155214370282, 51.3676702114784]}, "properties": {"OBJECTID": 141611, "LOCATION": "Marshall's Road", "BOROUGH": null, "NB_SPACES": "2", "DAYS_OP": "Mon - Sat", "TIMES_OP": null, "STATION_NEARBY": null, "STATION_NAME": null, "RANK_TYPE": null, "ATCOCODE": null, "RANK_REFERENCE": "TR5705", "LOCATION_DETAILS": null, "AREA_CODE": "SUT", "TAXI_STATUS": "A", "START_DATE": null, "RANK_NAME": "Marshall's Road, Sutton, Sm1", "FEATURE_TYPE_CODE": "TTTA", "FEATURE_TYPE_NAME": "TfL Apt - Taxi Rank", "ACCESSIBLE": null, "NIGHT_TUBE": null, "HIGHWAY_AUTHORITY": "SUT", "SECTOR_CODE": "Sector 6", "RANK_LENGTH": null, "TAXI_SHELTER_PRESENT": null, "TAXI_STOP_PRESENT": null, "DATASET_LAST_UPDATED": 1788150607000, "_matched": false}}, {"type": "Feature", "id": 141612, "geometry": {"type": "Point", "coordinates": [-0.17444814019793, 51.51770250179]}, "properties": {"OBJECTID": 141612, "LOCATION": "South Wharf Road", "BOROUGH": null, "NB_SPACES": "2", "DAYS_OP": "Mon - Sun", "TIMES_OP": null, "STATION_NEARBY": null, "STATION_NAME": null, "RANK_TYPE": null, "ATCOCODE": null, "RANK_REFERENCE": "TR5434", "LOCATION_DETAILS": null, "AREA_CODE": "WES", "TAXI_STATUS": "A", "START_DATE": null, "RANK_NAME": "South Wharf Road (St Mary's Hospital), W2", "FEATURE_TYPE_CODE": "TTTA", "FEATURE_TYPE_NAME": "TfL Apt - Taxi Rank", "ACCESSIBLE": null, "NIGHT_TUBE": null, "HIGHWAY_AUTHORITY": "WES", "SECTOR_CODE": "All London", "RANK_LENGTH": null, "TAXI_SHELTER_PRESENT": null, "TAXI_STOP_PRESENT": null, "DATASET_LAST_UPDATED": 1788150607000, "_matched": false}}, {"type": "Feature", "id": 141613, "geometry": {"type": "Point", "coordinates": [0.0087358041294254, 51.5144744413727]}, "properties": {"OBJECTID": 141613, "LOCATION": "Silvertown Way", "BOROUGH": null, "NB_SPACES": "2", "DAYS_OP": "Mon - Sun", "TIMES_OP": null, "STATION_NEARBY": null, "STATION_NAME": "Canning Town Station", "RANK_TYPE": null, "ATCOCODE": null, "RANK_REFERENCE": "TR5301", "LOCATION_DETAILS": null, "AREA_CODE": "NEW", "TAXI_STATUS": "A", "START_DATE": null, "RANK_NAME": "Silvertown Way (Canning Town Interchange), Canning Town, E16", "FEATURE_TYPE_CODE": "TTTA", "FEATURE_TYPE_NAME": "TfL Apt - Taxi Rank", "ACCESSIBLE": null, "NIGHT_TUBE": null, "HIGHWAY_AUTHORITY": "NEW", "SECTOR_CODE": "Sector 2", "RANK_LENGTH": null, "TAXI_SHELTER_PRESENT": null, "TAXI_STOP_PRESENT": "PCO5301", "DATASET_LAST_UPDATED": 1788150607000, "_matched": true}}, {"type": "Feature", "id": 141614, "geometry": {"type": "Point", "coordinates": [-0.144857004476407, 51.4783275669437]}, "properties": {"OBJECTID": 141614, "LOCATION": "Battersea Park Road - A3205", "BOROUGH": null, "NB_SPACES": "4", "DAYS_OP": "Mon - Sun", "TIMES_OP": null, "STATION_NEARBY": null, "STATION_NAME": "Battersea Power Station", "RANK_TYPE": null, "ATCOCODE": null, "RANK_REFERENCE": "TR6168", "LOCATION_DETAILS": null, "AREA_CODE": "WAN", "TAXI_STATUS": "A", "START_DATE": null, "RANK_NAME": "Battersea Power Station", "FEATURE_TYPE_CODE": "TTTA", "FEATURE_TYPE_NAME": "TfL Apt - Taxi Rank", "ACCESSIBLE": null, "NIGHT_TUBE": null, "HIGHWAY_AUTHORITY": "TFL", "SECTOR_CODE": "All London", "RANK_LENGTH": null, "TAXI_SHELTER_PRESENT": null, "TAXI_STOP_PRESENT": null, "DATASET_LAST_UPDATED": 1788150607000, "_matched": false}}, {"type": "Feature", "id": 141615, "geometry": {"type": "Point", "coordinates": [-0.0770009561569675, 51.5108037342911]}, "properties": {"OBJECTID": 141615, "LOCATION": "Cooper's Row", "BOROUGH": null, "NB_SPACES": "2", "DAYS_OP": "Mon - Sun", "TIMES_OP": null, "STATION_NEARBY": null, "STATION_NAME": null, "RANK_TYPE": null, "ATCOCODE": null, "RANK_REFERENCE": "TR5900", "LOCATION_DETAILS": null, "AREA_CODE": "CTY", "TAXI_STATUS": "A", "START_DATE": null, "RANK_NAME": "Cooper's Row (City Of London)", "FEATURE_TYPE_CODE": "TCTA", "FEATURE_TYPE_NAME": "COL - Taxi Rank", "ACCESSIBLE": null, "NIGHT_TUBE": null, "HIGHWAY_AUTHORITY": "CTY", "SECTOR_CODE": "All London", "RANK_LENGTH": null, "TAXI_SHELTER_PRESENT": null, "TAXI_STOP_PRESENT": null, "DATASET_LAST_UPDATED": 1788150607000, "_matched": false}}, {"type": "Feature", "id": 141616, "geometry": {"type": "Point", "coordinates": [-0.13507925521044, 51.5079647483227]}, "properties": {"OBJECTID": 141616, "LOCATION": "St James's Square", "BOROUGH": null, "NB_SPACES": "1", "DAYS_OP": "Mon - Sun", "TIMES_OP": null, "STATION_NEARBY": null, "STATION_NAME": null, "RANK_TYPE": null, "ATCOCODE": null, "RANK_REFERENCE": "TR5799", "LOCATION_DETAILS": null, "AREA_CODE": "WES", "TAXI_STATUS": "A", "START_DATE": null, "RANK_NAME": "St James's Square (In And Out Club/ Naval Military Club)", "FEATURE_TYPE_CODE": "TTTA", "FEATURE_TYPE_NAME": "TfL Apt - Taxi Rank", "ACCESSIBLE": null, "NIGHT_TUBE": null, "HIGHWAY_AUTHORITY": "WES", "SECTOR_CODE": "All London", "RANK_LENGTH": null, "TAXI_SHELTER_PRESENT": null, "TAXI_STOP_PRESENT": null, "DATASET_LAST_UPDATED": 1788150607000, "_matched": false}}, {"type": "Feature", "id": 141617, "geometry": {"type": "Point", "coordinates": [-0.099355436866549, 51.4951613604006]}, "properties": {"OBJECTID": 141617, "LOCATION": "New Kent Road", "BOROUGH": null, "NB_SPACES": "3", "DAYS_OP": "Mon - Sun", "TIMES_OP": null, "STATION_NEARBY": null, "STATION_NAME": "Elephant & Castle Station", "RANK_TYPE": null, "ATCOCODE": null, "RANK_REFERENCE": "TR5558", "LOCATION_DETAILS": null, "AREA_CODE": "SWK", "TAXI_STATUS": "A", "START_DATE": null, "RANK_NAME": "New Kent Road, Elephant And Castle, Se1", "FEATURE_TYPE_CODE": "TTTA", "FEATURE_TYPE_NAME": "TfL Apt - Taxi Rank", "ACCESSIBLE": null, "NIGHT_TUBE": null, "HIGHWAY_AUTHORITY": "TFL", "SECTOR_CODE": "All London", "RANK_LENGTH": null, "TAXI_SHELTER_PRESENT": null, "TAXI_STOP_PRESENT": null, "DATASET_LAST_UPDATED": 1788150607000, "_matched": false}}, {"type": "Feature", "id": 141618, "geometry": {"type": "Point", "coordinates": [0.00628586993305706, 51.5469439005896]}, "properties": {"OBJECTID": 141618, "LOCATION": "Leytonstone Road", "BOROUGH": null, "NB_SPACES": "4", "DAYS_OP": "Mon - Sun", "TIMES_OP": null, "STATION_NEARBY": null, "STATION_NAME": "Maryland Station", "RANK_TYPE": null, "ATCOCODE": null, "RANK_REFERENCE": "TR6154", "LOCATION_DETAILS": null, "AREA_CODE": "NEW", "TAXI_STATUS": "A", "START_DATE": null, "RANK_NAME": "Maryland Station", "FEATURE_TYPE_CODE": "TTTA", "FEATURE_TYPE_NAME": "TfL Apt - Taxi Rank", "ACCESSIBLE": null, "NIGHT_TUBE": null, "HIGHWAY_AUTHORITY": "NEW", "SECTOR_CODE": "Sector 2", "RANK_LENGTH": null, "TAXI_SHELTER_PRESENT": null, "TAXI_STOP_PRESENT": null, "DATASET_LAST_UPDATED": 1788150607000, "_matched": false}}, {"type": "Feature", "id": 141619, "geometry": {"type": "Point", "coordinates": [-0.12127045665549, 51.5108557773738]}, "properties": {"OBJECTID": 141619, "LOCATION": "Exeter Street", "BOROUGH": null, "NB_SPACES": "3", "DAYS_OP": "Mon - Sun", "TIMES_OP": null, "STATION_NEARBY": null, "STATION_NAME": null, "RANK_TYPE": null, "ATCOCODE": null, "RANK_REFERENCE": "TR5506", "LOCATION_DETAILS": null, "AREA_CODE": "WES", "TAXI_STATUS": "A", "START_DATE": null, "RANK_NAME": "Exeter Street (Strand Palace Hotel), Wc2.", "FEATURE_TYPE_CODE": "TTTA", "FEATURE_TYPE_NAME": "TfL Apt - Taxi Rank", "ACCESSIBLE": null, "NIGHT_TUBE": null, "HIGHWAY_AUTHORITY": "WES", "SECTOR_CODE": "All London", "RANK_LENGTH": null, "TAXI_SHELTER_PRESENT": null, "TAXI_STOP_PRESENT": null, "DATASET_LAST_UPDATED": 1788150607000, "_matched": false}}, {"type": "Feature", "id": 141621, "geometry": {"type": "Point", "coordinates": [0.183720773680669, 51.5752769959954]}, "properties": {"OBJECTID": 141621, "LOCATION": "Eastern Road", "BOROUGH": null, "NB_SPACES": "23", "DAYS_OP": "Mon - Sun", "TIMES_OP": null, "STATION_NEARBY": null, "STATION_NAME": "Romford Station", "RANK_TYPE": null, "ATCOCODE": null, "RANK_REFERENCE": "TR5850", "LOCATION_DETAILS": null, "AREA_CODE": "HAV", "TAXI_STATUS": "A", "START_DATE": null, "RANK_NAME": "Eastern Road (Romford Station), Romford, Rm1", "FEATURE_TYPE_CODE": "TTTA", "FEATURE_TYPE_NAME": "TfL Apt - Taxi Rank", "ACCESSIBLE": null, "NIGHT_TUBE": null, "HIGHWAY_AUTHORITY": "HAV", "SECTOR_CODE": "Sector 2", "RANK_LENGTH": null, "TAXI_SHELTER_PRESENT": "0116/T0236", "TAXI_STOP_PRESENT": null, "DATASET_LAST_UPDATED": 1788150607000, "_matched": true}}, {"type": "Feature", "id": 141622, "geometry": {"type": "Point", "coordinates": [-0.0776262247634804, 51.5257326631972]}, "properties": {"OBJECTID": 141622, "LOCATION": "Shoreditch High Street", "BOROUGH": null, "NB_SPACES": "1", "DAYS_OP": "Mon - Sun", "TIMES_OP": null, "STATION_NEARBY": null, "STATION_NAME": null, "RANK_TYPE": null, "ATCOCODE": null, "RANK_REFERENCE": "TR6105", "LOCATION_DETAILS": null, "AREA_CODE": "HAC", "TAXI_STATUS": "A", "START_DATE": null, "RANK_NAME": "Ace Hotel", "FEATURE_TYPE_CODE": "TTTA", "FEATURE_TYPE_NAME": "TfL Apt - Taxi Rank", "ACCESSIBLE": null, "NIGHT_TUBE": null, "HIGHWAY_AUTHORITY": "TFL", "SECTOR_CODE": "All London", "RANK_LENGTH": null, "TAXI_SHELTER_PRESENT": null, "TAXI_STOP_PRESENT": null, "DATASET_LAST_UPDATED": 1788150607000, "_matched": false}}, {"type": "Feature", "id": 141623, "geometry": {"type": "Point", "coordinates": [-0.144057532601956, 51.5182327259986]}, "properties": {"OBJECTID": 141623, "LOCATION": "Portland Place", "BOROUGH": null, "NB_SPACES": "8", "DAYS_OP": "Mon - Sun", "TIMES_OP": null, "STATION_NEARBY": null, "STATION_NAME": null, "RANK_TYPE": null, "ATCOCODE": null, "RANK_REFERENCE": "TR5015", "LOCATION_DETAILS": null, "AREA_CODE": "WES", "TAXI_STATUS": "A", "START_DATE": null, "RANK_NAME": "Portland Place (The Langham), W1", "FEATURE_TYPE_CODE": "TTTA", "FEATURE_TYPE_NAME": "TfL Apt - Taxi Rank", "ACCESSIBLE": null, "NIGHT_TUBE": null, "HIGHWAY_AUTHORITY": "WES", "SECTOR_CODE": "All London", "RANK_LENGTH": null, "TAXI_SHELTER_PRESENT": null, "TAXI_STOP_PRESENT": null, "DATASET_LAST_UPDATED": 1788150607000, "_matched": false}}, {"type": "Feature", "id": 141624, "geometry": {"type": "Point", "coordinates": [-0.132139954155886, 51.519581266159]}, "properties": {"OBJECTID": 141624, "LOCATION": "Store Street", "BOROUGH": null, "NB_SPACES": "2", "DAYS_OP": "Mon - Sun", "TIMES_OP": null, "STATION_NEARBY": null, "STATION_NAME": null, "RANK_TYPE": null, "ATCOCODE": null, "RANK_REFERENCE": "TR6125", "LOCATION_DETAILS": null, "AREA_CODE": "CDN", "TAXI_STATUS": "A", "START_DATE": null, "RANK_NAME": "Store Street", "FEATURE_TYPE_CODE": "TTTA", "FEATURE_TYPE_NAME": "TfL Apt - Taxi Rank", "ACCESSIBLE": null, "NIGHT_TUBE": null, "HIGHWAY_AUTHORITY": "CDN", "SECTOR_CODE": "All London", "RANK_LENGTH": null, "TAXI_SHELTER_PRESENT": null, "TAXI_STOP_PRESENT": null, "DATASET_LAST_UPDATED": 1788150607000, "_matched": false}}, {"type": "Feature", "id": 141625, "geometry": {"type": "Point", "coordinates": [-0.280806934320739, 51.5176190209268]}, "properties": {"OBJECTID": 141625, "LOCATION": "Queen's Drive", "BOROUGH": null, "NB_SPACES": "2", "DAYS_OP": "Fri - Sat", "TIMES_OP": null, "STATION_NEARBY": null, "STATION_NAME": "West Acton Station", "RANK_TYPE": null, "ATCOCODE": null, "RANK_REFERENCE": "TR5992", "LOCATION_DETAILS": null, "AREA_CODE": "EAL", "TAXI_STATUS": "A", "START_DATE": null, "RANK_NAME": "Queen's Drive (West Acton Station), W3", "FEATURE_TYPE_CODE": "TTTA", "FEATURE_TYPE_NAME": "TfL Apt - Taxi Rank", "ACCESSIBLE": null, "NIGHT_TUBE": null, "HIGHWAY_AUTHORITY": "EAL", "SECTOR_CODE": "Sector 8", "RANK_LENGTH": null, "TAXI_SHELTER_PRESENT": null, "TAXI_STOP_PRESENT": null, "DATASET_LAST_UPDATED": 1788150607000, "_matched": false}}, {"type": "Feature", "id": 141626, "geometry": {"type": "Point", "coordinates": [-0.183665652473489, 51.5131695226021]}, "properties": {"OBJECTID": 141626, "LOCATION": "Leinster Gardens", "BOROUGH": null, "NB_SPACES": "2", "DAYS_OP": "Mon - Sun", "TIMES_OP": null, "STATION_NEARBY": null, "STATION_NAME": null, "RANK_TYPE": null, "ATCOCODE": null, "RANK_REFERENCE": "TR5036", "LOCATION_DETAILS": null, "AREA_CODE": "WES", "TAXI_STATUS": "A", "START_DATE": null, "RANK_NAME": "Leinster Gardens (Blakemore Hotel), W2", "FEATURE_TYPE_CODE": "TTTA", "FEATURE_TYPE_NAME": "TfL Apt - Taxi Rank", "ACCESSIBLE": null, "NIGHT_TUBE": null, "HIGHWAY_AUTHORITY": "WES", "SECTOR_CODE": "All London", "RANK_LENGTH": null, "TAXI_SHELTER_PRESENT": null, "TAXI_STOP_PRESENT": null, "DATASET_LAST_UPDATED": 1788150607000, "_matched": false}}, {"type": "Feature", "id": 141627, "geometry": {"type": "Point", "coordinates": [-0.141743751800215, 51.591331669956]}, "properties": {"OBJECTID": 141627, "LOCATION": "Dukes Avenue", "BOROUGH": null, "NB_SPACES": "2", "DAYS_OP": "Mon - Sun", "TIMES_OP": null, "STATION_NEARBY": null, "STATION_NAME": null, "RANK_TYPE": null, "ATCOCODE": null, "RANK_REFERENCE": "TR5755", "LOCATION_DETAILS": null, "AREA_CODE": "HGY", "TAXI_STATUS": "A", "START_DATE": null, "RANK_NAME": "Dukes Avenue, Muswell Hill Broadway, Haringey, N10", "FEATURE_TYPE_CODE": "TTTA", "FEATURE_TYPE_NAME": "TfL Apt - Taxi Rank", "ACCESSIBLE": null, "NIGHT_TUBE": null, "HIGHWAY_AUTHORITY": "HGY", "SECTOR_CODE": "Sector 1", "RANK_LENGTH": null, "TAXI_SHELTER_PRESENT": null, "TAXI_STOP_PRESENT": "PCO5755", "DATASET_LAST_UPDATED": 1788150607000, "_matched": false}}, {"type": "Feature", "id": 141628, "geometry": {"type": "Point", "coordinates": [-0.134803398725145, 51.5108379674975]}, "properties": {"OBJECTID": 141628, "LOCATION": "Regent Street", "BOROUGH": null, "NB_SPACES": "6", "DAYS_OP": "Mon - Sun", "TIMES_OP": null, "STATION_NEARBY": null, "STATION_NAME": null, "RANK_TYPE": null, "ATCOCODE": null, "RANK_REFERENCE": "TR5809", "LOCATION_DETAILS": null, "AREA_CODE": "WES", "TAXI_STATUS": "A", "START_DATE": null, "RANK_NAME": "Regent Street (Hamleys), W1.", "FEATURE_TYPE_CODE": "TTTA", "FEATURE_TYPE_NAME": "TfL Apt - Taxi Rank", "ACCESSIBLE": null, "NIGHT_TUBE": null, "HIGHWAY_AUTHORITY": "WES", "SECTOR_CODE": "All London", "RANK_LENGTH": null, "TAXI_SHELTER_PRESENT": null, "TAXI_STOP_PRESENT": null, "DATASET_LAST_UPDATED": 1788150607000, "_matched": false}}, {"type": "Feature", "id": 141629, "geometry": {"type": "Point", "coordinates": [-0.117451644293349, 51.5031598755895]}, "properties": {"OBJECTID": 141629, "LOCATION": "Belvedere Road", "BOROUGH": null, "NB_SPACES": "3", "DAYS_OP": "Mon - Sun", "TIMES_OP": null, "STATION_NEARBY": null, "STATION_NAME": null, "RANK_TYPE": null, "ATCOCODE": null, "RANK_REFERENCE": "TR6113", "LOCATION_DETAILS": null, "AREA_CODE": "LAM", "TAXI_STATUS": "A", "START_DATE": null, "RANK_NAME": "London Eye Belvedere Road", "FEATURE_TYPE_CODE": "TTTA", "FEATURE_TYPE_NAME": "TfL Apt - Taxi Rank", "ACCESSIBLE": null, "NIGHT_TUBE": null, "HIGHWAY_AUTHORITY": "LAM", "SECTOR_CODE": "All London", "RANK_LENGTH": null, "TAXI_SHELTER_PRESENT": "0122/0542", "TAXI_STOP_PRESENT": null, "DATASET_LAST_UPDATED": 1788150607000, "_matched": false}}, {"type": "Feature", "id": 141630, "geometry": {"type": "Point", "coordinates": [-0.315410040173144, 51.5512846169878]}, "properties": {"OBJECTID": 141630, "LOCATION": "Station Crescent", "BOROUGH": null, "NB_SPACES": "2", "DAYS_OP": "Mon - Sun", "TIMES_OP": null, "STATION_NEARBY": null, "STATION_NAME": "Sudbury Town Station", "RANK_TYPE": null, "ATCOCODE": null, "RANK_REFERENCE": "TR4431", "LOCATION_DETAILS": null, "AREA_CODE": "BRE", "TAXI_STATUS": "A", "START_DATE": null, "RANK_NAME": "Sudbury Town Station", "FEATURE_TYPE_CODE": "TTTA", "FEATURE_TYPE_NAME": "TfL Apt - Taxi Rank", "ACCESSIBLE": null, "NIGHT_TUBE": null, "HIGHWAY_AUTHORITY": "BRE", "SECTOR_CODE": "Sector 9", "RANK_LENGTH": null, "TAXI_SHELTER_PRESENT": null, "TAXI_STOP_PRESENT": null, "DATASET_LAST_UPDATED": 1788150607000, "_matched": false}}, {"type": "Feature", "id": 141632, "geometry": {"type": "Point", "coordinates": [-0.14344436092211, 51.5070813096329]}, "properties": {"OBJECTID": 141632, "LOCATION": "Stratton Street", "BOROUGH": null, "NB_SPACES": "2", "DAYS_OP": "Mon - Sun", "TIMES_OP": null, "STATION_NEARBY": null, "STATION_NAME": "Green Park Station", "RANK_TYPE": null, "ATCOCODE": null, "RANK_REFERENCE": "TR3451", "LOCATION_DETAILS": null, "AREA_CODE": "WES", "TAXI_STATUS": "A", "START_DATE": null, "RANK_NAME": "Green Park Station-Langans", "FEATURE_TYPE_CODE": "TTTA", "FEATURE_TYPE_NAME": "TfL Apt - Taxi Rank", "ACCESSIBLE": null, "NIGHT_TUBE": null, "HIGHWAY_AUTHORITY": "WES", "SECTOR_CODE": "All London", "RANK_LENGTH": null, "TAXI_SHELTER_PRESENT": null, "TAXI_STOP_PRESENT": null, "DATASET_LAST_UPDATED": 1788150607000, "_matched": false}}, {"type": "Feature", "id": 141633, "geometry": {"type": "Point", "coordinates": [-0.151176849344555, 51.5107824729098]}, "properties": {"OBJECTID": 141633, "LOCATION": "Grosvenor Square", "BOROUGH": null, "NB_SPACES": "2", "DAYS_OP": "Mon - Sun", "TIMES_OP": null, "STATION_NEARBY": null, "STATION_NAME": null, "RANK_TYPE": null, "ATCOCODE": null, "RANK_REFERENCE": "TR6221", "LOCATION_DETAILS": null, "AREA_CODE": "WES", "TAXI_STATUS": "A", "START_DATE": null, "RANK_NAME": "Biltmore Hotel", "FEATURE_TYPE_CODE": "TTTA", "FEATURE_TYPE_NAME": "TfL Apt - Taxi Rank", "ACCESSIBLE": null, "NIGHT_TUBE": null, "HIGHWAY_AUTHORITY": "WES", "SECTOR_CODE": "All London", "RANK_LENGTH": null, "TAXI_SHELTER_PRESENT": null, "TAXI_STOP_PRESENT": null, "DATASET_LAST_UPDATED": 1788150607000, "_matched": false}}, {"type": "Feature", "id": 141634, "geometry": {"type": "Point", "coordinates": [-0.141487958127133, 51.5077067774241]}, "properties": {"OBJECTID": 141634, "LOCATION": "Dover Street", "BOROUGH": null, "NB_SPACES": "2", "DAYS_OP": "Mon - Sun", "TIMES_OP": null, "STATION_NEARBY": null, "STATION_NAME": null, "RANK_TYPE": null, "ATCOCODE": null, "RANK_REFERENCE": "TR6047", "LOCATION_DETAILS": null, "AREA_CODE": "WES", "TAXI_STATUS": "A", "START_DATE": null, "RANK_NAME": "Mahiki", "FEATURE_TYPE_CODE": "TTTA", "FEATURE_TYPE_NAME": "TfL Apt - Taxi Rank", "ACCESSIBLE": null, "NIGHT_TUBE": null, "HIGHWAY_AUTHORITY": "WES", "SECTOR_CODE": "All London", "RANK_LENGTH": null, "TAXI_SHELTER_PRESENT": null, "TAXI_STOP_PRESENT": null, "DATASET_LAST_UPDATED": 1788150607000, "_matched": false}}, {"type": "Feature", "id": 141635, "geometry": {"type": "Point", "coordinates": [-0.267185417451578, 51.493337000296]}, "properties": {"OBJECTID": 141635, "LOCATION": "Acton Lane", "BOROUGH": null, "NB_SPACES": "2", "DAYS_OP": "Mon-Sun", "TIMES_OP": null, "STATION_NEARBY": null, "STATION_NAME": "Chiswick Park Station", "RANK_TYPE": null, "ATCOCODE": null, "RANK_REFERENCE": "TR6049", "LOCATION_DETAILS": null, "AREA_CODE": "EAL", "TAXI_STATUS": "A", "START_DATE": null, "RANK_NAME": "Chiswick Park Station", "FEATURE_TYPE_CODE": "TTTA", "FEATURE_TYPE_NAME": "TfL Apt - Taxi Rank", "ACCESSIBLE": null, "NIGHT_TUBE": null, "HIGHWAY_AUTHORITY": "EAL", "SECTOR_CODE": "Sector 7", "RANK_LENGTH": null, "TAXI_SHELTER_PRESENT": null, "TAXI_STOP_PRESENT": null, "DATASET_LAST_UPDATED": 1788150600000, "_matched": false}}, {"type": "Feature", "id": 141636, "geometry": {"type": "Point", "coordinates": [-0.0732573781893227, 51.5090157165436]}, "properties": {"OBJECTID": 141636, "LOCATION": "East Smithfield", "BOROUGH": null, "NB_SPACES": "3", "DAYS_OP": "Mon - Sun", "TIMES_OP": null, "STATION_NEARBY": null, "STATION_NAME": null, "RANK_TYPE": null, "ATCOCODE": null, "RANK_REFERENCE": "TR5451", "LOCATION_DETAILS": null, "AREA_CODE": "TH", "TAXI_STATUS": "A", "START_DATE": null, "RANK_NAME": "East Smithfield (Royal Mint Court), E1", "FEATURE_TYPE_CODE": "TTTA", "FEATURE_TYPE_NAME": "TfL Apt - Taxi Rank", "ACCESSIBLE": null, "NIGHT_TUBE": null, "HIGHWAY_AUTHORITY": "TFL", "SECTOR_CODE": "All London", "RANK_LENGTH": null, "TAXI_SHELTER_PRESENT": null, "TAXI_STOP_PRESENT": null, "DATASET_LAST_UPDATED": 1788150607000, "_matched": false}}, {"type": "Feature", "id": 141637, "geometry": {"type": "Point", "coordinates": [-0.304669100892981, 51.5123461217047]}, "properties": {"OBJECTID": 141637, "LOCATION": "High Street", "BOROUGH": null, "NB_SPACES": "4", "DAYS_OP": "Mon - Sun", "TIMES_OP": null, "STATION_NEARBY": null, "STATION_NAME": null, "RANK_TYPE": null, "ATCOCODE": null, "RANK_REFERENCE": "TR5543", "LOCATION_DETAILS": null, "AREA_CODE": "EAL", "TAXI_STATUS": "A", "START_DATE": null, "RANK_NAME": "High Street, Ealing, W5", "FEATURE_TYPE_CODE": "TTTA", "FEATURE_TYPE_NAME": "TfL Apt - Taxi Rank", "ACCESSIBLE": null, "NIGHT_TUBE": null, "HIGHWAY_AUTHORITY": "EAL", "SECTOR_CODE": "Sector 7", "RANK_LENGTH": null, "TAXI_SHELTER_PRESENT": null, "TAXI_STOP_PRESENT": null, "DATASET_LAST_UPDATED": 1788150607000, "_matched": false}}, {"type": "Feature", "id": 141638, "geometry": {"type": "Point", "coordinates": [-0.160466413973819, 51.4998318001807]}, "properties": {"OBJECTID": 141638, "LOCATION": "Pavilion Road", "BOROUGH": null, "NB_SPACES": "1", "DAYS_OP": "Mon - Sun", "TIMES_OP": null, "STATION_NEARBY": null, "STATION_NAME": null, "RANK_TYPE": null, "ATCOCODE": null, "RANK_REFERENCE": "TR5160", "LOCATION_DETAILS": null, "AREA_CODE": "K&C", "TAXI_STATUS": "A", "START_DATE": null, "RANK_NAME": "Pavilion Road (Millenium Knightsbridge Hotel), Sw1", "FEATURE_TYPE_CODE": "TTTA", "FEATURE_TYPE_NAME": "TfL Apt - Taxi Rank", "ACCESSIBLE": null, "NIGHT_TUBE": null, "HIGHWAY_AUTHORITY": "K&C", "SECTOR_CODE": "All London", "RANK_LENGTH": null, "TAXI_SHELTER_PRESENT": null, "TAXI_STOP_PRESENT": null, "DATASET_LAST_UPDATED": 1788150607000, "_matched": false}}, {"type": "Feature", "id": 141639, "geometry": {"type": "Point", "coordinates": [-0.305973749226414, 51.4110566132277]}, "properties": {"OBJECTID": 141639, "LOCATION": "Clarence Street", "BOROUGH": null, "NB_SPACES": "6", "DAYS_OP": "Mon - Sun", "TIMES_OP": null, "STATION_NEARBY": null, "STATION_NAME": null, "RANK_TYPE": null, "ATCOCODE": null, "RANK_REFERENCE": "TR5707", "LOCATION_DETAILS": null, "AREA_CODE": "KIN", "TAXI_STATUS": "A", "START_DATE": null, "RANK_NAME": "Clarence Street (John Lewis), Kingston, Kt1", "FEATURE_TYPE_CODE": "TTTA", "FEATURE_TYPE_NAME": "TfL Apt - Taxi Rank", "ACCESSIBLE": null, "NIGHT_TUBE": null, "HIGHWAY_AUTHORITY": "KIN", "SECTOR_CODE": "Sector 7", "RANK_LENGTH": null, "TAXI_SHELTER_PRESENT": null, "TAXI_STOP_PRESENT": "PCO5707", "DATASET_LAST_UPDATED": 1788150607000, "_matched": true}}, {"type": "Feature", "id": 141640, "geometry": {"type": "Point", "coordinates": [-0.17943508723274, 51.5184274684484]}, "properties": {"OBJECTID": 141640, "LOCATION": "Bishop's Bridge Road", "BOROUGH": null, "NB_SPACES": "10", "DAYS_OP": "Mon - Sun", "TIMES_OP": null, "STATION_NEARBY": null, "STATION_NAME": "London Paddington Station", "RANK_TYPE": null, "ATCOCODE": null, "RANK_REFERENCE": "TR5711", "LOCATION_DETAILS": null, "AREA_CODE": "WES", "TAXI_STATUS": "A", "START_DATE": null, "RANK_NAME": "Bishop's Bridge Road, W2", "FEATURE_TYPE_CODE": "TTTA", "FEATURE_TYPE_NAME": "TfL Apt - Taxi Rank", "ACCESSIBLE": null, "NIGHT_TUBE": null, "HIGHWAY_AUTHORITY": "WES", "SECTOR_CODE": "All London", "RANK_LENGTH": null, "TAXI_SHELTER_PRESENT": null, "TAXI_STOP_PRESENT": null, "DATASET_LAST_UPDATED": 1788150607000, "_matched": false}}, {"type": "Feature", "id": 141641, "geometry": {"type": "Point", "coordinates": [-0.104725796378194, 51.5160750430291]}, "properties": {"OBJECTID": 141641, "LOCATION": "Farringdon Street", "BOROUGH": null, "NB_SPACES": "3", "DAYS_OP": "Mon - Sun", "TIMES_OP": null, "STATION_NEARBY": null, "STATION_NAME": null, "RANK_TYPE": null, "ATCOCODE": null, "RANK_REFERENCE": "TR6132", "LOCATION_DETAILS": null, "AREA_CODE": "CTY", "TAXI_STATUS": "A", "START_DATE": null, "RANK_NAME": null, "FEATURE_TYPE_CODE": "TCTA", "FEATURE_TYPE_NAME": "COL - Taxi Rank", "ACCESSIBLE": null, "NIGHT_TUBE": null, "HIGHWAY_AUTHORITY": "TFL", "SECTOR_CODE": "All London", "RANK_LENGTH": null, "TAXI_SHELTER_PRESENT": null, "TAXI_STOP_PRESENT": null, "DATASET_LAST_UPDATED": 1788150607000, "_matched": false}}, {"type": "Feature", "id": 141642, "geometry": {"type": "Point", "coordinates": [-0.169888902080831, 51.5318395363695]}, "properties": {"OBJECTID": 141642, "LOCATION": "Wellington Place", "BOROUGH": null, "NB_SPACES": "10", "DAYS_OP": "Mon - Sun", "TIMES_OP": null, "STATION_NEARBY": null, "STATION_NAME": null, "RANK_TYPE": null, "ATCOCODE": null, "RANK_REFERENCE": "TR4699", "LOCATION_DETAILS": null, "AREA_CODE": "WES", "TAXI_STATUS": "A", "START_DATE": null, "RANK_NAME": "Wellington Place, St. Johns Wood, Nw8", "FEATURE_TYPE_CODE": "TTRF", "FEATURE_TYPE_NAME": "TfL Apt - Refreshment Rank", "ACCESSIBLE": null, "NIGHT_TUBE": null, "HIGHWAY_AUTHORITY": "WES", "SECTOR_CODE": "All London", "RANK_LENGTH": null, "TAXI_SHELTER_PRESENT": null, "TAXI_STOP_PRESENT": null, "DATASET_LAST_UPDATED": 1788150607000, "_matched": false}}, {"type": "Feature", "id": 141643, "geometry": {"type": "Point", "coordinates": [-0.201391331268856, 51.4194620268167]}, "properties": {"OBJECTID": 141643, "LOCATION": "The Broadway", "BOROUGH": null, "NB_SPACES": "2", "DAYS_OP": "Mon - Sun", "TIMES_OP": null, "STATION_NEARBY": null, "STATION_NAME": null, "RANK_TYPE": null, "ATCOCODE": null, "RANK_REFERENCE": "TR6120", "LOCATION_DETAILS": null, "AREA_CODE": "MER", "TAXI_STATUS": "A", "START_DATE": null, "RANK_NAME": "New Wimbledon Theatre", "FEATURE_TYPE_CODE": "TTTA", "FEATURE_TYPE_NAME": "TfL Apt - Taxi Rank", "ACCESSIBLE": null, "NIGHT_TUBE": null, "HIGHWAY_AUTHORITY": "MER", "SECTOR_CODE": "Sector 6", "RANK_LENGTH": null, "TAXI_SHELTER_PRESENT": null, "TAXI_STOP_PRESENT": null, "DATASET_LAST_UPDATED": 1788150607000, "_matched": false}}, {"type": "Feature", "id": 141644, "geometry": {"type": "Point", "coordinates": [-0.206281321617474, 51.4451747140548]}, "properties": {"OBJECTID": 141644, "LOCATION": "Wimbledon Park Road", "BOROUGH": null, "NB_SPACES": "2", "DAYS_OP": "Mon - Sun", "TIMES_OP": null, "STATION_NEARBY": null, "STATION_NAME": "Southfields Station", "RANK_TYPE": null, "ATCOCODE": null, "RANK_REFERENCE": "TR5619", "LOCATION_DETAILS": null, "AREA_CODE": "WAN", "TAXI_STATUS": "A", "START_DATE": null, "RANK_NAME": "Wimbledon Park Road, Southfields, Sw18", "FEATURE_TYPE_CODE": "TTTA", "FEATURE_TYPE_NAME": "TfL Apt - Taxi Rank", "ACCESSIBLE": null, "NIGHT_TUBE": null, "HIGHWAY_AUTHORITY": "WAN", "SECTOR_CODE": "Island", "RANK_LENGTH": null, "TAXI_SHELTER_PRESENT": null, "TAXI_STOP_PRESENT": null, "DATASET_LAST_UPDATED": 1788150607000, "_matched": false}}, {"type": "Feature", "id": 141645, "geometry": {"type": "Point", "coordinates": [-0.178922456297122, 51.6302037650592]}, "properties": {"OBJECTID": 141645, "LOCATION": "Allum Way,totteridge & Whetstone Station", "BOROUGH": null, "NB_SPACES": "2", "DAYS_OP": "Fri - Sat", "TIMES_OP": null, "STATION_NEARBY": null, "STATION_NAME": "Totteridge & Whetstone Station", "RANK_TYPE": null, "ATCOCODE": null, "RANK_REFERENCE": "TR5833", "LOCATION_DETAILS": null, "AREA_CODE": "BAT", "TAXI_STATUS": "A", "START_DATE": null, "RANK_NAME": "Allum Way (Totteridge And Whetstone Station), N20", "FEATURE_TYPE_CODE": "TTTA", "FEATURE_TYPE_NAME": "TfL Apt - Taxi Rank", "ACCESSIBLE": null, "NIGHT_TUBE": null, "HIGHWAY_AUTHORITY": "BAT", "SECTOR_CODE": "Sector 9", "RANK_LENGTH": null, "TAXI_SHELTER_PRESENT": null, "TAXI_STOP_PRESENT": null, "DATASET_LAST_UPDATED": 1788150607000, "_matched": false}}, {"type": "Feature", "id": 141646, "geometry": {"type": "Point", "coordinates": [-0.17751631208657, 51.4953589540963]}, "properties": {"OBJECTID": 141646, "LOCATION": "Cromwell Road", "BOROUGH": null, "NB_SPACES": "2", "DAYS_OP": "Mon - Sun", "TIMES_OP": null, "STATION_NEARBY": null, "STATION_NAME": null, "RANK_TYPE": null, "ATCOCODE": null, "RANK_REFERENCE": "TR5577", "LOCATION_DETAILS": null, "AREA_CODE": "K&C", "TAXI_STATUS": "A", "START_DATE": null, "RANK_NAME": "Cromwell Road (Queensberry Place) Sw5", "FEATURE_TYPE_CODE": "TTTA", "FEATURE_TYPE_NAME": "TfL Apt - Taxi Rank", "ACCESSIBLE": null, "NIGHT_TUBE": null, "HIGHWAY_AUTHORITY": "TFL", "SECTOR_CODE": "All London", "RANK_LENGTH": null, "TAXI_SHELTER_PRESENT": null, "TAXI_STOP_PRESENT": null, "DATASET_LAST_UPDATED": 1788150607000, "_matched": false}}, {"type": "Feature", "id": 141648, "geometry": {"type": "Point", "coordinates": [-0.15332347458746, 51.5001062203663]}, "properties": {"OBJECTID": 141648, "LOCATION": "Belgrave Square", "BOROUGH": null, "NB_SPACES": "2", "DAYS_OP": "Mon - Sun", "TIMES_OP": null, "STATION_NEARBY": null, "STATION_NAME": null, "RANK_TYPE": null, "ATCOCODE": null, "RANK_REFERENCE": "TR4412", "LOCATION_DETAILS": null, "AREA_CODE": "WES", "TAXI_STATUS": "A", "START_DATE": null, "RANK_NAME": "Belgrave Square (North - East Corner), Sw1", "FEATURE_TYPE_CODE": "TTTA", "FEATURE_TYPE_NAME": "TfL Apt - Taxi Rank", "ACCESSIBLE": null, "NIGHT_TUBE": null, "HIGHWAY_AUTHORITY": "WES", "SECTOR_CODE": "All London", "RANK_LENGTH": null, "TAXI_SHELTER_PRESENT": null, "TAXI_STOP_PRESENT": null, "DATASET_LAST_UPDATED": 1788150607000, "_matched": false}}, {"type": "Feature", "id": 141649, "geometry": {"type": "Point", "coordinates": [-0.1474303265379, 51.5125488331804]}, "properties": {"OBJECTID": 141649, "LOCATION": "Brook Street", "BOROUGH": null, "NB_SPACES": "4", "DAYS_OP": "Mon - Sun", "TIMES_OP": null, "STATION_NEARBY": null, "STATION_NAME": null, "RANK_TYPE": null, "ATCOCODE": null, "RANK_REFERENCE": "TR6023", "LOCATION_DETAILS": null, "AREA_CODE": "WES", "TAXI_STATUS": "A", "START_DATE": null, "RANK_NAME": "Claridges Hotel", "FEATURE_TYPE_CODE": "TTTA", "FEATURE_TYPE_NAME": "TfL Apt - Taxi Rank", "ACCESSIBLE": null, "NIGHT_TUBE": null, "HIGHWAY_AUTHORITY": "WES", "SECTOR_CODE": "All London", "RANK_LENGTH": null, "TAXI_SHELTER_PRESENT": null, "TAXI_STOP_PRESENT": null, "DATASET_LAST_UPDATED": 1788150607000, "_matched": false}}, {"type": "Feature", "id": 141650, "geometry": {"type": "Point", "coordinates": [-0.147723287502211, 51.5113664501263]}, "properties": {"OBJECTID": 141650, "LOCATION": "Davies Street", "BOROUGH": null, "NB_SPACES": "2", "DAYS_OP": "Mon - Sun", "TIMES_OP": null, "STATION_NEARBY": null, "STATION_NAME": null, "RANK_TYPE": null, "ATCOCODE": null, "RANK_REFERENCE": "TR6022", "LOCATION_DETAILS": null, "AREA_CODE": "WES", "TAXI_STATUS": "A", "START_DATE": null, "RANK_NAME": "C Restaurant London", "FEATURE_TYPE_CODE": "TTTA", "FEATURE_TYPE_NAME": "TfL Apt - Taxi Rank", "ACCESSIBLE": null, "NIGHT_TUBE": null, "HIGHWAY_AUTHORITY": "WES", "SECTOR_CODE": "All London", "RANK_LENGTH": null, "TAXI_SHELTER_PRESENT": null, "TAXI_STOP_PRESENT": null, "DATASET_LAST_UPDATED": 1788150607000, "_matched": false}}, {"type": "Feature", "id": 141651, "geometry": {"type": "Point", "coordinates": [-0.176764605372157, 51.5015610776154]}, "properties": {"OBJECTID": 141651, "LOCATION": "Kensington Gore", "BOROUGH": null, "NB_SPACES": "2", "DAYS_OP": "Mon - Sun", "TIMES_OP": null, "STATION_NEARBY": null, "STATION_NAME": null, "RANK_TYPE": null, "ATCOCODE": null, "RANK_REFERENCE": "TR6231", "LOCATION_DETAILS": null, "AREA_CODE": "WES", "TAXI_STATUS": "A", "START_DATE": null, "RANK_NAME": "Royal Albert Hall - Kensington Gore", "FEATURE_TYPE_CODE": "TTTA", "FEATURE_TYPE_NAME": "TfL Apt - Taxi Rank", "ACCESSIBLE": null, "NIGHT_TUBE": null, "HIGHWAY_AUTHORITY": "WES", "SECTOR_CODE": "All London", "RANK_LENGTH": null, "TAXI_SHELTER_PRESENT": null, "TAXI_STOP_PRESENT": null, "DATASET_LAST_UPDATED": 1788150607000, "_matched": false}}, {"type": "Feature", "id": 141652, "geometry": {"type": "Point", "coordinates": [-0.114282713481561, 51.5122094198607]}, "properties": {"OBJECTID": 141652, "LOCATION": "Arundel Street", "BOROUGH": null, "NB_SPACES": "2", "DAYS_OP": "Mon - Sun", "TIMES_OP": null, "STATION_NEARBY": null, "STATION_NAME": null, "RANK_TYPE": null, "ATCOCODE": null, "RANK_REFERENCE": "TR6210", "LOCATION_DETAILS": null, "AREA_CODE": "WES", "TAXI_STATUS": "A", "START_DATE": null, "RANK_NAME": "Arundel Street Rest Rank (R0002)", "FEATURE_TYPE_CODE": "TTRE", "FEATURE_TYPE_NAME": "TfL Apt - Rest Rank", "ACCESSIBLE": null, "NIGHT_TUBE": null, "HIGHWAY_AUTHORITY": "WES", "SECTOR_CODE": "All London", "RANK_LENGTH": null, "TAXI_SHELTER_PRESENT": null, "TAXI_STOP_PRESENT": null, "DATASET_LAST_UPDATED": 1788150607000, "_matched": false}}, {"type": "Feature", "id": 141653, "geometry": {"type": "Point", "coordinates": [0.179881591678839, 51.5782890396116]}, "properties": {"OBJECTID": 141653, "LOCATION": "High Street", "BOROUGH": null, "NB_SPACES": "21", "DAYS_OP": "Mon - Sun", "TIMES_OP": null, "STATION_NEARBY": null, "STATION_NAME": null, "RANK_TYPE": null, "ATCOCODE": null, "RANK_REFERENCE": "TR5848", "LOCATION_DETAILS": null, "AREA_CODE": "HAV", "TAXI_STATUS": "A", "START_DATE": null, "RANK_NAME": "High Street, Romford, Rm1", "FEATURE_TYPE_CODE": "TTTA", "FEATURE_TYPE_NAME": "TfL Apt - Taxi Rank", "ACCESSIBLE": null, "NIGHT_TUBE": null, "HIGHWAY_AUTHORITY": "HAV", "SECTOR_CODE": "Sector 2", "RANK_LENGTH": null, "TAXI_SHELTER_PRESENT": null, "TAXI_STOP_PRESENT": null, "DATASET_LAST_UPDATED": 1788150607000, "_matched": false}}, {"type": "Feature", "id": 141654, "geometry": {"type": "Point", "coordinates": [-0.276248290472254, 51.5081820827253]}, "properties": {"OBJECTID": 141654, "LOCATION": "Gunnersbury Lane", "BOROUGH": null, "NB_SPACES": "2", "DAYS_OP": "Mon - Sun", "TIMES_OP": null, "STATION_NEARBY": null, "STATION_NAME": "Acton Town Station", "RANK_TYPE": null, "ATCOCODE": null, "RANK_REFERENCE": "TR6050", "LOCATION_DETAILS": null, "AREA_CODE": "EAL", "TAXI_STATUS": "A", "START_DATE": null, "RANK_NAME": "Acton Town Sation", "FEATURE_TYPE_CODE": "TTTA", "FEATURE_TYPE_NAME": "TfL Apt - Taxi Rank", "ACCESSIBLE": null, "NIGHT_TUBE": null, "HIGHWAY_AUTHORITY": "EAL", "SECTOR_CODE": "Sector 8", "RANK_LENGTH": null, "TAXI_SHELTER_PRESENT": null, "TAXI_STOP_PRESENT": null, "DATASET_LAST_UPDATED": 1788150607000, "_matched": false}}, {"type": "Feature", "id": 141655, "geometry": {"type": "Point", "coordinates": [-0.153239451051372, 51.5178650807086]}, "properties": {"OBJECTID": 141655, "LOCATION": "George Street", "BOROUGH": null, "NB_SPACES": "2", "DAYS_OP": "Mon - Sun", "TIMES_OP": null, "STATION_NEARBY": null, "STATION_NAME": null, "RANK_TYPE": null, "ATCOCODE": null, "RANK_REFERENCE": "TR5239", "LOCATION_DETAILS": null, "AREA_CODE": "WES", "TAXI_STATUS": "A", "START_DATE": null, "RANK_NAME": "George Street (Durrants Hotel), W1", "FEATURE_TYPE_CODE": "TTTA", "FEATURE_TYPE_NAME": "TfL Apt - Taxi Rank", "ACCESSIBLE": null, "NIGHT_TUBE": null, "HIGHWAY_AUTHORITY": "WES", "SECTOR_CODE": "All London", "RANK_LENGTH": null, "TAXI_SHELTER_PRESENT": null, "TAXI_STOP_PRESENT": null, "DATASET_LAST_UPDATED": 1788150607000, "_matched": false}}, {"type": "Feature", "id": 141656, "geometry": {"type": "Point", "coordinates": [-0.156257487758967, 51.5191535225548]}, "properties": {"OBJECTID": 141656, "LOCATION": "Baker Street", "BOROUGH": null, "NB_SPACES": "2", "DAYS_OP": "Mon - Sun", "TIMES_OP": null, "STATION_NEARBY": null, "STATION_NAME": "Baker Street", "RANK_TYPE": null, "ATCOCODE": null, "RANK_REFERENCE": "TR6085", "LOCATION_DETAILS": null, "AREA_CODE": "WES", "TAXI_STATUS": "A", "START_DATE": null, "RANK_NAME": "55 Baker St", "FEATURE_TYPE_CODE": "TTTA", "FEATURE_TYPE_NAME": "TfL Apt - Taxi Rank", "ACCESSIBLE": null, "NIGHT_TUBE": null, "HIGHWAY_AUTHORITY": "WES", "SECTOR_CODE": "All London", "RANK_LENGTH": null, "TAXI_SHELTER_PRESENT": null, "TAXI_STOP_PRESENT": null, "DATASET_LAST_UPDATED": 1788150607000, "_matched": false}}, {"type": "Feature", "id": 141657, "geometry": {"type": "Point", "coordinates": [-0.146945775695843, 51.505311204512]}, "properties": {"OBJECTID": 141657, "LOCATION": "Brick Street", "BOROUGH": null, "NB_SPACES": "4", "DAYS_OP": "Mon - Sun", "TIMES_OP": null, "STATION_NEARBY": null, "STATION_NAME": null, "RANK_TYPE": null, "ATCOCODE": null, "RANK_REFERENCE": "TR4863", "LOCATION_DETAILS": null, "AREA_CODE": "WES", "TAXI_STATUS": "A", "START_DATE": null, "RANK_NAME": "Brick Street (Park Lane Hotel), W1", "FEATURE_TYPE_CODE": "TTTA", "FEATURE_TYPE_NAME": "TfL Apt - Taxi Rank", "ACCESSIBLE": null, "NIGHT_TUBE": null, "HIGHWAY_AUTHORITY": "WES", "SECTOR_CODE": "All London", "RANK_LENGTH": null, "TAXI_SHELTER_PRESENT": null, "TAXI_STOP_PRESENT": null, "DATASET_LAST_UPDATED": 1788150607000, "_matched": false}}, {"type": "Feature", "id": 141658, "geometry": {"type": "Point", "coordinates": [0.0928913151607816, 51.6040092681872]}, "properties": {"OBJECTID": 141658, "LOCATION": "Thurlow Gardens", "BOROUGH": null, "NB_SPACES": "2", "DAYS_OP": "Fri - Sat", "TIMES_OP": null, "STATION_NEARBY": null, "STATION_NAME": "Hainault Station", "RANK_TYPE": null, "ATCOCODE": null, "RANK_REFERENCE": "TR5839", "LOCATION_DETAILS": null, "AREA_CODE": "RED", "TAXI_STATUS": "A", "START_DATE": null, "RANK_NAME": "Thurlow Gardens (Hainault Station), Ig6", "FEATURE_TYPE_CODE": "TTTA", "FEATURE_TYPE_NAME": "TfL Apt - Taxi Rank", "ACCESSIBLE": null, "NIGHT_TUBE": null, "HIGHWAY_AUTHORITY": "RED", "SECTOR_CODE": "Sector 2", "RANK_LENGTH": null, "TAXI_SHELTER_PRESENT": null, "TAXI_STOP_PRESENT": null, "DATASET_LAST_UPDATED": 1788150607000, "_matched": false}}, {"type": "Feature", "id": 141659, "geometry": {"type": "Point", "coordinates": [-0.0414717430084926, 51.5337674483089]}, "properties": {"OBJECTID": 141659, "LOCATION": "Royal Gate West (Victoria Park)", "BOROUGH": null, "NB_SPACES": "15", "DAYS_OP": "Only in operation during events", "TIMES_OP": null, "STATION_NEARBY": null, "STATION_NAME": null, "RANK_TYPE": null, "ATCOCODE": null, "RANK_REFERENCE": "TR5762", "LOCATION_DETAILS": null, "AREA_CODE": "TH", "TAXI_STATUS": "A", "START_DATE": null, "RANK_NAME": "Royal Gate West (Victoria Park), E9", "FEATURE_TYPE_CODE": "TTTE", "FEATURE_TYPE_NAME": "TfL Apt - Temporary Rank", "ACCESSIBLE": null, "NIGHT_TUBE": null, "HIGHWAY_AUTHORITY": "TH", "SECTOR_CODE": "All London", "RANK_LENGTH": null, "TAXI_SHELTER_PRESENT": null, "TAXI_STOP_PRESENT": null, "DATASET_LAST_UPDATED": 1788150607000, "_matched": false}}, {"type": "Feature", "id": 141660, "geometry": {"type": "Point", "coordinates": [-0.0793812173387048, 51.6524653679633]}, "properties": {"OBJECTID": 141660, "LOCATION": "New River Loop Car Park", "BOROUGH": null, "NB_SPACES": "2", "DAYS_OP": "Mon - Sun", "TIMES_OP": null, "STATION_NEARBY": null, "STATION_NAME": "Enfield Town", "RANK_TYPE": null, "ATCOCODE": null, "RANK_REFERENCE": "TR5646", "LOCATION_DETAILS": null, "AREA_CODE": "ENF", "TAXI_STATUS": "A", "START_DATE": null, "RANK_NAME": "New River Loop Car Park, Enfield Town, En1", "FEATURE_TYPE_CODE": "TTTA", "FEATURE_TYPE_NAME": "TfL Apt - Taxi Rank", "ACCESSIBLE": null, "NIGHT_TUBE": null, "HIGHWAY_AUTHORITY": "ENF", "SECTOR_CODE": "Sector 1", "RANK_LENGTH": null, "TAXI_SHELTER_PRESENT": null, "TAXI_STOP_PRESENT": null, "DATASET_LAST_UPDATED": 1788150607000, "_matched": true}}, {"type": "Feature", "id": 141662, "geometry": {"type": "Point", "coordinates": [-0.12871578107111, 51.5953421108564]}, "properties": {"OBJECTID": 141662, "LOCATION": "Alexandra Palace Private Road", "BOROUGH": null, "NB_SPACES": "10", "DAYS_OP": "Only in operation during events", "TIMES_OP": null, "STATION_NEARBY": null, "STATION_NAME": null, "RANK_TYPE": null, "ATCOCODE": null, "RANK_REFERENCE": "TR5745", "LOCATION_DETAILS": null, "AREA_CODE": "HGY", "TAXI_STATUS": "A", "START_DATE": null, "RANK_NAME": "Alexandra Palace (East Car Park), Haringey, N22.", "FEATURE_TYPE_CODE": "TTTA", "FEATURE_TYPE_NAME": "TfL Apt - Taxi Rank", "ACCESSIBLE": null, "NIGHT_TUBE": null, "HIGHWAY_AUTHORITY": "HGY", "SECTOR_CODE": "Sector 1", "RANK_LENGTH": null, "TAXI_SHELTER_PRESENT": null, "TAXI_STOP_PRESENT": null, "DATASET_LAST_UPDATED": 1788150607000, "_matched": false}}, {"type": "Feature", "id": 141663, "geometry": {"type": "Point", "coordinates": [-0.0839160786433465, 51.511546392691]}, "properties": {"OBJECTID": 141663, "LOCATION": "Philpot Lane", "BOROUGH": null, "NB_SPACES": "4", "DAYS_OP": "Mon - Sun", "TIMES_OP": null, "STATION_NEARBY": null, "STATION_NAME": null, "RANK_TYPE": null, "ATCOCODE": null, "RANK_REFERENCE": "TR5919", "LOCATION_DETAILS": null, "AREA_CODE": "CTY", "TAXI_STATUS": "A", "START_DATE": null, "RANK_NAME": "Philpot Lane (City Of London)", "FEATURE_TYPE_CODE": "TCTA", "FEATURE_TYPE_NAME": "COL - Taxi Rank", "ACCESSIBLE": null, "NIGHT_TUBE": null, "HIGHWAY_AUTHORITY": "CTY", "SECTOR_CODE": "All London", "RANK_LENGTH": null, "TAXI_SHELTER_PRESENT": null, "TAXI_STOP_PRESENT": null, "DATASET_LAST_UPDATED": 1788150607000, "_matched": false}}, {"type": "Feature", "id": 141664, "geometry": {"type": "Point", "coordinates": [-0.148575283603834, 51.4928373410128]}, "properties": {"OBJECTID": 141664, "LOCATION": "Eccleston Place", "BOROUGH": null, "NB_SPACES": "8", "DAYS_OP": "Mon - Sun", "TIMES_OP": null, "STATION_NEARBY": null, "STATION_NAME": null, "RANK_TYPE": null, "ATCOCODE": null, "RANK_REFERENCE": "TR5788", "LOCATION_DETAILS": null, "AREA_CODE": "WES", "TAXI_STATUS": "A", "START_DATE": null, "RANK_NAME": "Eccleston Place (Victoria Coach Station), Sw1", "FEATURE_TYPE_CODE": "TTTA", "FEATURE_TYPE_NAME": "TfL Apt - Taxi Rank", "ACCESSIBLE": null, "NIGHT_TUBE": null, "HIGHWAY_AUTHORITY": "WES", "SECTOR_CODE": "All London", "RANK_LENGTH": null, "TAXI_SHELTER_PRESENT": null, "TAXI_STOP_PRESENT": null, "DATASET_LAST_UPDATED": 1788150607000, "_matched": false}}, {"type": "Feature", "id": 141666, "geometry": {"type": "Point", "coordinates": [0.0279130497092345, 51.5918499419321]}, "properties": {"OBJECTID": 141666, "LOCATION": "George Lane", "BOROUGH": null, "NB_SPACES": "2", "DAYS_OP": "Fri - Sat", "TIMES_OP": null, "STATION_NEARBY": null, "STATION_NAME": "South Woodford Station", "RANK_TYPE": null, "ATCOCODE": null, "RANK_REFERENCE": "TR5841", "LOCATION_DETAILS": null, "AREA_CODE": "RED", "TAXI_STATUS": "A", "START_DATE": null, "RANK_NAME": "George Lane (South Woodford Station), E18", "FEATURE_TYPE_CODE": "TTTA", "FEATURE_TYPE_NAME": "TfL Apt - Taxi Rank", "ACCESSIBLE": null, "NIGHT_TUBE": null, "HIGHWAY_AUTHORITY": "RED", "SECTOR_CODE": "Sector 2", "RANK_LENGTH": null, "TAXI_SHELTER_PRESENT": null, "TAXI_STOP_PRESENT": null, "DATASET_LAST_UPDATED": 1788150607000, "_matched": false}}, {"type": "Feature", "id": 141667, "geometry": {"type": "Point", "coordinates": [-0.194108443757101, 51.5716015589279]}, "properties": {"OBJECTID": 141667, "LOCATION": "North End Road", "BOROUGH": null, "NB_SPACES": "8", "DAYS_OP": "Mon - Sun", "TIMES_OP": null, "STATION_NEARBY": null, "STATION_NAME": "Golders Green Station", "RANK_TYPE": null, "ATCOCODE": null, "RANK_REFERENCE": "TR6100", "LOCATION_DETAILS": null, "AREA_CODE": "BAT", "TAXI_STATUS": "A", "START_DATE": null, "RANK_NAME": "Golders Green Station", "FEATURE_TYPE_CODE": "TTTA", "FEATURE_TYPE_NAME": "TfL Apt - Taxi Rank", "ACCESSIBLE": null, "NIGHT_TUBE": null, "HIGHWAY_AUTHORITY": "BAT", "SECTOR_CODE": "Sector 9", "RANK_LENGTH": null, "TAXI_SHELTER_PRESENT": null, "TAXI_STOP_PRESENT": null, "DATASET_LAST_UPDATED": 1788150607000, "_matched": false}}, {"type": "Feature", "id": 141668, "geometry": {"type": "Point", "coordinates": [-0.143886828850461, 51.5139226178925]}, "properties": {"OBJECTID": 141668, "LOCATION": "Hanover Square", "BOROUGH": null, "NB_SPACES": "3", "DAYS_OP": "Mon - Sun", "TIMES_OP": null, "STATION_NEARBY": null, "STATION_NAME": null, "RANK_TYPE": null, "ATCOCODE": null, "RANK_REFERENCE": "TR6215", "LOCATION_DETAILS": null, "AREA_CODE": "WES", "TAXI_STATUS": "A", "START_DATE": null, "RANK_NAME": "Hanover Square", "FEATURE_TYPE_CODE": "TTTA", "FEATURE_TYPE_NAME": "TfL Apt - Taxi Rank", "ACCESSIBLE": null, "NIGHT_TUBE": null, "HIGHWAY_AUTHORITY": "WES", "SECTOR_CODE": "All London", "RANK_LENGTH": null, "TAXI_SHELTER_PRESENT": null, "TAXI_STOP_PRESENT": null, "DATASET_LAST_UPDATED": 1788150607000, "_matched": false}}, {"type": "Feature", "id": 141669, "geometry": {"type": "Point", "coordinates": [-0.152038651694757, 51.5129902234255]}, "properties": {"OBJECTID": 141669, "LOCATION": "Balderton Street", "BOROUGH": null, "NB_SPACES": "3", "DAYS_OP": "Mon - Sun", "TIMES_OP": null, "STATION_NEARBY": null, "STATION_NAME": null, "RANK_TYPE": null, "ATCOCODE": null, "RANK_REFERENCE": "TR5820", "LOCATION_DETAILS": null, "AREA_CODE": "WES", "TAXI_STATUS": "A", "START_DATE": null, "RANK_NAME": "Balderton Street (The Beaumont House Hotel), W1", "FEATURE_TYPE_CODE": "TTTA", "FEATURE_TYPE_NAME": "TfL Apt - Taxi Rank", "ACCESSIBLE": null, "NIGHT_TUBE": null, "HIGHWAY_AUTHORITY": "WES", "SECTOR_CODE": "All London", "RANK_LENGTH": null, "TAXI_SHELTER_PRESENT": null, "TAXI_STOP_PRESENT": null, "DATASET_LAST_UPDATED": 1788150607000, "_matched": false}}, {"type": "Feature", "id": 141670, "geometry": {"type": "Point", "coordinates": [-0.135985690010527, 51.5076464348396]}, "properties": {"OBJECTID": 141670, "LOCATION": "Park Lane", "BOROUGH": null, "NB_SPACES": "8", "DAYS_OP": "Mon - Sun", "TIMES_OP": null, "STATION_NEARBY": null, "STATION_NAME": null, "RANK_TYPE": null, "ATCOCODE": null, "RANK_REFERENCE": "TR5636", "LOCATION_DETAILS": null, "AREA_CODE": "WES", "TAXI_STATUS": "A", "START_DATE": null, "RANK_NAME": "Park Lane (Grosvenor House Hotel Ballroom ), W1", "FEATURE_TYPE_CODE": "TTTA", "FEATURE_TYPE_NAME": "TfL Apt - Taxi Rank", "ACCESSIBLE": null, "NIGHT_TUBE": null, "HIGHWAY_AUTHORITY": "TFL", "SECTOR_CODE": "All London", "RANK_LENGTH": null, "TAXI_SHELTER_PRESENT": null, "TAXI_STOP_PRESENT": null, "DATASET_LAST_UPDATED": 1788150607000, "_matched": false}}, {"type": "Feature", "id": 141671, "geometry": {"type": "Point", "coordinates": [-0.176903733055353, 51.4955472674992]}, "properties": {"OBJECTID": 141671, "LOCATION": "Cromwell Road", "BOROUGH": null, "NB_SPACES": "2", "DAYS_OP": "Mon - Sun", "TIMES_OP": null, "STATION_NEARBY": null, "STATION_NAME": null, "RANK_TYPE": null, "ATCOCODE": null, "RANK_REFERENCE": "TR5817", "LOCATION_DETAILS": null, "AREA_CODE": "K&C", "TAXI_STATUS": "A", "START_DATE": null, "RANK_NAME": "Cromwell Road (Natural History Museum), Sw7", "FEATURE_TYPE_CODE": "TTTA", "FEATURE_TYPE_NAME": "TfL Apt - Taxi Rank", "ACCESSIBLE": null, "NIGHT_TUBE": null, "HIGHWAY_AUTHORITY": "TFL", "SECTOR_CODE": "All London", "RANK_LENGTH": null, "TAXI_SHELTER_PRESENT": null, "TAXI_STOP_PRESENT": null, "DATASET_LAST_UPDATED": 1788150607000, "_matched": false}}, {"type": "Feature", "id": 141672, "geometry": {"type": "Point", "coordinates": [0.0677044729681699, 51.5760029475671]}, "properties": {"OBJECTID": 141672, "LOCATION": "Perth Road", "BOROUGH": null, "NB_SPACES": "2", "DAYS_OP": "Fri - Sat", "TIMES_OP": null, "STATION_NEARBY": null, "STATION_NAME": "Gants Hill Station", "RANK_TYPE": null, "ATCOCODE": null, "RANK_REFERENCE": "TR5838", "LOCATION_DETAILS": null, "AREA_CODE": "RED", "TAXI_STATUS": "A", "START_DATE": null, "RANK_NAME": "Perth Road (Gants Hill Station), Ig2", "FEATURE_TYPE_CODE": "TTTA", "FEATURE_TYPE_NAME": "TfL Apt - Taxi Rank", "ACCESSIBLE": null, "NIGHT_TUBE": null, "HIGHWAY_AUTHORITY": "RED", "SECTOR_CODE": "Sector 2", "RANK_LENGTH": null, "TAXI_SHELTER_PRESENT": null, "TAXI_STOP_PRESENT": null, "DATASET_LAST_UPDATED": 1788150607000, "_matched": false}}, {"type": "Feature", "id": 141673, "geometry": {"type": "Point", "coordinates": [-0.332993468985981, 51.4244830702696]}, "properties": {"OBJECTID": 141673, "LOCATION": "Victoria Road", "BOROUGH": null, "NB_SPACES": "2", "DAYS_OP": "Mon - Sun", "TIMES_OP": null, "STATION_NEARBY": null, "STATION_NAME": "Teddington Station", "RANK_TYPE": null, "ATCOCODE": null, "RANK_REFERENCE": "TR5750", "LOCATION_DETAILS": null, "AREA_CODE": "RIC", "TAXI_STATUS": "A", "START_DATE": null, "RANK_NAME": "Victoria Road, Teddington, Tw11", "FEATURE_TYPE_CODE": "TTTA", "FEATURE_TYPE_NAME": "TfL Apt - Taxi Rank", "ACCESSIBLE": null, "NIGHT_TUBE": null, "HIGHWAY_AUTHORITY": "RIC", "SECTOR_CODE": "Sector 7", "RANK_LENGTH": null, "TAXI_SHELTER_PRESENT": null, "TAXI_STOP_PRESENT": null, "DATASET_LAST_UPDATED": 1788150607000, "_matched": true}}, {"type": "Feature", "id": 141674, "geometry": {"type": "Point", "coordinates": [-0.143954706988007, 51.5079976307332]}, "properties": {"OBJECTID": 141674, "LOCATION": "Stratton Street", "BOROUGH": null, "NB_SPACES": "6", "DAYS_OP": "Mon - Sun", "TIMES_OP": null, "STATION_NEARBY": null, "STATION_NAME": null, "RANK_TYPE": null, "ATCOCODE": null, "RANK_REFERENCE": "TR5351", "LOCATION_DETAILS": null, "AREA_CODE": "WES", "TAXI_STATUS": "A", "START_DATE": null, "RANK_NAME": "Stratton Street (The Mayfair Hotel), W1", "FEATURE_TYPE_CODE": "TTTA", "FEATURE_TYPE_NAME": "TfL Apt - Taxi Rank", "ACCESSIBLE": null, "NIGHT_TUBE": null, "HIGHWAY_AUTHORITY": "WES", "SECTOR_CODE": "All London", "RANK_LENGTH": null, "TAXI_SHELTER_PRESENT": null, "TAXI_STOP_PRESENT": null, "DATASET_LAST_UPDATED": 1788150607000, "_matched": false}}, {"type": "Feature", "id": 141675, "geometry": {"type": "Point", "coordinates": [-0.144116064130983, 51.4958692772449]}, "properties": {"OBJECTID": 141675, "LOCATION": "Victoria Railway Station", "BOROUGH": null, "NB_SPACES": "51", "DAYS_OP": "Mon - Sun", "TIMES_OP": null, "STATION_NEARBY": null, "STATION_NAME": "Victoria Station", "RANK_TYPE": null, "ATCOCODE": null, "RANK_REFERENCE": "TR6056", "LOCATION_DETAILS": null, "AREA_CODE": "WES", "TAXI_STATUS": "A", "START_DATE": null, "RANK_NAME": "Victoria Station", "FEATURE_TYPE_CODE": "TTTA", "FEATURE_TYPE_NAME": "TfL Apt - Taxi Rank", "ACCESSIBLE": null, "NIGHT_TUBE": null, "HIGHWAY_AUTHORITY": "Private", "SECTOR_CODE": "All London", "RANK_LENGTH": null, "TAXI_SHELTER_PRESENT": null, "TAXI_STOP_PRESENT": "PCO6056", "DATASET_LAST_UPDATED": 1788150607000, "_matched": false}}, {"type": "Feature", "id": 141677, "geometry": {"type": "Point", "coordinates": [-0.170051904784429, 51.5191447313437]}, "properties": {"OBJECTID": 141677, "LOCATION": "Edgware Road", "BOROUGH": null, "NB_SPACES": "2", "DAYS_OP": "Mon - Sun", "TIMES_OP": null, "STATION_NEARBY": null, "STATION_NAME": null, "RANK_TYPE": null, "ATCOCODE": null, "RANK_REFERENCE": "TR5967", "LOCATION_DETAILS": null, "AREA_CODE": "WES", "TAXI_STATUS": "A", "START_DATE": null, "RANK_NAME": "Edgware Road (Metropole Hotel) Harbet Road", "FEATURE_TYPE_CODE": "TPTA", "FEATURE_TYPE_NAME": "Private - Taxi Rank", "ACCESSIBLE": null, "NIGHT_TUBE": null, "HIGHWAY_AUTHORITY": "WES", "SECTOR_CODE": "All London", "RANK_LENGTH": null, "TAXI_SHELTER_PRESENT": null, "TAXI_STOP_PRESENT": null, "DATASET_LAST_UPDATED": 1788150607000, "_matched": false}}, {"type": "Feature", "id": 141678, "geometry": {"type": "Point", "coordinates": [-0.150466131584274, 51.4863386028159]}, "properties": {"OBJECTID": 141678, "LOCATION": "Chelsea Bridge Road", "BOROUGH": null, "NB_SPACES": "2", "DAYS_OP": "Mon - Sun", "TIMES_OP": null, "STATION_NEARBY": null, "STATION_NAME": null, "RANK_TYPE": null, "ATCOCODE": null, "RANK_REFERENCE": "TR5560", "LOCATION_DETAILS": null, "AREA_CODE": "WES", "TAXI_STATUS": "A", "START_DATE": null, "RANK_NAME": "Chelsea Bridge Road (Lister Hospital), Sw1", "FEATURE_TYPE_CODE": "TTTA", "FEATURE_TYPE_NAME": "TfL Apt - Taxi Rank", "ACCESSIBLE": null, "NIGHT_TUBE": null, "HIGHWAY_AUTHORITY": "WES", "SECTOR_CODE": "All London", "RANK_LENGTH": null, "TAXI_SHELTER_PRESENT": null, "TAXI_STOP_PRESENT": null, "DATASET_LAST_UPDATED": 1788150607000, "_matched": false}}, {"type": "Feature", "id": 141679, "geometry": {"type": "Point", "coordinates": [-0.0758451164520001, 51.5238689757072]}, "properties": {"OBJECTID": 141679, "LOCATION": "Ebor Street", "BOROUGH": null, "NB_SPACES": "3", "DAYS_OP": "Mon - Sun", "TIMES_OP": null, "STATION_NEARBY": null, "STATION_NAME": null, "RANK_TYPE": null, "ATCOCODE": null, "RANK_REFERENCE": "TR5700", "LOCATION_DETAILS": null, "AREA_CODE": "HAC", "TAXI_STATUS": "A", "START_DATE": null, "RANK_NAME": "Ebor Street (Shoreditch House), E1", "FEATURE_TYPE_CODE": "TTTA", "FEATURE_TYPE_NAME": "TfL Apt - Taxi Rank", "ACCESSIBLE": null, "NIGHT_TUBE": null, "HIGHWAY_AUTHORITY": "HAC", "SECTOR_CODE": "All London", "RANK_LENGTH": null, "TAXI_SHELTER_PRESENT": null, "TAXI_STOP_PRESENT": null, "DATASET_LAST_UPDATED": 1788150607000, "_matched": false}}, {"type": "Feature", "id": 141681, "geometry": {"type": "Point", "coordinates": [-0.147961610501172, 51.5346247787416]}, "properties": {"OBJECTID": 141681, "LOCATION": "Gloucester Gate", "BOROUGH": null, "NB_SPACES": "20", "DAYS_OP": "Event time only", "TIMES_OP": null, "STATION_NEARBY": null, "STATION_NAME": null, "RANK_TYPE": null, "ATCOCODE": null, "RANK_REFERENCE": "TR5846", "LOCATION_DETAILS": null, "AREA_CODE": "CDN", "TAXI_STATUS": "A", "START_DATE": null, "RANK_NAME": "Outer Circle (Regents Park - Gloucester Gate) Nw1", "FEATURE_TYPE_CODE": "TTTE", "FEATURE_TYPE_NAME": "TfL Apt - Temporary Rank", "ACCESSIBLE": null, "NIGHT_TUBE": null, "HIGHWAY_AUTHORITY": "CDN", "SECTOR_CODE": "All London", "RANK_LENGTH": null, "TAXI_SHELTER_PRESENT": null, "TAXI_STOP_PRESENT": null, "DATASET_LAST_UPDATED": 1788150607000, "_matched": false}}, {"type": "Feature", "id": 141682, "geometry": {"type": "Point", "coordinates": [-0.0952147233561825, 51.3770204825155]}, "properties": {"OBJECTID": 141682, "LOCATION": "Lansdowne Road", "BOROUGH": null, "NB_SPACES": "10", "DAYS_OP": "Mon - Sun", "TIMES_OP": null, "STATION_NEARBY": null, "STATION_NAME": "East Croydon", "RANK_TYPE": null, "ATCOCODE": null, "RANK_REFERENCE": "TR6206", "LOCATION_DETAILS": null, "AREA_CODE": "CRO", "TAXI_STATUS": "A", "START_DATE": null, "RANK_NAME": "East Croydon Station / Lansdowne Road", "FEATURE_TYPE_CODE": "TTTA", "FEATURE_TYPE_NAME": "TfL Apt - Taxi Rank", "ACCESSIBLE": null, "NIGHT_TUBE": null, "HIGHWAY_AUTHORITY": "CRO", "SECTOR_CODE": "Sector 5", "RANK_LENGTH": null, "TAXI_SHELTER_PRESENT": null, "TAXI_STOP_PRESENT": null, "DATASET_LAST_UPDATED": 1788150607000, "_matched": false}}, {"type": "Feature", "id": 141683, "geometry": {"type": "Point", "coordinates": [-0.0994473169416171, 51.373357232615]}, "properties": {"OBJECTID": 141683, "LOCATION": "Park Street", "BOROUGH": null, "NB_SPACES": "7", "DAYS_OP": "Mon - Sun", "TIMES_OP": null, "STATION_NEARBY": null, "STATION_NAME": null, "RANK_TYPE": null, "ATCOCODE": null, "RANK_REFERENCE": "TR6075", "LOCATION_DETAILS": null, "AREA_CODE": "CRO", "TAXI_STATUS": "A", "START_DATE": null, "RANK_NAME": "Park Street Croydon", "FEATURE_TYPE_CODE": "TTTA", "FEATURE_TYPE_NAME": "TfL Apt - Taxi Rank", "ACCESSIBLE": null, "NIGHT_TUBE": null, "HIGHWAY_AUTHORITY": "CRO", "SECTOR_CODE": "Sector 5", "RANK_LENGTH": null, "TAXI_SHELTER_PRESENT": null, "TAXI_STOP_PRESENT": null, "DATASET_LAST_UPDATED": 1788150607000, "_matched": false}}, {"type": "Feature", "id": 141684, "geometry": {"type": "Point", "coordinates": [-0.147710508211877, 51.4978235277813]}, "properties": {"OBJECTID": 141684, "LOCATION": "Grosvenor Gardens", "BOROUGH": null, "NB_SPACES": "14", "DAYS_OP": "Mon - Sun", "TIMES_OP": null, "STATION_NEARBY": null, "STATION_NAME": null, "RANK_TYPE": null, "ATCOCODE": null, "RANK_REFERENCE": "TR5773", "LOCATION_DETAILS": null, "AREA_CODE": "WES", "TAXI_STATUS": "A", "START_DATE": null, "RANK_NAME": "Grosvenor Gardens/hobart Place, Sw1", "FEATURE_TYPE_CODE": "TTRF", "FEATURE_TYPE_NAME": "TfL Apt - Refreshment Rank", "ACCESSIBLE": null, "NIGHT_TUBE": null, "HIGHWAY_AUTHORITY": "WES", "SECTOR_CODE": "All London", "RANK_LENGTH": null, "TAXI_SHELTER_PRESENT": null, "TAXI_STOP_PRESENT": null, "DATASET_LAST_UPDATED": 1788150607000, "_matched": false}}, {"type": "Feature", "id": 141685, "geometry": {"type": "Point", "coordinates": [-0.0797376596873022, 51.5272869908256]}, "properties": {"OBJECTID": 141685, "LOCATION": "Old Street", "BOROUGH": null, "NB_SPACES": "4", "DAYS_OP": "Mon - Sun", "TIMES_OP": null, "STATION_NEARBY": null, "STATION_NAME": null, "RANK_TYPE": null, "ATCOCODE": null, "RANK_REFERENCE": "TR5880", "LOCATION_DETAILS": null, "AREA_CODE": "HAC", "TAXI_STATUS": "A", "START_DATE": null, "RANK_NAME": "Old Street (Courthouse Hotel), Ec1", "FEATURE_TYPE_CODE": "TTTA", "FEATURE_TYPE_NAME": "TfL Apt - Taxi Rank", "ACCESSIBLE": null, "NIGHT_TUBE": null, "HIGHWAY_AUTHORITY": "HAC", "SECTOR_CODE": "All London", "RANK_LENGTH": null, "TAXI_SHELTER_PRESENT": null, "TAXI_STOP_PRESENT": null, "DATASET_LAST_UPDATED": 1788150607000, "_matched": true}}, {"type": "Feature", "id": 141686, "geometry": {"type": "Point", "coordinates": [-0.145078890745571, 51.5083481386652]}, "properties": {"OBJECTID": 141686, "LOCATION": "Fitzmaurice Place", "BOROUGH": null, "NB_SPACES": "2", "DAYS_OP": "Mon - Sun", "TIMES_OP": null, "STATION_NEARBY": null, "STATION_NAME": null, "RANK_TYPE": null, "ATCOCODE": null, "RANK_REFERENCE": "TR6092", "LOCATION_DETAILS": null, "AREA_CODE": "WES", "TAXI_STATUS": "A", "START_DATE": null, "RANK_NAME": "The Lansdown Club", "FEATURE_TYPE_CODE": "TTTA", "FEATURE_TYPE_NAME": "TfL Apt - Taxi Rank", "ACCESSIBLE": null, "NIGHT_TUBE": null, "HIGHWAY_AUTHORITY": "WES", "SECTOR_CODE": "All London", "RANK_LENGTH": null, "TAXI_SHELTER_PRESENT": null, "TAXI_STOP_PRESENT": null, "DATASET_LAST_UPDATED": 1788150607000, "_matched": false}}, {"type": "Feature", "id": 141687, "geometry": {"type": "Point", "coordinates": [-0.127023543733091, 51.5121887601909]}, "properties": {"OBJECTID": 141687, "LOCATION": "Upper St Martin's Lane", "BOROUGH": null, "NB_SPACES": "2", "DAYS_OP": "Mon - Sun", "TIMES_OP": null, "STATION_NEARBY": null, "STATION_NAME": null, "RANK_TYPE": null, "ATCOCODE": null, "RANK_REFERENCE": "TR5875", "LOCATION_DETAILS": null, "AREA_CODE": "WES", "TAXI_STATUS": "A", "START_DATE": null, "RANK_NAME": "Upper St. Martin's Lanes (Stringfellows), Wc2", "FEATURE_TYPE_CODE": "TTTA", "FEATURE_TYPE_NAME": "TfL Apt - Taxi Rank", "ACCESSIBLE": null, "NIGHT_TUBE": null, "HIGHWAY_AUTHORITY": "WES", "SECTOR_CODE": "All London", "RANK_LENGTH": null, "TAXI_SHELTER_PRESENT": null, "TAXI_STOP_PRESENT": null, "DATASET_LAST_UPDATED": 1788150607000, "_matched": false}}, {"type": "Feature", "id": 141688, "geometry": {"type": "Point", "coordinates": [-0.158092657132373, 51.5111790443124]}, "properties": {"OBJECTID": 141688, "LOCATION": "Park Lane", "BOROUGH": null, "NB_SPACES": "14", "DAYS_OP": "During Winter Wonderland and other events", "TIMES_OP": null, "STATION_NEARBY": null, "STATION_NAME": null, "RANK_TYPE": null, "ATCOCODE": null, "RANK_REFERENCE": "TR6207", "LOCATION_DETAILS": null, "AREA_CODE": "WES", "TAXI_STATUS": "A", "START_DATE": null, "RANK_NAME": "Park Lane (Hyde Park)", "FEATURE_TYPE_CODE": "TTTE", "FEATURE_TYPE_NAME": "TfL Apt - Temporary Rank", "ACCESSIBLE": null, "NIGHT_TUBE": null, "HIGHWAY_AUTHORITY": "TFL", "SECTOR_CODE": "All London", "RANK_LENGTH": null, "TAXI_SHELTER_PRESENT": null, "TAXI_STOP_PRESENT": null, "DATASET_LAST_UPDATED": 1788150607000, "_matched": false}}, {"type": "Feature", "id": 141689, "geometry": {"type": "Point", "coordinates": [0.00522822328099329, 51.5278076448048]}, "properties": {"OBJECTID": 141689, "LOCATION": "Memorial Avenue", "BOROUGH": null, "NB_SPACES": "2", "DAYS_OP": "Mon - Sun", "TIMES_OP": null, "STATION_NEARBY": null, "STATION_NAME": "West Ham Station", "RANK_TYPE": null, "ATCOCODE": null, "RANK_REFERENCE": "TR5826", "LOCATION_DETAILS": null, "AREA_CODE": "NEW", "TAXI_STATUS": "A", "START_DATE": null, "RANK_NAME": "Memorial Avenue (West Ham Station) E15", "FEATURE_TYPE_CODE": "TTTA", "FEATURE_TYPE_NAME": "TfL Apt - Taxi Rank", "ACCESSIBLE": null, "NIGHT_TUBE": null, "HIGHWAY_AUTHORITY": "NEW", "SECTOR_CODE": "Sector 2", "RANK_LENGTH": null, "TAXI_SHELTER_PRESENT": null, "TAXI_STOP_PRESENT": null, "DATASET_LAST_UPDATED": 1788150607000, "_matched": false}}, {"type": "Feature", "id": 141690, "geometry": {"type": "Point", "coordinates": [-0.205792480237448, 51.4220294171776]}, "properties": {"OBJECTID": 141690, "LOCATION": "Orinoco Lane, Wimbledon Station", "BOROUGH": null, "NB_SPACES": "15", "DAYS_OP": "24 hours", "TIMES_OP": null, "STATION_NEARBY": null, "STATION_NAME": "Wimbledon Station", "RANK_TYPE": null, "ATCOCODE": null, "RANK_REFERENCE": "TR6099", "LOCATION_DETAILS": null, "AREA_CODE": "MER", "TAXI_STATUS": "A", "START_DATE": null, "RANK_NAME": "Wimbledon Station", "FEATURE_TYPE_CODE": "TTTF", "FEATURE_TYPE_NAME": "Taxi Rank Feeder", "ACCESSIBLE": null, "NIGHT_TUBE": null, "HIGHWAY_AUTHORITY": "Private", "SECTOR_CODE": "Sector 6", "RANK_LENGTH": null, "TAXI_SHELTER_PRESENT": null, "TAXI_STOP_PRESENT": null, "DATASET_LAST_UPDATED": 1788150607000, "_matched": false}}, {"type": "Feature", "id": 141691, "geometry": {"type": "Point", "coordinates": [-0.076407881589185, 51.5115403930593]}, "properties": {"OBJECTID": 141691, "LOCATION": "Crosswall", "BOROUGH": null, "NB_SPACES": "2", "DAYS_OP": "Mon - Sun", "TIMES_OP": null, "STATION_NEARBY": null, "STATION_NAME": null, "RANK_TYPE": null, "ATCOCODE": null, "RANK_REFERENCE": "TR5902", "LOCATION_DETAILS": null, "AREA_CODE": "CTY", "TAXI_STATUS": "A", "START_DATE": null, "RANK_NAME": "Crosswall (City Of London)", "FEATURE_TYPE_CODE": "TCTA", "FEATURE_TYPE_NAME": "COL - Taxi Rank", "ACCESSIBLE": null, "NIGHT_TUBE": null, "HIGHWAY_AUTHORITY": "CTY", "SECTOR_CODE": "All London", "RANK_LENGTH": null, "TAXI_SHELTER_PRESENT": null, "TAXI_STOP_PRESENT": null, "DATASET_LAST_UPDATED": 1788150607000, "_matched": false}}, {"type": "Feature", "id": 141692, "geometry": {"type": "Point", "coordinates": [-0.216716647905736, 51.4606301739256]}, "properties": {"OBJECTID": 141692, "LOCATION": "Upper Richmond Road - A205", "BOROUGH": null, "NB_SPACES": "3", "DAYS_OP": "Mon - Sun", "TIMES_OP": null, "STATION_NEARBY": null, "STATION_NAME": "Putney Station", "RANK_TYPE": null, "ATCOCODE": null, "RANK_REFERENCE": "TR5752", "LOCATION_DETAILS": null, "AREA_CODE": "WAN", "TAXI_STATUS": "A", "START_DATE": null, "RANK_NAME": "Upper Richmond Road, Putney, Sw15", "FEATURE_TYPE_CODE": "TTTA", "FEATURE_TYPE_NAME": "TfL Apt - Taxi Rank", "ACCESSIBLE": null, "NIGHT_TUBE": null, "HIGHWAY_AUTHORITY": "TFL", "SECTOR_CODE": "Island", "RANK_LENGTH": null, "TAXI_SHELTER_PRESENT": null, "TAXI_STOP_PRESENT": null, "DATASET_LAST_UPDATED": 1788150607000, "_matched": false}}, {"type": "Feature", "id": 141693, "geometry": {"type": "Point", "coordinates": [-0.0912051109081474, 51.3763437166638]}, "properties": {"OBJECTID": 141693, "LOCATION": "Cherry Orchard Road", "BOROUGH": null, "NB_SPACES": "13", "DAYS_OP": "Mon - Sun", "TIMES_OP": null, "STATION_NEARBY": null, "STATION_NAME": "East Croydon", "RANK_TYPE": null, "ATCOCODE": null, "RANK_REFERENCE": "TR6229", "LOCATION_DETAILS": null, "AREA_CODE": "CRO", "TAXI_STATUS": "A", "START_DATE": null, "RANK_NAME": "Cherry Orchard Road - East Croydon Station", "FEATURE_TYPE_CODE": "TTTA", "FEATURE_TYPE_NAME": "TfL Apt - Taxi Rank", "ACCESSIBLE": null, "NIGHT_TUBE": null, "HIGHWAY_AUTHORITY": "CRO", "SECTOR_CODE": "Sector 3", "RANK_LENGTH": null, "TAXI_SHELTER_PRESENT": null, "TAXI_STOP_PRESENT": null, "DATASET_LAST_UPDATED": 1788150607000, "_matched": false}}, {"type": "Feature", "id": 141694, "geometry": {"type": "Point", "coordinates": [-0.217077045238007, 51.4609863623659]}, "properties": {"OBJECTID": 141694, "LOCATION": "Putney High Street - A219", "BOROUGH": null, "NB_SPACES": "4", "DAYS_OP": "Mon - Sun", "TIMES_OP": null, "STATION_NEARBY": null, "STATION_NAME": "Putney Station", "RANK_TYPE": null, "ATCOCODE": null, "RANK_REFERENCE": "TR5751", "LOCATION_DETAILS": null, "AREA_CODE": "WAN", "TAXI_STATUS": "A", "START_DATE": null, "RANK_NAME": "High Street, Putney (Putney Station), Sw15", "FEATURE_TYPE_CODE": "TTTA", "FEATURE_TYPE_NAME": "TfL Apt - Taxi Rank", "ACCESSIBLE": null, "NIGHT_TUBE": null, "HIGHWAY_AUTHORITY": "WAN", "SECTOR_CODE": "Island", "RANK_LENGTH": null, "TAXI_SHELTER_PRESENT": null, "TAXI_STOP_PRESENT": null, "DATASET_LAST_UPDATED": 1788150607000, "_matched": false}}, {"type": "Feature", "id": 141695, "geometry": {"type": "Point", "coordinates": [-0.105964381912162, 51.5154026249386]}, "properties": {"OBJECTID": 141695, "LOCATION": "St. Brides Street", "BOROUGH": null, "NB_SPACES": "8", "DAYS_OP": "Mon - Sun", "TIMES_OP": null, "STATION_NEARBY": null, "STATION_NAME": null, "RANK_TYPE": null, "ATCOCODE": null, "RANK_REFERENCE": "TR5924", "LOCATION_DETAILS": null, "AREA_CODE": "CTY", "TAXI_STATUS": "A", "START_DATE": null, "RANK_NAME": "St. Brides Street (City Of London)", "FEATURE_TYPE_CODE": "TCTA", "FEATURE_TYPE_NAME": "COL - Taxi Rank", "ACCESSIBLE": null, "NIGHT_TUBE": null, "HIGHWAY_AUTHORITY": "CTY", "SECTOR_CODE": "All London", "RANK_LENGTH": null, "TAXI_SHELTER_PRESENT": null, "TAXI_STOP_PRESENT": null, "DATASET_LAST_UPDATED": 1788150607000, "_matched": false}}, {"type": "Feature", "id": 141696, "geometry": {"type": "Point", "coordinates": [0.0272522246495006, 51.5922480410524]}, "properties": {"OBJECTID": 141696, "LOCATION": "George Lane", "BOROUGH": null, "NB_SPACES": "2", "DAYS_OP": "Fri - Sat", "TIMES_OP": null, "STATION_NEARBY": null, "STATION_NAME": "South Woodford Station", "RANK_TYPE": null, "ATCOCODE": null, "RANK_REFERENCE": "TR5840", "LOCATION_DETAILS": null, "AREA_CODE": "RED", "TAXI_STATUS": "A", "START_DATE": null, "RANK_NAME": "George Lane (South Woodford Station), E18", "FEATURE_TYPE_CODE": "TTTA", "FEATURE_TYPE_NAME": "TfL Apt - Taxi Rank", "ACCESSIBLE": null, "NIGHT_TUBE": null, "HIGHWAY_AUTHORITY": "RED", "SECTOR_CODE": "Sector 2", "RANK_LENGTH": null, "TAXI_SHELTER_PRESENT": null, "TAXI_STOP_PRESENT": null, "DATASET_LAST_UPDATED": 1788150607000, "_matched": false}}, {"type": "Feature", "id": 141697, "geometry": {"type": "Point", "coordinates": [-0.2131275245181, 51.5767575613151]}, "properties": {"OBJECTID": 141697, "LOCATION": "Brent Cross Station Car Park", "BOROUGH": null, "NB_SPACES": "2", "DAYS_OP": "Fri - Sat", "TIMES_OP": null, "STATION_NEARBY": null, "STATION_NAME": "Brent Cross Station", "RANK_TYPE": null, "ATCOCODE": null, "RANK_REFERENCE": "TR5851", "LOCATION_DETAILS": null, "AREA_CODE": "BAT", "TAXI_STATUS": "A", "START_DATE": null, "RANK_NAME": "Brent Cross Station Car Park, N11", "FEATURE_TYPE_CODE": "TTTA", "FEATURE_TYPE_NAME": "TfL Apt - Taxi Rank", "ACCESSIBLE": null, "NIGHT_TUBE": null, "HIGHWAY_AUTHORITY": "LT", "SECTOR_CODE": "Sector 9", "RANK_LENGTH": null, "TAXI_SHELTER_PRESENT": null, "TAXI_STOP_PRESENT": null, "DATASET_LAST_UPDATED": 1788150607000, "_matched": false}}, {"type": "Feature", "id": 141698, "geometry": {"type": "Point", "coordinates": [-0.116457182898896, 51.5559119678881]}, "properties": {"OBJECTID": 141698, "LOCATION": "Holloway Road", "BOROUGH": null, "NB_SPACES": "2", "DAYS_OP": "Mon - Sun", "TIMES_OP": null, "STATION_NEARBY": null, "STATION_NAME": null, "RANK_TYPE": null, "ATCOCODE": null, "RANK_REFERENCE": "TR5136", "LOCATION_DETAILS": null, "AREA_CODE": "ISL", "TAXI_STATUS": "A", "START_DATE": null, "RANK_NAME": "Holloway Road (Waitrose), Holloway, N19", "FEATURE_TYPE_CODE": "TTTA", "FEATURE_TYPE_NAME": "TfL Apt - Taxi Rank", "ACCESSIBLE": null, "NIGHT_TUBE": null, "HIGHWAY_AUTHORITY": "ISL", "SECTOR_CODE": "All London", "RANK_LENGTH": null, "TAXI_SHELTER_PRESENT": null, "TAXI_STOP_PRESENT": null, "DATASET_LAST_UPDATED": 1788150607000, "_matched": false}}, {"type": "Feature", "id": 141699, "geometry": {"type": "Point", "coordinates": [-0.0126469040979455, 51.458292659418]}, "properties": {"OBJECTID": 141699, "LOCATION": "Morley Road", "BOROUGH": null, "NB_SPACES": "3", "DAYS_OP": "Mon - Sun", "TIMES_OP": null, "STATION_NEARBY": null, "STATION_NAME": null, "RANK_TYPE": null, "ATCOCODE": null, "RANK_REFERENCE": "TR6157", "LOCATION_DETAILS": null, "AREA_CODE": "LEW", "TAXI_STATUS": "A", "START_DATE": null, "RANK_NAME": "Travelodge", "FEATURE_TYPE_CODE": "TTTA", "FEATURE_TYPE_NAME": "TfL Apt - Taxi Rank", "ACCESSIBLE": null, "NIGHT_TUBE": null, "HIGHWAY_AUTHORITY": "LEW", "SECTOR_CODE": "Sector 3", "RANK_LENGTH": null, "TAXI_SHELTER_PRESENT": null, "TAXI_STOP_PRESENT": null, "DATASET_LAST_UPDATED": 1788150607000, "_matched": false}}, {"type": "Feature", "id": 141700, "geometry": {"type": "Point", "coordinates": [-0.00885352697096868, 51.542426755396]}, "properties": {"OBJECTID": 141700, "LOCATION": "Westfield Avenue", "BOROUGH": null, "NB_SPACES": "5", "DAYS_OP": "Mon - Sun", "TIMES_OP": null, "STATION_NEARBY": null, "STATION_NAME": null, "RANK_TYPE": null, "ATCOCODE": null, "RANK_REFERENCE": "TR5978", "LOCATION_DETAILS": null, "AREA_CODE": "NEW", "TAXI_STATUS": "A", "START_DATE": null, "RANK_NAME": "Westfield Avenue (Westfield Shopping Centre), E20", "FEATURE_TYPE_CODE": "TTTA", "FEATURE_TYPE_NAME": "TfL Apt - Taxi Rank", "ACCESSIBLE": null, "NIGHT_TUBE": null, "HIGHWAY_AUTHORITY": "NEW", "SECTOR_CODE": "Sector 2", "RANK_LENGTH": null, "TAXI_SHELTER_PRESENT": null, "TAXI_STOP_PRESENT": null, "DATASET_LAST_UPDATED": 1788150607000, "_matched": false}}, {"type": "Feature", "id": 141701, "geometry": {"type": "Point", "coordinates": [-0.0610842508336766, 51.5269081958085]}, "properties": {"OBJECTID": 141701, "LOCATION": "Bethnal Green Road", "BOROUGH": null, "NB_SPACES": "4", "DAYS_OP": "Mon - Sun", "TIMES_OP": null, "STATION_NEARBY": null, "STATION_NAME": null, "RANK_TYPE": null, "ATCOCODE": null, "RANK_REFERENCE": "TR5642", "LOCATION_DETAILS": null, "AREA_CODE": "TH", "TAXI_STATUS": "A", "START_DATE": null, "RANK_NAME": "Bethnal Green Road Tesco", "FEATURE_TYPE_CODE": "TTTA", "FEATURE_TYPE_NAME": "TfL Apt - Taxi Rank", "ACCESSIBLE": null, "NIGHT_TUBE": null, "HIGHWAY_AUTHORITY": "TH", "SECTOR_CODE": "All London", "RANK_LENGTH": null, "TAXI_SHELTER_PRESENT": null, "TAXI_STOP_PRESENT": "PCO5642", "DATASET_LAST_UPDATED": 1788150607000, "_matched": false}}, {"type": "Feature", "id": 141702, "geometry": {"type": "Point", "coordinates": [-0.0939359436993835, 51.5169792999542]}, "properties": {"OBJECTID": 141702, "LOCATION": "Wood Street", "BOROUGH": null, "NB_SPACES": "2", "DAYS_OP": "Mon - Sun", "TIMES_OP": null, "STATION_NEARBY": null, "STATION_NAME": null, "RANK_TYPE": null, "ATCOCODE": null, "RANK_REFERENCE": "TR5929", "LOCATION_DETAILS": null, "AREA_CODE": "CTY", "TAXI_STATUS": "A", "START_DATE": null, "RANK_NAME": "Wood Street (City Of London)", "FEATURE_TYPE_CODE": "TCTA", "FEATURE_TYPE_NAME": "COL - Taxi Rank", "ACCESSIBLE": null, "NIGHT_TUBE": null, "HIGHWAY_AUTHORITY": "CTY", "SECTOR_CODE": "All London", "RANK_LENGTH": null, "TAXI_SHELTER_PRESENT": null, "TAXI_STOP_PRESENT": null, "DATASET_LAST_UPDATED": 1788150607000, "_matched": true}}, {"type": "Feature", "id": 141703, "geometry": {"type": "Point", "coordinates": [-0.332588625640976, 51.4249359255019]}, "properties": {"OBJECTID": 141703, "LOCATION": "Station Road", "BOROUGH": null, "NB_SPACES": "2", "DAYS_OP": "Mon - Sun", "TIMES_OP": null, "STATION_NEARBY": null, "STATION_NAME": "Teddington Station", "RANK_TYPE": null, "ATCOCODE": null, "RANK_REFERENCE": "TR5749", "LOCATION_DETAILS": null, "AREA_CODE": "RIC", "TAXI_STATUS": "A", "START_DATE": null, "RANK_NAME": "Station Road, Teddington, Tw11", "FEATURE_TYPE_CODE": "TTTA", "FEATURE_TYPE_NAME": "TfL Apt - Taxi Rank", "ACCESSIBLE": null, "NIGHT_TUBE": null, "HIGHWAY_AUTHORITY": "RIC", "SECTOR_CODE": "Sector 7", "RANK_LENGTH": null, "TAXI_SHELTER_PRESENT": null, "TAXI_STOP_PRESENT": null, "DATASET_LAST_UPDATED": 1788150607000, "_matched": false}}, {"type": "Feature", "id": 141704, "geometry": {"type": "Point", "coordinates": [-0.154002972717875, 51.5143134669294]}, "properties": {"OBJECTID": 141704, "LOCATION": "Orchard Street", "BOROUGH": null, "NB_SPACES": "2", "DAYS_OP": "Mon - Sun", "TIMES_OP": null, "STATION_NEARBY": null, "STATION_NAME": null, "RANK_TYPE": null, "ATCOCODE": null, "RANK_REFERENCE": "TR6087", "LOCATION_DETAILS": null, "AREA_CODE": "WES", "TAXI_STATUS": "A", "START_DATE": null, "RANK_NAME": "Marks & Spencers Orchard Street", "FEATURE_TYPE_CODE": "TTTA", "FEATURE_TYPE_NAME": "TfL Apt - Taxi Rank", "ACCESSIBLE": null, "NIGHT_TUBE": null, "HIGHWAY_AUTHORITY": "WES", "SECTOR_CODE": "All London", "RANK_LENGTH": null, "TAXI_SHELTER_PRESENT": null, "TAXI_STOP_PRESENT": null, "DATASET_LAST_UPDATED": 1788150607000, "_matched": false}}, {"type": "Feature", "id": 141705, "geometry": {"type": "Point", "coordinates": [0.00855106309215976, 51.5682446364403]}, "properties": {"OBJECTID": 141705, "LOCATION": "Church Lane", "BOROUGH": null, "NB_SPACES": "2", "DAYS_OP": "Mon - Sun", "TIMES_OP": null, "STATION_NEARBY": null, "STATION_NAME": "Leytonstone Station", "RANK_TYPE": null, "ATCOCODE": null, "RANK_REFERENCE": "TR5368", "LOCATION_DETAILS": null, "AREA_CODE": "WF", "TAXI_STATUS": "A", "START_DATE": null, "RANK_NAME": "Church Lane, Leytonstone (Station), E11", "FEATURE_TYPE_CODE": "TTTA", "FEATURE_TYPE_NAME": "TfL Apt - Taxi Rank", "ACCESSIBLE": null, "NIGHT_TUBE": null, "HIGHWAY_AUTHORITY": "WF", "SECTOR_CODE": "Sector 1", "RANK_LENGTH": null, "TAXI_SHELTER_PRESENT": null, "TAXI_STOP_PRESENT": null, "DATASET_LAST_UPDATED": 1788150607000, "_matched": false}}, {"type": "Feature", "id": 141706, "geometry": {"type": "Point", "coordinates": [-0.19376850478592, 51.4026815304709]}, "properties": {"OBJECTID": 141706, "LOCATION": "London Road", "BOROUGH": null, "NB_SPACES": "4", "DAYS_OP": "Mon - Sun", "TIMES_OP": null, "STATION_NEARBY": null, "STATION_NAME": "Morden Station", "RANK_TYPE": null, "ATCOCODE": null, "RANK_REFERENCE": "TR5721", "LOCATION_DETAILS": null, "AREA_CODE": "MER", "TAXI_STATUS": "A", "START_DATE": null, "RANK_NAME": "London Road, (Morden Station), Sm4", "FEATURE_TYPE_CODE": "TTTA", "FEATURE_TYPE_NAME": "TfL Apt - Taxi Rank", "ACCESSIBLE": null, "NIGHT_TUBE": null, "HIGHWAY_AUTHORITY": "TFL", "SECTOR_CODE": "Sector 6", "RANK_LENGTH": null, "TAXI_SHELTER_PRESENT": null, "TAXI_STOP_PRESENT": "PCO5721", "DATASET_LAST_UPDATED": 1788150607000, "_matched": true}}, {"type": "Feature", "id": 141707, "geometry": {"type": "Point", "coordinates": [-0.183584260647849, 51.5231858525321]}, "properties": {"OBJECTID": 141707, "LOCATION": "Warwick Avenue", "BOROUGH": null, "NB_SPACES": "18", "DAYS_OP": "Mon - Sun", "TIMES_OP": null, "STATION_NEARBY": null, "STATION_NAME": null, "RANK_TYPE": null, "ATCOCODE": null, "RANK_REFERENCE": "TR5702", "LOCATION_DETAILS": null, "AREA_CODE": "WES", "TAXI_STATUS": "A", "START_DATE": null, "RANK_NAME": "Warwick Avenue, W9", "FEATURE_TYPE_CODE": "TTRF", "FEATURE_TYPE_NAME": "TfL Apt - Refreshment Rank", "ACCESSIBLE": null, "NIGHT_TUBE": null, "HIGHWAY_AUTHORITY": "WES", "SECTOR_CODE": "All London", "RANK_LENGTH": null, "TAXI_SHELTER_PRESENT": null, "TAXI_STOP_PRESENT": null, "DATASET_LAST_UPDATED": 1788150607000, "_matched": true}}, {"type": "Feature", "id": 141708, "geometry": {"type": "Point", "coordinates": [-0.304437657627837, 51.3927167100553]}, "properties": {"OBJECTID": 141708, "LOCATION": "Surbiton Parade", "BOROUGH": null, "NB_SPACES": "5", "DAYS_OP": "Mon - Sun", "TIMES_OP": null, "STATION_NEARBY": null, "STATION_NAME": "Surbiton Station", "RANK_TYPE": null, "ATCOCODE": null, "RANK_REFERENCE": "TR4980", "LOCATION_DETAILS": null, "AREA_CODE": "KIN", "TAXI_STATUS": "A", "START_DATE": null, "RANK_NAME": "Surbiton Parade (Surbiton Station), Surbiton, Kt6", "FEATURE_TYPE_CODE": "TTTA", "FEATURE_TYPE_NAME": "TfL Apt - Taxi Rank", "ACCESSIBLE": null, "NIGHT_TUBE": null, "HIGHWAY_AUTHORITY": "KIN", "SECTOR_CODE": "Sector 7", "RANK_LENGTH": null, "TAXI_SHELTER_PRESENT": null, "TAXI_STOP_PRESENT": "PCO4980", "DATASET_LAST_UPDATED": 1788150607000, "_matched": true}}, {"type": "Feature", "id": 141709, "geometry": {"type": "Point", "coordinates": [-0.305093335976075, 51.4092004275489]}, "properties": {"OBJECTID": 141709, "LOCATION": "Union Street", "BOROUGH": null, "NB_SPACES": "2", "DAYS_OP": "Mon - Sun", "TIMES_OP": null, "STATION_NEARBY": null, "STATION_NAME": null, "RANK_TYPE": null, "ATCOCODE": null, "RANK_REFERENCE": "TR5661", "LOCATION_DETAILS": null, "AREA_CODE": "KIN", "TAXI_STATUS": "A", "START_DATE": null, "RANK_NAME": "Union Street, Kingston (The Hippodrome), Kt1", "FEATURE_TYPE_CODE": "TTTA", "FEATURE_TYPE_NAME": "TfL Apt - Taxi Rank", "ACCESSIBLE": null, "NIGHT_TUBE": null, "HIGHWAY_AUTHORITY": "KIN", "SECTOR_CODE": "Sector 7", "RANK_LENGTH": null, "TAXI_SHELTER_PRESENT": null, "TAXI_STOP_PRESENT": null, "DATASET_LAST_UPDATED": 1788150607000, "_matched": false}}, {"type": "Feature", "id": 141710, "geometry": {"type": "Point", "coordinates": [-0.00910416295704982, 51.545605404377]}, "properties": {"OBJECTID": 141710, "LOCATION": "International Way", "BOROUGH": null, "NB_SPACES": "10", "DAYS_OP": "Mon - Sun", "TIMES_OP": null, "STATION_NEARBY": null, "STATION_NAME": "Stratford International", "RANK_TYPE": null, "ATCOCODE": null, "RANK_REFERENCE": "TR6180", "LOCATION_DETAILS": null, "AREA_CODE": "NEW", "TAXI_STATUS": "A", "START_DATE": null, "RANK_NAME": "Stratford International", "FEATURE_TYPE_CODE": "TTTA", "FEATURE_TYPE_NAME": "TfL Apt - Taxi Rank", "ACCESSIBLE": null, "NIGHT_TUBE": null, "HIGHWAY_AUTHORITY": "NEW", "SECTOR_CODE": "Sector 2", "RANK_LENGTH": null, "TAXI_SHELTER_PRESENT": null, "TAXI_STOP_PRESENT": null, "DATASET_LAST_UPDATED": 1788150607000, "_matched": false}}, {"type": "Feature", "id": 141711, "geometry": {"type": "Point", "coordinates": [-0.137061710070783, 51.5176542115317]}, "properties": {"OBJECTID": 141711, "LOCATION": "Berners Street", "BOROUGH": null, "NB_SPACES": "2", "DAYS_OP": "Mon - Sun", "TIMES_OP": null, "STATION_NEARBY": null, "STATION_NAME": null, "RANK_TYPE": null, "ATCOCODE": null, "RANK_REFERENCE": "TR6222", "LOCATION_DETAILS": null, "AREA_CODE": "WES", "TAXI_STATUS": "A", "START_DATE": null, "RANK_NAME": "Sanderson Hotel", "FEATURE_TYPE_CODE": "TTTA", "FEATURE_TYPE_NAME": "TfL Apt - Taxi Rank", "ACCESSIBLE": null, "NIGHT_TUBE": null, "HIGHWAY_AUTHORITY": "WES", "SECTOR_CODE": "All London", "RANK_LENGTH": null, "TAXI_SHELTER_PRESENT": null, "TAXI_STOP_PRESENT": null, "DATASET_LAST_UPDATED": 1788150607000, "_matched": false}}, {"type": "Feature", "id": 141712, "geometry": {"type": "Point", "coordinates": [-0.143199757110786, 51.5109711939014]}, "properties": {"OBJECTID": 141712, "LOCATION": "New Bond Street", "BOROUGH": null, "NB_SPACES": "4", "DAYS_OP": "Mon - Sun", "TIMES_OP": null, "STATION_NEARBY": null, "STATION_NAME": null, "RANK_TYPE": null, "ATCOCODE": null, "RANK_REFERENCE": "TR6053", "LOCATION_DETAILS": null, "AREA_CODE": "WES", "TAXI_STATUS": "A", "START_DATE": null, "RANK_NAME": "Bruton Street - Hermes", "FEATURE_TYPE_CODE": "TTTA", "FEATURE_TYPE_NAME": "TfL Apt - Taxi Rank", "ACCESSIBLE": null, "NIGHT_TUBE": null, "HIGHWAY_AUTHORITY": "WES", "SECTOR_CODE": "All London", "RANK_LENGTH": null, "TAXI_SHELTER_PRESENT": null, "TAXI_STOP_PRESENT": null, "DATASET_LAST_UPDATED": 1788150607000, "_matched": false}}, {"type": "Feature", "id": 141713, "geometry": {"type": "Point", "coordinates": [-0.00201526245319093, 51.5375443902922]}, "properties": {"OBJECTID": 141713, "LOCATION": "Cam Road", "BOROUGH": null, "NB_SPACES": "4", "DAYS_OP": "Mon - Sun", "TIMES_OP": null, "STATION_NEARBY": null, "STATION_NAME": null, "RANK_TYPE": null, "ATCOCODE": null, "RANK_REFERENCE": "TR5485", "LOCATION_DETAILS": null, "AREA_CODE": "NEW", "TAXI_STATUS": "A", "START_DATE": null, "RANK_NAME": "Cam Road (Gala Bingo Club), Stratford, E15", "FEATURE_TYPE_CODE": "TTTA", "FEATURE_TYPE_NAME": "TfL Apt - Taxi Rank", "ACCESSIBLE": null, "NIGHT_TUBE": null, "HIGHWAY_AUTHORITY": "NEW", "SECTOR_CODE": "Sector 2", "RANK_LENGTH": null, "TAXI_SHELTER_PRESENT": null, "TAXI_STOP_PRESENT": null, "DATASET_LAST_UPDATED": 1788150607000, "_matched": false}}, {"type": "Feature", "id": 141714, "geometry": {"type": "Point", "coordinates": [0.219542193249659, 51.5625453594532]}, "properties": {"OBJECTID": 141714, "LOCATION": "High Street", "BOROUGH": null, "NB_SPACES": "2", "DAYS_OP": "Mon - Sun", "TIMES_OP": null, "STATION_NEARBY": null, "STATION_NAME": null, "RANK_TYPE": null, "ATCOCODE": null, "RANK_REFERENCE": "TR5764", "LOCATION_DETAILS": null, "AREA_CODE": "HAV", "TAXI_STATUS": "A", "START_DATE": null, "RANK_NAME": "121 High Street (Shared Loading Bay), Horchurch, Rm11", "FEATURE_TYPE_CODE": "TTTA", "FEATURE_TYPE_NAME": "TfL Apt - Taxi Rank", "ACCESSIBLE": null, "NIGHT_TUBE": null, "HIGHWAY_AUTHORITY": "HAV", "SECTOR_CODE": "Sector 2", "RANK_LENGTH": null, "TAXI_SHELTER_PRESENT": null, "TAXI_STOP_PRESENT": null, "DATASET_LAST_UPDATED": 1788150607000, "_matched": false}}, {"type": "Feature", "id": 141715, "geometry": {"type": "Point", "coordinates": [-0.146050983154738, 51.4939844743188]}, "properties": {"OBJECTID": 141715, "LOCATION": "Eccleston Bridge", "BOROUGH": null, "NB_SPACES": "5", "DAYS_OP": "Mon - Sun", "TIMES_OP": null, "STATION_NEARBY": null, "STATION_NAME": null, "RANK_TYPE": null, "ATCOCODE": null, "RANK_REFERENCE": "TR5654", "LOCATION_DETAILS": null, "AREA_CODE": "WES", "TAXI_STATUS": "A", "START_DATE": null, "RANK_NAME": "Ecclestone Bridge, Sw1 (R0003)", "FEATURE_TYPE_CODE": "TTRE", "FEATURE_TYPE_NAME": "TfL Apt - Rest Rank", "ACCESSIBLE": null, "NIGHT_TUBE": null, "HIGHWAY_AUTHORITY": "WES", "SECTOR_CODE": "All London", "RANK_LENGTH": null, "TAXI_SHELTER_PRESENT": null, "TAXI_STOP_PRESENT": null, "DATASET_LAST_UPDATED": 1788150607000, "_matched": false}}, {"type": "Feature", "id": 141716, "geometry": {"type": "Point", "coordinates": [-0.187838750374326, 51.5024341266867]}, "properties": {"OBJECTID": 141716, "LOCATION": "Kensington High Street", "BOROUGH": null, "NB_SPACES": "2", "DAYS_OP": "Mon - Sun", "TIMES_OP": null, "STATION_NEARBY": null, "STATION_NAME": null, "RANK_TYPE": null, "ATCOCODE": null, "RANK_REFERENCE": "TR5892", "LOCATION_DETAILS": null, "AREA_CODE": "K&C", "TAXI_STATUS": "A", "START_DATE": null, "RANK_NAME": " Kensington High Street (Mahiki), W8.", "FEATURE_TYPE_CODE": "TTTA", "FEATURE_TYPE_NAME": "TfL Apt - Taxi Rank", "ACCESSIBLE": null, "NIGHT_TUBE": null, "HIGHWAY_AUTHORITY": "K&C", "SECTOR_CODE": "All London", "RANK_LENGTH": null, "TAXI_SHELTER_PRESENT": null, "TAXI_STOP_PRESENT": null, "DATASET_LAST_UPDATED": 1788150607000, "_matched": false}}, {"type": "Feature", "id": 141717, "geometry": {"type": "Point", "coordinates": [-0.0424619673903463, 51.5869569701977]}, "properties": {"OBJECTID": 141717, "LOCATION": "Forest Road", "BOROUGH": null, "NB_SPACES": "5", "DAYS_OP": "Mon - Sun", "TIMES_OP": null, "STATION_NEARBY": null, "STATION_NAME": "Blackhorse Road", "RANK_TYPE": null, "ATCOCODE": null, "RANK_REFERENCE": "TR6239", "LOCATION_DETAILS": null, "AREA_CODE": "WF", "TAXI_STATUS": "A", "START_DATE": null, "RANK_NAME": "Blackhorse Road Station", "FEATURE_TYPE_CODE": "TTTA", "FEATURE_TYPE_NAME": "TfL Apt - Taxi Rank", "ACCESSIBLE": null, "NIGHT_TUBE": null, "HIGHWAY_AUTHORITY": "WF", "SECTOR_CODE": "Sector 1", "RANK_LENGTH": null, "TAXI_SHELTER_PRESENT": null, "TAXI_STOP_PRESENT": null, "DATASET_LAST_UPDATED": 1788150607000, "_matched": false}}, {"type": "Feature", "id": 141718, "geometry": {"type": "Point", "coordinates": [0.0819214548734009, 51.5877118266044]}, "properties": {"OBJECTID": 141718, "LOCATION": "Court Way", "BOROUGH": null, "NB_SPACES": "4", "DAYS_OP": "Mon - Sun", "TIMES_OP": null, "STATION_NEARBY": null, "STATION_NAME": null, "RANK_TYPE": null, "ATCOCODE": null, "RANK_REFERENCE": "TR5537", "LOCATION_DETAILS": null, "AREA_CODE": "RED", "TAXI_STATUS": "A", "START_DATE": null, "RANK_NAME": "Court Way, Barkingside, Ig1", "FEATURE_TYPE_CODE": "TTTA", "FEATURE_TYPE_NAME": "TfL Apt - Taxi Rank", "ACCESSIBLE": null, "NIGHT_TUBE": null, "HIGHWAY_AUTHORITY": "RED", "SECTOR_CODE": "Sector 2", "RANK_LENGTH": null, "TAXI_SHELTER_PRESENT": null, "TAXI_STOP_PRESENT": null, "DATASET_LAST_UPDATED": 1788150607000, "_matched": false}}, {"type": "Feature", "id": 141719, "geometry": {"type": "Point", "coordinates": [-0.124545942500502, 51.5307546793424]}, "properties": {"OBJECTID": 141719, "LOCATION": "Pancras Road", "BOROUGH": null, "NB_SPACES": "36", "DAYS_OP": "Mon - Sun", "TIMES_OP": null, "STATION_NEARBY": null, "STATION_NAME": "London King's Cross Station", "RANK_TYPE": null, "ATCOCODE": null, "RANK_REFERENCE": "TR5708", "LOCATION_DETAILS": null, "AREA_CODE": "CDN", "TAXI_STATUS": "A", "START_DATE": null, "RANK_NAME": "Pancras Road (King's Cross Station), Nw1", "FEATURE_TYPE_CODE": "TTTA", "FEATURE_TYPE_NAME": "TfL Apt - Taxi Rank", "ACCESSIBLE": null, "NIGHT_TUBE": null, "HIGHWAY_AUTHORITY": "CDN", "SECTOR_CODE": "All London", "RANK_LENGTH": null, "TAXI_SHELTER_PRESENT": null, "TAXI_STOP_PRESENT": null, "DATASET_LAST_UPDATED": 1788150607000, "_matched": true}}, {"type": "Feature", "id": 141720, "geometry": {"type": "Point", "coordinates": [-0.164086504333671, 51.5165875746556]}, "properties": {"OBJECTID": 141720, "LOCATION": "Nutford Place", "BOROUGH": null, "NB_SPACES": "4", "DAYS_OP": "Mon - Sun", "TIMES_OP": null, "STATION_NEARBY": null, "STATION_NAME": null, "RANK_TYPE": null, "ATCOCODE": null, "RANK_REFERENCE": "TR4574", "LOCATION_DETAILS": null, "AREA_CODE": "WES", "TAXI_STATUS": "A", "START_DATE": null, "RANK_NAME": "Nutford Place (Mariott, Marble Arch), W1", "FEATURE_TYPE_CODE": "TTTA", "FEATURE_TYPE_NAME": "TfL Apt - Taxi Rank", "ACCESSIBLE": null, "NIGHT_TUBE": null, "HIGHWAY_AUTHORITY": "WES", "SECTOR_CODE": "All London", "RANK_LENGTH": null, "TAXI_SHELTER_PRESENT": null, "TAXI_STOP_PRESENT": null, "DATASET_LAST_UPDATED": 1788150607000, "_matched": false}}, {"type": "Feature", "id": 141721, "geometry": {"type": "Point", "coordinates": [0.107854620900326, 51.3566897847167]}, "properties": {"OBJECTID": 141721, "LOCATION": "Station Approach", "BOROUGH": null, "NB_SPACES": "2", "DAYS_OP": "Mon - Sun", "TIMES_OP": null, "STATION_NEARBY": null, "STATION_NAME": "Chelsfield Station", "RANK_TYPE": null, "ATCOCODE": null, "RANK_REFERENCE": "TR6200", "LOCATION_DETAILS": null, "AREA_CODE": "BRO", "TAXI_STATUS": "A", "START_DATE": null, "RANK_NAME": "Chelsfield Station", "FEATURE_TYPE_CODE": "TTTA", "FEATURE_TYPE_NAME": "TfL Apt - Taxi Rank", "ACCESSIBLE": null, "NIGHT_TUBE": null, "HIGHWAY_AUTHORITY": "BRO", "SECTOR_CODE": "Sector 4", "RANK_LENGTH": null, "TAXI_SHELTER_PRESENT": null, "TAXI_STOP_PRESENT": null, "DATASET_LAST_UPDATED": 1788150607000, "_matched": false}}, {"type": "Feature", "id": 141722, "geometry": {"type": "Point", "coordinates": [-0.0173895242691567, 51.503300474859]}, "properties": {"OBJECTID": 141722, "LOCATION": "Upper Bank Street, Canary Wharf", "BOROUGH": null, "NB_SPACES": "4", "DAYS_OP": "Mon - Sun", "TIMES_OP": null, "STATION_NEARBY": null, "STATION_NAME": "Canary Wharf Station", "RANK_TYPE": null, "ATCOCODE": null, "RANK_REFERENCE": "TR5962", "LOCATION_DETAILS": null, "AREA_CODE": "TH", "TAXI_STATUS": "A", "START_DATE": null, "RANK_NAME": "Upper Bank Street (Canary Wharf Station)", "FEATURE_TYPE_CODE": "TPTA", "FEATURE_TYPE_NAME": "Private - Taxi Rank", "ACCESSIBLE": null, "NIGHT_TUBE": null, "HIGHWAY_AUTHORITY": "TH", "SECTOR_CODE": "All London", "RANK_LENGTH": null, "TAXI_SHELTER_PRESENT": null, "TAXI_STOP_PRESENT": null, "DATASET_LAST_UPDATED": 1788150607000, "_matched": true}}, {"type": "Feature", "id": 141723, "geometry": {"type": "Point", "coordinates": [-0.301513756430816, 51.4107312810203]}, "properties": {"OBJECTID": 141723, "LOCATION": "Clarence Street", "BOROUGH": null, "NB_SPACES": "3", "DAYS_OP": "Mon - Sun", "TIMES_OP": null, "STATION_NEARBY": null, "STATION_NAME": null, "RANK_TYPE": null, "ATCOCODE": null, "RANK_REFERENCE": "TR5215", "LOCATION_DETAILS": null, "AREA_CODE": "KIN", "TAXI_STATUS": "A", "START_DATE": null, "RANK_NAME": "Clarence Street (Weston Park), Kingston, Kt1", "FEATURE_TYPE_CODE": "TTTA", "FEATURE_TYPE_NAME": "TfL Apt - Taxi Rank", "ACCESSIBLE": null, "NIGHT_TUBE": null, "HIGHWAY_AUTHORITY": "KIN", "SECTOR_CODE": "Sector 7", "RANK_LENGTH": null, "TAXI_SHELTER_PRESENT": null, "TAXI_STOP_PRESENT": "PCO5215", "DATASET_LAST_UPDATED": 1788150607000, "_matched": true}}, {"type": "Feature", "id": 141724, "geometry": {"type": "Point", "coordinates": [-0.0900048185688296, 51.521024948276]}, "properties": {"OBJECTID": 141724, "LOCATION": "Bunhill Row", "BOROUGH": null, "NB_SPACES": "3", "DAYS_OP": "Mon - Sun", "TIMES_OP": null, "STATION_NEARBY": null, "STATION_NAME": null, "RANK_TYPE": null, "ATCOCODE": null, "RANK_REFERENCE": "TR5477", "LOCATION_DETAILS": null, "AREA_CODE": "ISL", "TAXI_STATUS": "A", "START_DATE": null, "RANK_NAME": "Bunhill Row Ec1", "FEATURE_TYPE_CODE": "TTTA", "FEATURE_TYPE_NAME": "TfL Apt - Taxi Rank", "ACCESSIBLE": null, "NIGHT_TUBE": null, "HIGHWAY_AUTHORITY": "ISL", "SECTOR_CODE": "All London", "RANK_LENGTH": null, "TAXI_SHELTER_PRESENT": null, "TAXI_STOP_PRESENT": "PCO5477", "DATASET_LAST_UPDATED": 1788150607000, "_matched": true}}, {"type": "Feature", "id": 141725, "geometry": {"type": "Point", "coordinates": [-0.137777309794027, 51.5100039575254]}, "properties": {"OBJECTID": 141725, "LOCATION": "Regent Street", "BOROUGH": null, "NB_SPACES": "6", "DAYS_OP": "Mon - Sun", "TIMES_OP": null, "STATION_NEARBY": null, "STATION_NAME": null, "RANK_TYPE": null, "ATCOCODE": null, "RANK_REFERENCE": "TR5975", "LOCATION_DETAILS": null, "AREA_CODE": "WES", "TAXI_STATUS": "A", "START_DATE": null, "RANK_NAME": "Regent Street (Swallow Street), W1", "FEATURE_TYPE_CODE": "TTTA", "FEATURE_TYPE_NAME": "TfL Apt - Taxi Rank", "ACCESSIBLE": null, "NIGHT_TUBE": null, "HIGHWAY_AUTHORITY": "WES", "SECTOR_CODE": "All London", "RANK_LENGTH": null, "TAXI_SHELTER_PRESENT": null, "TAXI_STOP_PRESENT": null, "DATASET_LAST_UPDATED": 1788150607000, "_matched": false}}, {"type": "Feature", "id": 141726, "geometry": {"type": "Point", "coordinates": [0.00903622192654982, 51.4649464047892]}, "properties": {"OBJECTID": 141726, "LOCATION": "Lee Road", "BOROUGH": null, "NB_SPACES": "1", "DAYS_OP": "Mon - Sun", "TIMES_OP": null, "STATION_NEARBY": null, "STATION_NAME": "Blackheath Station", "RANK_TYPE": null, "ATCOCODE": null, "RANK_REFERENCE": "TR6115", "LOCATION_DETAILS": null, "AREA_CODE": "LEW", "TAXI_STATUS": "A", "START_DATE": null, "RANK_NAME": "Blackheath Station", "FEATURE_TYPE_CODE": "TTTA", "FEATURE_TYPE_NAME": "TfL Apt - Taxi Rank", "ACCESSIBLE": null, "NIGHT_TUBE": null, "HIGHWAY_AUTHORITY": "LEW", "SECTOR_CODE": "Sector 3", "RANK_LENGTH": null, "TAXI_SHELTER_PRESENT": null, "TAXI_STOP_PRESENT": null, "DATASET_LAST_UPDATED": 1788150607000, "_matched": false}}, {"type": "Feature", "id": 141727, "geometry": {"type": "Point", "coordinates": [-0.151579839150436, 51.5061666793869]}, "properties": {"OBJECTID": 141727, "LOCATION": "Park Lane Service Road", "BOROUGH": null, "NB_SPACES": "4", "DAYS_OP": "Mon - Sun", "TIMES_OP": null, "STATION_NEARBY": null, "STATION_NAME": null, "RANK_TYPE": null, "ATCOCODE": null, "RANK_REFERENCE": "TR4852", "LOCATION_DETAILS": null, "AREA_CODE": "WES", "TAXI_STATUS": "A", "START_DATE": null, "RANK_NAME": "Park Lane (Curzon Street), W1", "FEATURE_TYPE_CODE": "TTTA", "FEATURE_TYPE_NAME": "TfL Apt - Taxi Rank", "ACCESSIBLE": null, "NIGHT_TUBE": null, "HIGHWAY_AUTHORITY": "WES", "SECTOR_CODE": "All London", "RANK_LENGTH": null, "TAXI_SHELTER_PRESENT": null, "TAXI_STOP_PRESENT": null, "DATASET_LAST_UPDATED": 1788150607000, "_matched": false}}, {"type": "Feature", "id": 141728, "geometry": {"type": "Point", "coordinates": [0.0667885069757959, 51.559310677719]}, "properties": {"OBJECTID": 141728, "LOCATION": "Belgrave Road", "BOROUGH": null, "NB_SPACES": "2", "DAYS_OP": "Mon - Sun", "TIMES_OP": null, "STATION_NEARBY": null, "STATION_NAME": "Ilford Station", "RANK_TYPE": null, "ATCOCODE": null, "RANK_REFERENCE": "TR6012", "LOCATION_DETAILS": null, "AREA_CODE": "RED", "TAXI_STATUS": "A", "START_DATE": null, "RANK_NAME": "Ilford Station Side Entrance", "FEATURE_TYPE_CODE": "TTTA", "FEATURE_TYPE_NAME": "TfL Apt - Taxi Rank", "ACCESSIBLE": null, "NIGHT_TUBE": null, "HIGHWAY_AUTHORITY": "RED", "SECTOR_CODE": "Sector 2", "RANK_LENGTH": null, "TAXI_SHELTER_PRESENT": null, "TAXI_STOP_PRESENT": null, "DATASET_LAST_UPDATED": 1788150607000, "_matched": false}}, {"type": "Feature", "id": 141729, "geometry": {"type": "Point", "coordinates": [-0.0963738977032249, 51.513817544116]}, "properties": {"OBJECTID": 141729, "LOCATION": "New Change", "BOROUGH": null, "NB_SPACES": "2", "DAYS_OP": "Mon - Sun", "TIMES_OP": null, "STATION_NEARBY": null, "STATION_NAME": "St. Paul's Station", "RANK_TYPE": null, "ATCOCODE": null, "RANK_REFERENCE": "TR5918", "LOCATION_DETAILS": null, "AREA_CODE": "CTY", "TAXI_STATUS": "A", "START_DATE": null, "RANK_NAME": "New Change (City Of London)", "FEATURE_TYPE_CODE": "TCTA", "FEATURE_TYPE_NAME": "COL - Taxi Rank", "ACCESSIBLE": null, "NIGHT_TUBE": null, "HIGHWAY_AUTHORITY": "CTY", "SECTOR_CODE": "All London", "RANK_LENGTH": null, "TAXI_SHELTER_PRESENT": null, "TAXI_STOP_PRESENT": null, "DATASET_LAST_UPDATED": 1788150607000, "_matched": false}}, {"type": "Feature", "id": 141730, "geometry": {"type": "Point", "coordinates": [-0.339136991875478, 51.5940481008012]}, "properties": {"OBJECTID": 141730, "LOCATION": "Hailsham Drive", "BOROUGH": null, "NB_SPACES": "3", "DAYS_OP": "Mon - Sun", "TIMES_OP": null, "STATION_NEARBY": null, "STATION_NAME": null, "RANK_TYPE": null, "ATCOCODE": null, "RANK_REFERENCE": "TR4979", "LOCATION_DETAILS": null, "AREA_CODE": "HRW", "TAXI_STATUS": "A", "START_DATE": null, "RANK_NAME": "Hailsham Drive (Harrow Court), Harrow, Ha1", "FEATURE_TYPE_CODE": "TTTA", "FEATURE_TYPE_NAME": "TfL Apt - Taxi Rank", "ACCESSIBLE": null, "NIGHT_TUBE": null, "HIGHWAY_AUTHORITY": "HRW", "SECTOR_CODE": "Sector 9", "RANK_LENGTH": null, "TAXI_SHELTER_PRESENT": null, "TAXI_STOP_PRESENT": null, "DATASET_LAST_UPDATED": 1788150607000, "_matched": false}}, {"type": "Feature", "id": 141731, "geometry": {"type": "Point", "coordinates": [-0.210820835091716, 51.4954311584146]}, "properties": {"OBJECTID": 141731, "LOCATION": "Hammersmith Road", "BOROUGH": null, "NB_SPACES": "5", "DAYS_OP": "Mon - Sun", "TIMES_OP": null, "STATION_NEARBY": null, "STATION_NAME": "Olympia Station", "RANK_TYPE": null, "ATCOCODE": null, "RANK_REFERENCE": "TR3207", "LOCATION_DETAILS": null, "AREA_CODE": "H&F", "TAXI_STATUS": "A", "START_DATE": null, "RANK_NAME": "Hammersmith Road (Olympia), W6", "FEATURE_TYPE_CODE": "TTTA", "FEATURE_TYPE_NAME": "TfL Apt - Taxi Rank", "ACCESSIBLE": null, "NIGHT_TUBE": null, "HIGHWAY_AUTHORITY": "H&F", "SECTOR_CODE": "All London", "RANK_LENGTH": null, "TAXI_SHELTER_PRESENT": null, "TAXI_STOP_PRESENT": null, "DATASET_LAST_UPDATED": 1788150607000, "_matched": false}}, {"type": "Feature", "id": 141732, "geometry": {"type": "Point", "coordinates": [-0.0781317727652381, 51.5099589820293]}, "properties": {"OBJECTID": 141732, "LOCATION": "Muscovy Street", "BOROUGH": null, "NB_SPACES": "2", "DAYS_OP": "Mon - Sun", "TIMES_OP": null, "STATION_NEARBY": null, "STATION_NAME": null, "RANK_TYPE": null, "ATCOCODE": null, "RANK_REFERENCE": "TR6188", "LOCATION_DETAILS": null, "AREA_CODE": "CTY", "TAXI_STATUS": "A", "START_DATE": null, "RANK_NAME": null, "FEATURE_TYPE_CODE": "TCTA", "FEATURE_TYPE_NAME": "COL - Taxi Rank", "ACCESSIBLE": null, "NIGHT_TUBE": null, "HIGHWAY_AUTHORITY": "CTY", "SECTOR_CODE": "All London", "RANK_LENGTH": null, "TAXI_SHELTER_PRESENT": null, "TAXI_STOP_PRESENT": null, "DATASET_LAST_UPDATED": 1788150607000, "_matched": false}}, {"type": "Feature", "id": 141733, "geometry": {"type": "Point", "coordinates": [-0.0726095113457043, 51.5728251836043]}, "properties": {"OBJECTID": 141733, "LOCATION": "Stamford Hill", "BOROUGH": null, "NB_SPACES": "3", "DAYS_OP": "Mon - Sun", "TIMES_OP": null, "STATION_NEARBY": null, "STATION_NAME": null, "RANK_TYPE": null, "ATCOCODE": null, "RANK_REFERENCE": "TR4891", "LOCATION_DETAILS": null, "AREA_CODE": "HAC", "TAXI_STATUS": "A", "START_DATE": null, "RANK_NAME": "Stamford Hill, N15", "FEATURE_TYPE_CODE": "TTTA", "FEATURE_TYPE_NAME": "TfL Apt - Taxi Rank", "ACCESSIBLE": null, "NIGHT_TUBE": null, "HIGHWAY_AUTHORITY": "HAC", "SECTOR_CODE": "All London", "RANK_LENGTH": null, "TAXI_SHELTER_PRESENT": null, "TAXI_STOP_PRESENT": null, "DATASET_LAST_UPDATED": 1788150607000, "_matched": false}}, {"type": "Feature", "id": 141734, "geometry": {"type": "Point", "coordinates": [-0.20715177968372, 51.4218433889801]}, "properties": {"OBJECTID": 141734, "LOCATION": "Alexandra Road", "BOROUGH": null, "NB_SPACES": "2", "DAYS_OP": "Mon - Sun", "TIMES_OP": null, "STATION_NEARBY": null, "STATION_NAME": null, "RANK_TYPE": null, "ATCOCODE": null, "RANK_REFERENCE": "TR5691", "LOCATION_DETAILS": null, "AREA_CODE": "MER", "TAXI_STATUS": "A", "START_DATE": null, "RANK_NAME": "Alexandra Road (North-West Side), Wimbledon, Sw19", "FEATURE_TYPE_CODE": "TTTA", "FEATURE_TYPE_NAME": "TfL Apt - Taxi Rank", "ACCESSIBLE": null, "NIGHT_TUBE": null, "HIGHWAY_AUTHORITY": "MER", "SECTOR_CODE": "Sector 5", "RANK_LENGTH": null, "TAXI_SHELTER_PRESENT": null, "TAXI_STOP_PRESENT": null, "DATASET_LAST_UPDATED": 1788150607000, "_matched": false}}, {"type": "Feature", "id": 141735, "geometry": {"type": "Point", "coordinates": [-0.159105351554836, 51.5014290939559]}, "properties": {"OBJECTID": 141735, "LOCATION": "Seville Street", "BOROUGH": null, "NB_SPACES": "6", "DAYS_OP": "Mon - Sun", "TIMES_OP": null, "STATION_NEARBY": null, "STATION_NAME": null, "RANK_TYPE": null, "ATCOCODE": null, "RANK_REFERENCE": "TR4638", "LOCATION_DETAILS": null, "AREA_CODE": "K&C", "TAXI_STATUS": "A", "START_DATE": null, "RANK_NAME": "Seville Street, (Sheraton Park Tower)", "FEATURE_TYPE_CODE": "TTTA", "FEATURE_TYPE_NAME": "TfL Apt - Taxi Rank", "ACCESSIBLE": null, "NIGHT_TUBE": null, "HIGHWAY_AUTHORITY": "K&C", "SECTOR_CODE": "All London", "RANK_LENGTH": null, "TAXI_SHELTER_PRESENT": null, "TAXI_STOP_PRESENT": null, "DATASET_LAST_UPDATED": 1788150607000, "_matched": false}}, {"type": "Feature", "id": 141736, "geometry": {"type": "Point", "coordinates": [-0.183729424491028, 51.5108414631649]}, "properties": {"OBJECTID": 141736, "LOCATION": "Porchester Terrace", "BOROUGH": null, "NB_SPACES": "2", "DAYS_OP": "Mon - Sun", "TIMES_OP": null, "STATION_NEARBY": null, "STATION_NAME": null, "RANK_TYPE": null, "ATCOCODE": null, "RANK_REFERENCE": "TR4213", "LOCATION_DETAILS": null, "AREA_CODE": "WES", "TAXI_STATUS": "A", "START_DATE": null, "RANK_NAME": "Porchester Terrace (Bayswater Road, Kensington Gardens Hotel ), W2", "FEATURE_TYPE_CODE": "TTTA", "FEATURE_TYPE_NAME": "TfL Apt - Taxi Rank", "ACCESSIBLE": null, "NIGHT_TUBE": null, "HIGHWAY_AUTHORITY": "WES", "SECTOR_CODE": "All London", "RANK_LENGTH": null, "TAXI_SHELTER_PRESENT": null, "TAXI_STOP_PRESENT": null, "DATASET_LAST_UPDATED": 1788150607000, "_matched": false}}, {"type": "Feature", "id": 141737, "geometry": {"type": "Point", "coordinates": [-0.129266782034057, 51.5256773588445]}, "properties": {"OBJECTID": 141737, "LOCATION": "Tavistock Square", "BOROUGH": null, "NB_SPACES": "2", "DAYS_OP": "Mon - Sun", "TIMES_OP": null, "STATION_NEARBY": null, "STATION_NAME": null, "RANK_TYPE": null, "ATCOCODE": null, "RANK_REFERENCE": "TR5449", "LOCATION_DETAILS": null, "AREA_CODE": "CDN", "TAXI_STATUS": "A", "START_DATE": null, "RANK_NAME": "Tavistock Square (North Side,b.m.a), Wc1", "FEATURE_TYPE_CODE": "TTTA", "FEATURE_TYPE_NAME": "TfL Apt - Taxi Rank", "ACCESSIBLE": null, "NIGHT_TUBE": null, "HIGHWAY_AUTHORITY": "CDN", "SECTOR_CODE": "All London", "RANK_LENGTH": null, "TAXI_SHELTER_PRESENT": null, "TAXI_STOP_PRESENT": null, "DATASET_LAST_UPDATED": 1788150607000, "_matched": false}}, {"type": "Feature", "id": 141738, "geometry": {"type": "Point", "coordinates": [-0.0705145033071223, 51.6045701955737]}, "properties": {"OBJECTID": 141738, "LOCATION": "Love Lane", "BOROUGH": null, "NB_SPACES": "2", "DAYS_OP": "Mon - Sun", "TIMES_OP": null, "STATION_NEARBY": null, "STATION_NAME": "White Hart Lane Station", "RANK_TYPE": null, "ATCOCODE": null, "RANK_REFERENCE": "TR6140", "LOCATION_DETAILS": null, "AREA_CODE": "HGY", "TAXI_STATUS": "A", "START_DATE": null, "RANK_NAME": "Love Lane (White Hart Lane Station)", "FEATURE_TYPE_CODE": "TTTA", "FEATURE_TYPE_NAME": "TfL Apt - Taxi Rank", "ACCESSIBLE": null, "NIGHT_TUBE": null, "HIGHWAY_AUTHORITY": "HGY", "SECTOR_CODE": "Sector 1", "RANK_LENGTH": null, "TAXI_SHELTER_PRESENT": null, "TAXI_STOP_PRESENT": null, "DATASET_LAST_UPDATED": 1788150607000, "_matched": false}}, {"type": "Feature", "id": 141739, "geometry": {"type": "Point", "coordinates": [-0.221354227858667, 51.5493839404172]}, "properties": {"OBJECTID": 141739, "LOCATION": "Station Parade, Wilsden Green Station", "BOROUGH": null, "NB_SPACES": "2", "DAYS_OP": "Mon - Sun", "TIMES_OP": null, "STATION_NEARBY": null, "STATION_NAME": "Willesden Green Station", "RANK_TYPE": null, "ATCOCODE": null, "RANK_REFERENCE": "TR5503", "LOCATION_DETAILS": null, "AREA_CODE": "BRE", "TAXI_STATUS": "A", "START_DATE": null, "RANK_NAME": "Station Parade (Willesden Green Station), Willesden Green, Nw2", "FEATURE_TYPE_CODE": "TTTA", "FEATURE_TYPE_NAME": "TfL Apt - Taxi Rank", "ACCESSIBLE": null, "NIGHT_TUBE": null, "HIGHWAY_AUTHORITY": "BRE", "SECTOR_CODE": "Sector 9", "RANK_LENGTH": null, "TAXI_SHELTER_PRESENT": null, "TAXI_STOP_PRESENT": null, "DATASET_LAST_UPDATED": 1788150607000, "_matched": false}}, {"type": "Feature", "id": 141740, "geometry": {"type": "Point", "coordinates": [-0.138314798198087, 51.5243915036854]}, "properties": {"OBJECTID": 141740, "LOCATION": "Warren Street", "BOROUGH": null, "NB_SPACES": "2", "DAYS_OP": "Mon - Sun", "TIMES_OP": null, "STATION_NEARBY": null, "STATION_NAME": null, "RANK_TYPE": null, "ATCOCODE": null, "RANK_REFERENCE": "TR6127", "LOCATION_DETAILS": null, "AREA_CODE": "CDN", "TAXI_STATUS": "A", "START_DATE": null, "RANK_NAME": "R0032 Rest Rank", "FEATURE_TYPE_CODE": "TTRE", "FEATURE_TYPE_NAME": "TfL Apt - Rest Rank", "ACCESSIBLE": null, "NIGHT_TUBE": null, "HIGHWAY_AUTHORITY": "CDN", "SECTOR_CODE": "All London", "RANK_LENGTH": null, "TAXI_SHELTER_PRESENT": null, "TAXI_STOP_PRESENT": null, "DATASET_LAST_UPDATED": 1788150607000, "_matched": false}}, {"type": "Feature", "id": 141741, "geometry": {"type": "Point", "coordinates": [-0.141920966768008, 51.5165442796217]}, "properties": {"OBJECTID": 141741, "LOCATION": "Margaret Street", "BOROUGH": null, "NB_SPACES": "3", "DAYS_OP": "Mon - Sun", "TIMES_OP": null, "STATION_NEARBY": null, "STATION_NAME": null, "RANK_TYPE": null, "ATCOCODE": null, "RANK_REFERENCE": "TR6203", "LOCATION_DETAILS": null, "AREA_CODE": "WES", "TAXI_STATUS": "A", "START_DATE": null, "RANK_NAME": "Margaret Street", "FEATURE_TYPE_CODE": "TTTA", "FEATURE_TYPE_NAME": "TfL Apt - Taxi Rank", "ACCESSIBLE": null, "NIGHT_TUBE": null, "HIGHWAY_AUTHORITY": "WES", "SECTOR_CODE": "All London", "RANK_LENGTH": null, "TAXI_SHELTER_PRESENT": null, "TAXI_STOP_PRESENT": null, "DATASET_LAST_UPDATED": 1788150607000, "_matched": false}}, {"type": "Feature", "id": 141742, "geometry": {"type": "Point", "coordinates": [-0.291162393641812, 51.4843097714096]}, "properties": {"OBJECTID": 141742, "LOCATION": "Kew Green", "BOROUGH": null, "NB_SPACES": "3", "DAYS_OP": "Mon - Sun", "TIMES_OP": null, "STATION_NEARBY": null, "STATION_NAME": null, "RANK_TYPE": null, "ATCOCODE": null, "RANK_REFERENCE": "TR6158", "LOCATION_DETAILS": null, "AREA_CODE": "RIC", "TAXI_STATUS": "A", "START_DATE": null, "RANK_NAME": "Kew Gardens Elizabeth Gate", "FEATURE_TYPE_CODE": "TTTA", "FEATURE_TYPE_NAME": "TfL Apt - Taxi Rank", "ACCESSIBLE": null, "NIGHT_TUBE": null, "HIGHWAY_AUTHORITY": "RIC", "SECTOR_CODE": "Sector 7", "RANK_LENGTH": null, "TAXI_SHELTER_PRESENT": null, "TAXI_STOP_PRESENT": null, "DATASET_LAST_UPDATED": 1788150607000, "_matched": false}}, {"type": "Feature", "id": 141743, "geometry": {"type": "Point", "coordinates": [-0.0833635772029707, 51.5044512118504]}, "properties": {"OBJECTID": 141743, "LOCATION": "Bermondsey Street", "BOROUGH": null, "NB_SPACES": "7", "DAYS_OP": "Mon - Sun", "TIMES_OP": null, "STATION_NEARBY": null, "STATION_NAME": null, "RANK_TYPE": null, "ATCOCODE": null, "RANK_REFERENCE": "TR5884", "LOCATION_DETAILS": null, "AREA_CODE": "SWK", "TAXI_STATUS": "A", "START_DATE": null, "RANK_NAME": "Bermondsey Street, Se1", "FEATURE_TYPE_CODE": "TTTA", "FEATURE_TYPE_NAME": "TfL Apt - Taxi Rank", "ACCESSIBLE": null, "NIGHT_TUBE": null, "HIGHWAY_AUTHORITY": "TFL", "SECTOR_CODE": "All London", "RANK_LENGTH": null, "TAXI_SHELTER_PRESENT": null, "TAXI_STOP_PRESENT": null, "DATASET_LAST_UPDATED": 1788150607000, "_matched": true}}, {"type": "Feature", "id": 141744, "geometry": {"type": "Point", "coordinates": [0.0680723108802145, 51.5771115565749]}, "properties": {"OBJECTID": 141744, "LOCATION": "Cranbrook Road", "BOROUGH": null, "NB_SPACES": "8", "DAYS_OP": "Mon - Sun", "TIMES_OP": null, "STATION_NEARBY": null, "STATION_NAME": null, "RANK_TYPE": null, "ATCOCODE": null, "RANK_REFERENCE": "TR5630", "LOCATION_DETAILS": null, "AREA_CODE": "RED", "TAXI_STATUS": "A", "START_DATE": null, "RANK_NAME": "Cranbrook Road (Faces) Gants Hill, Ig2", "FEATURE_TYPE_CODE": "TTTA", "FEATURE_TYPE_NAME": "TfL Apt - Taxi Rank", "ACCESSIBLE": null, "NIGHT_TUBE": null, "HIGHWAY_AUTHORITY": "RED", "SECTOR_CODE": "Sector 2", "RANK_LENGTH": null, "TAXI_SHELTER_PRESENT": null, "TAXI_STOP_PRESENT": null, "DATASET_LAST_UPDATED": 1788150607000, "_matched": false}}, {"type": "Feature", "id": 141745, "geometry": {"type": "Point", "coordinates": [-0.00805804982224927, 51.5464419450729]}, "properties": {"OBJECTID": 141745, "LOCATION": "Celebration Avenue", "BOROUGH": null, "NB_SPACES": "2", "DAYS_OP": "Mon - Sun", "TIMES_OP": null, "STATION_NEARBY": null, "STATION_NAME": "Stratford International", "RANK_TYPE": null, "ATCOCODE": null, "RANK_REFERENCE": "TR6169", "LOCATION_DETAILS": null, "AREA_CODE": "NEW", "TAXI_STATUS": "A", "START_DATE": null, "RANK_NAME": "The Gantry London By Hilton", "FEATURE_TYPE_CODE": "TTTA", "FEATURE_TYPE_NAME": "TfL Apt - Taxi Rank", "ACCESSIBLE": null, "NIGHT_TUBE": null, "HIGHWAY_AUTHORITY": "NEW", "SECTOR_CODE": "Sector 2", "RANK_LENGTH": null, "TAXI_SHELTER_PRESENT": null, "TAXI_STOP_PRESENT": null, "DATASET_LAST_UPDATED": 1788150607000, "_matched": false}}, {"type": "Feature", "id": 141746, "geometry": {"type": "Point", "coordinates": [-0.131375991208736, 51.5079597592704]}, "properties": {"OBJECTID": 141746, "LOCATION": "Haymarket", "BOROUGH": null, "NB_SPACES": "2", "DAYS_OP": "Mon - Sun", "TIMES_OP": null, "STATION_NEARBY": null, "STATION_NAME": null, "RANK_TYPE": null, "ATCOCODE": null, "RANK_REFERENCE": "TR5855", "LOCATION_DETAILS": null, "AREA_CODE": "WES", "TAXI_STATUS": "A", "START_DATE": null, "RANK_NAME": "Haymarket (Sports Bar), Sw1", "FEATURE_TYPE_CODE": "TTTA", "FEATURE_TYPE_NAME": "TfL Apt - Taxi Rank", "ACCESSIBLE": null, "NIGHT_TUBE": null, "HIGHWAY_AUTHORITY": "WES", "SECTOR_CODE": "All London", "RANK_LENGTH": null, "TAXI_SHELTER_PRESENT": null, "TAXI_STOP_PRESENT": null, "DATASET_LAST_UPDATED": 1788150607000, "_matched": false}}, {"type": "Feature", "id": 141747, "geometry": {"type": "Point", "coordinates": [-0.256908840669044, 51.4042941628949]}, "properties": {"OBJECTID": 141747, "LOCATION": "Coombe Road", "BOROUGH": null, "NB_SPACES": "2", "DAYS_OP": "Mon - Sat", "TIMES_OP": null, "STATION_NEARBY": null, "STATION_NAME": "New Malden", "RANK_TYPE": null, "ATCOCODE": null, "RANK_REFERENCE": "TR6150", "LOCATION_DETAILS": null, "AREA_CODE": "KIN", "TAXI_STATUS": "A", "START_DATE": null, "RANK_NAME": "New Malden Station", "FEATURE_TYPE_CODE": "TTTA", "FEATURE_TYPE_NAME": "TfL Apt - Taxi Rank", "ACCESSIBLE": null, "NIGHT_TUBE": null, "HIGHWAY_AUTHORITY": "KIN", "SECTOR_CODE": "Sector 7", "RANK_LENGTH": null, "TAXI_SHELTER_PRESENT": null, "TAXI_STOP_PRESENT": null, "DATASET_LAST_UPDATED": 1788150607000, "_matched": false}}, {"type": "Feature", "id": 141749, "geometry": {"type": "Point", "coordinates": [-0.108434890948484, 51.3885115499717]}, "properties": {"OBJECTID": 141749, "LOCATION": "Mayday Road", "BOROUGH": null, "NB_SPACES": "2", "DAYS_OP": "Mon - Sun", "TIMES_OP": null, "STATION_NEARBY": null, "STATION_NAME": null, "RANK_TYPE": null, "ATCOCODE": null, "RANK_REFERENCE": "TR5012", "LOCATION_DETAILS": null, "AREA_CODE": "CRO", "TAXI_STATUS": "A", "START_DATE": null, "RANK_NAME": "Mayday Road (Mayday Hospital), Croydon, Cr7", "FEATURE_TYPE_CODE": "TTTA", "FEATURE_TYPE_NAME": "TfL Apt - Taxi Rank", "ACCESSIBLE": null, "NIGHT_TUBE": null, "HIGHWAY_AUTHORITY": "CRO", "SECTOR_CODE": "Sector 5", "RANK_LENGTH": null, "TAXI_SHELTER_PRESENT": null, "TAXI_STOP_PRESENT": null, "DATASET_LAST_UPDATED": 1788150607000, "_matched": false}}, {"type": "Feature", "id": 141750, "geometry": {"type": "Point", "coordinates": [0.0106362048520127, 51.3761779023723]}, "properties": {"OBJECTID": 141750, "LOCATION": "Station Approach", "BOROUGH": null, "NB_SPACES": "2", "DAYS_OP": "Mon - Sun", "TIMES_OP": null, "STATION_NEARBY": null, "STATION_NAME": "Hayes (Kent) Station", "RANK_TYPE": null, "ATCOCODE": null, "RANK_REFERENCE": "TR5531", "LOCATION_DETAILS": null, "AREA_CODE": "BRO", "TAXI_STATUS": "A", "START_DATE": null, "RANK_NAME": "Station Approach (Hayes Station), Kent, Br2", "FEATURE_TYPE_CODE": "TTTA", "FEATURE_TYPE_NAME": "TfL Apt - Taxi Rank", "ACCESSIBLE": null, "NIGHT_TUBE": null, "HIGHWAY_AUTHORITY": "BRO", "SECTOR_CODE": "Sector 4", "RANK_LENGTH": null, "TAXI_SHELTER_PRESENT": null, "TAXI_STOP_PRESENT": null, "DATASET_LAST_UPDATED": 1788150607000, "_matched": false}}]}